uid,first_name,last_name,age,dgraph.type
3351,fs0,ls0,32,User
3352,fs1,ls1,82,User
3353,fs2,ls2,39,User
3354,fs3,ls3,11,User
3355,fs4,ls4,79,User
3356,fs5,ls5,69,User
3357,fs6,ls6,61,User
3358,fs7,ls7,43,User
3359,fs8,ls8,78,User
3360,fs9,ls9,38,User
3361,fs10,ls10,48,User
3362,fs11,ls11,78,User
3363,fs12,ls12,60,User
3364,fs13,ls13,25,User
3365,fs14,ls14,85,User
3366,fs15,ls15,32,User
3367,fs16,ls16,94,User
3368,fs17,ls17,70,User
3369,fs18,ls18,79,User
3370,fs19,ls19,10,User
3371,fs20,ls20,78,User
3372,fs21,ls21,57,User
3373,fs22,ls22,49,User
3374,fs23,ls23,61,User
3375,fs24,ls24,19,User
3376,fs25,ls25,71,User
3377,fs26,ls26,70,User
3378,fs27,ls27,54,User
3379,fs28,ls28,17,User
3380,fs29,ls29,6,User
3381,fs30,ls30,77,User
3382,fs31,ls31,35,User
3383,fs32,ls32,61,User
3384,fs33,ls33,5,User
3385,fs34,ls34,51,User
3386,fs35,ls35,88,User
3387,fs36,ls36,43,User
3388,fs37,ls37,55,User
3389,fs38,ls38,73,User
3390,fs39,ls39,29,User
3391,fs40,ls40,79,User
3392,fs41,ls41,45,User
3393,fs42,ls42,75,User
3394,fs43,ls43,27,User
3395,fs44,ls44,36,User
3396,fs45,ls45,7,User
3397,fs46,ls46,23,User
3398,fs47,ls47,50,User
3399,fs48,ls48,58,User
3400,fs49,ls49,50,User
3401,fs50,ls50,43,User
3402,fs51,ls51,76,User
3403,fs52,ls52,91,User
3404,fs53,ls53,12,User
3405,fs54,ls54,66,User
3406,fs55,ls55,38,User
3407,fs56,ls56,94,User
3408,fs57,ls57,42,User
3409,fs58,ls58,55,User
3410,fs59,ls59,28,User
3411,fs60,ls60,82,User
3412,fs61,ls61,73,User
3413,fs62,ls62,91,User
3414,fs63,ls63,48,User
3415,fs64,ls64,71,User
3416,fs65,ls65,14,User
3417,fs66,ls66,22,User
3418,fs67,ls67,86,User
3419,fs68,ls68,57,User
3420,fs69,ls69,15,User
3421,fs70,ls70,98,User
3422,fs71,ls71,36,User
3423,fs72,ls72,14,User
3424,fs73,ls73,99,User
3425,fs74,ls74,29,User
3426,fs75,ls75,84,User
3427,fs76,ls76,91,User
3428,fs77,ls77,56,User
3429,fs78,ls78,67,User
3430,fs79,ls79,52,User
3431,fs80,ls80,82,User
3432,fs81,ls81,97,User
3433,fs82,ls82,69,User
3434,fs83,ls83,25,User
3435,fs84,ls84,53,User
3436,fs85,ls85,53,User
3437,fs86,ls86,8,User
3438,fs87,ls87,54,User
3439,fs88,ls88,92,User
3440,fs89,ls89,11,User
3441,fs90,ls90,47,User
3442,fs91,ls91,44,User
3443,fs92,ls92,13,User
3444,fs93,ls93,98,User
3445,fs94,ls94,20,User
3446,fs95,ls95,73,User
3447,fs96,ls96,48,User
3448,fs97,ls97,74,User
3449,fs98,ls98,38,User
3450,fs99,ls99,27,User
3451,fs100,ls100,92,User
3452,fs101,ls101,68,User
3453,fs102,ls102,34,User
3454,fs103,ls103,8,User
3455,fs104,ls104,58,User
3456,fs105,ls105,85,User
3457,fs106,ls106,56,User
3458,fs107,ls107,35,User
3459,fs108,ls108,18,User
3460,fs109,ls109,7,User
3461,fs110,ls110,17,User
3462,fs111,ls111,68,User
3463,fs112,ls112,78,User
3464,fs113,ls113,47,User
3465,fs114,ls114,94,User
3466,fs115,ls115,52,User
3467,fs116,ls116,41,User
3468,fs117,ls117,80,User
3469,fs118,ls118,71,User
3470,fs119,ls119,87,User
3471,fs120,ls120,10,User
3472,fs121,ls121,23,User
3473,fs122,ls122,19,User
3474,fs123,ls123,41,User
3475,fs124,ls124,38,User
3476,fs125,ls125,97,User
3477,fs126,ls126,55,User
3478,fs127,ls127,11,User
3479,fs128,ls128,8,User
3480,fs129,ls129,99,User
3481,fs130,ls130,70,User
3482,fs131,ls131,57,User
3483,fs132,ls132,73,User
3484,fs133,ls133,67,User
3485,fs134,ls134,88,User
3486,fs135,ls135,70,User
3487,fs136,ls136,20,User
3488,fs137,ls137,30,User
3489,fs138,ls138,14,User
3490,fs139,ls139,89,User
3491,fs140,ls140,38,User
3492,fs141,ls141,38,User
3493,fs142,ls142,87,User
3494,fs143,ls143,42,User
3495,fs144,ls144,32,User
3496,fs145,ls145,22,User
3497,fs146,ls146,59,User
3498,fs147,ls147,30,User
3499,fs148,ls148,79,User
3500,fs149,ls149,13,User
3501,fs150,ls150,69,User
3502,fs151,ls151,43,User
3503,fs152,ls152,59,User
3504,fs153,ls153,84,User
3505,fs154,ls154,18,User
3506,fs155,ls155,34,User
3507,fs156,ls156,97,User
3508,fs157,ls157,77,User
3509,fs158,ls158,81,User
3510,fs159,ls159,90,User
3511,fs160,ls160,28,User
3512,fs161,ls161,71,User
3513,fs162,ls162,46,User
3514,fs163,ls163,38,User
3515,fs164,ls164,91,User
3516,fs165,ls165,52,User
3517,fs166,ls166,21,User
3518,fs167,ls167,59,User
3519,fs168,ls168,5,User
3520,fs169,ls169,51,User
3521,fs170,ls170,34,User
3522,fs171,ls171,85,User
3523,fs172,ls172,19,User
3524,fs173,ls173,42,User
3525,fs174,ls174,71,User
3526,fs175,ls175,92,User
3527,fs176,ls176,15,User
3528,fs177,ls177,31,User
3529,fs178,ls178,63,User
3530,fs179,ls179,52,User
3531,fs180,ls180,68,User
3532,fs181,ls181,59,User
3533,fs182,ls182,72,User
3534,fs183,ls183,43,User
3535,fs184,ls184,34,User
3536,fs185,ls185,95,User
3537,fs186,ls186,35,User
3538,fs187,ls187,83,User
3539,fs188,ls188,34,User
3540,fs189,ls189,89,User
3541,fs190,ls190,71,User
3542,fs191,ls191,11,User
3543,fs192,ls192,81,User
3544,fs193,ls193,31,User
3545,fs194,ls194,82,User
3546,fs195,ls195,87,User
3547,fs196,ls196,73,User
3548,fs197,ls197,31,User
3549,fs198,ls198,91,User
3550,fs199,ls199,94,User
3551,fs200,ls200,57,User
3552,fs201,ls201,60,User
3553,fs202,ls202,9,User
3554,fs203,ls203,98,User
3555,fs204,ls204,99,User
3556,fs205,ls205,56,User
3557,fs206,ls206,56,User
3558,fs207,ls207,17,User
3559,fs208,ls208,45,User
3560,fs209,ls209,95,User
3561,fs210,ls210,60,User
3562,fs211,ls211,57,User
3563,fs212,ls212,83,User
3564,fs213,ls213,98,User
3565,fs214,ls214,49,User
3566,fs215,ls215,65,User
3567,fs216,ls216,70,User
3568,fs217,ls217,71,User
3569,fs218,ls218,40,User
3570,fs219,ls219,14,User
3571,fs220,ls220,57,User
3572,fs221,ls221,18,User
3573,fs222,ls222,53,User
3574,fs223,ls223,55,User
3575,fs224,ls224,61,User
3576,fs225,ls225,68,User
3577,fs226,ls226,75,User
3578,fs227,ls227,24,User
3579,fs228,ls228,79,User
3580,fs229,ls229,17,User
3581,fs230,ls230,89,User
3582,fs231,ls231,61,User
3583,fs232,ls232,8,User
3584,fs233,ls233,43,User
3585,fs234,ls234,91,User
3586,fs235,ls235,15,User
3587,fs236,ls236,11,User
3588,fs237,ls237,78,User
3589,fs238,ls238,7,User
3590,fs239,ls239,84,User
3591,fs240,ls240,81,User
3592,fs241,ls241,5,User
3593,fs242,ls242,80,User
3594,fs243,ls243,6,User
3595,fs244,ls244,85,User
3596,fs245,ls245,60,User
3597,fs246,ls246,19,User
3598,fs247,ls247,76,User
3599,fs248,ls248,40,User
3600,fs249,ls249,88,User
3601,fs250,ls250,82,User
3602,fs251,ls251,10,User
3603,fs252,ls252,14,User
3604,fs253,ls253,65,User
3605,fs254,ls254,49,User
3606,fs255,ls255,34,User
3607,fs256,ls256,65,User
3608,fs257,ls257,26,User
3609,fs258,ls258,94,User
3610,fs259,ls259,22,User
3611,fs260,ls260,9,User
3612,fs261,ls261,93,User
3613,fs262,ls262,84,User
3614,fs263,ls263,99,User
3615,fs264,ls264,37,User
3616,fs265,ls265,22,User
3617,fs266,ls266,96,User
3618,fs267,ls267,48,User
3619,fs268,ls268,97,User
3620,fs269,ls269,77,User
3621,fs270,ls270,10,User
3622,fs271,ls271,8,User
3623,fs272,ls272,65,User
3624,fs273,ls273,85,User
3625,fs274,ls274,55,User
3626,fs275,ls275,90,User
3627,fs276,ls276,21,User
3628,fs277,ls277,78,User
3629,fs278,ls278,34,User
3630,fs279,ls279,65,User
3631,fs280,ls280,54,User
3632,fs281,ls281,95,User
3633,fs282,ls282,82,User
3634,fs283,ls283,15,User
3635,fs284,ls284,43,User
3636,fs285,ls285,79,User
3637,fs286,ls286,96,User
3638,fs287,ls287,25,User
3639,fs288,ls288,89,User
3640,fs289,ls289,41,User
3641,fs290,ls290,23,User
3642,fs291,ls291,81,User
3643,fs292,ls292,94,User
3644,fs293,ls293,47,User
3645,fs294,ls294,13,User
3646,fs295,ls295,28,User
3647,fs296,ls296,64,User
3648,fs297,ls297,48,User
3649,fs298,ls298,32,User
3650,fs299,ls299,92,User
3651,fs300,ls300,67,User
3652,fs301,ls301,30,User
3653,fs302,ls302,24,User
3654,fs303,ls303,98,User
3655,fs304,ls304,63,User
3656,fs305,ls305,60,User
3657,fs306,ls306,49,User
3658,fs307,ls307,47,User
3659,fs308,ls308,34,User
3660,fs309,ls309,46,User
3661,fs310,ls310,93,User
3662,fs311,ls311,15,User
3663,fs312,ls312,80,User
3664,fs313,ls313,94,User
3665,fs314,ls314,20,User
3666,fs315,ls315,67,User
3667,fs316,ls316,83,User
3668,fs317,ls317,96,User
3669,fs318,ls318,72,User
3670,fs319,ls319,38,User
3671,fs320,ls320,30,User
3672,fs321,ls321,25,User
3673,fs322,ls322,29,User
3674,fs323,ls323,42,User
3675,fs324,ls324,36,User
3676,fs325,ls325,39,User
3677,fs326,ls326,86,User
3678,fs327,ls327,36,User
3679,fs328,ls328,9,User
3680,fs329,ls329,98,User
3681,fs330,ls330,57,User
3682,fs331,ls331,6,User
3683,fs332,ls332,82,User
3684,fs333,ls333,78,User
3685,fs334,ls334,64,User
3686,fs335,ls335,31,User
3687,fs336,ls336,50,User
3688,fs337,ls337,82,User
3689,fs338,ls338,30,User
3690,fs339,ls339,11,User
3691,fs340,ls340,10,User
3692,fs341,ls341,56,User
3693,fs342,ls342,73,User
3694,fs343,ls343,23,User
3695,fs344,ls344,63,User
3696,fs345,ls345,67,User
3697,fs346,ls346,23,User
3698,fs347,ls347,63,User
3699,fs348,ls348,17,User
3700,fs349,ls349,93,User
3701,fs350,ls350,22,User
3702,fs351,ls351,7,User
3703,fs352,ls352,57,User
3704,fs353,ls353,90,User
3705,fs354,ls354,87,User
3706,fs355,ls355,18,User
3707,fs356,ls356,70,User
3708,fs357,ls357,60,User
3709,fs358,ls358,98,User
3710,fs359,ls359,10,User
3711,fs360,ls360,26,User
3712,fs361,ls361,16,User
3713,fs362,ls362,80,User
3714,fs363,ls363,68,User
3715,fs364,ls364,20,User
3716,fs365,ls365,49,User
3717,fs366,ls366,58,User
3718,fs367,ls367,62,User
3719,fs368,ls368,43,User
3720,fs369,ls369,90,User
3721,fs370,ls370,25,User
3722,fs371,ls371,63,User
3723,fs372,ls372,13,User
3724,fs373,ls373,77,User
3725,fs374,ls374,30,User
3726,fs375,ls375,59,User
3727,fs376,ls376,93,User
3728,fs377,ls377,44,User
3729,fs378,ls378,5,User
3730,fs379,ls379,44,User
3731,fs380,ls380,19,User
3732,fs381,ls381,93,User
3733,fs382,ls382,17,User
3734,fs383,ls383,79,User
3735,fs384,ls384,46,User
3736,fs385,ls385,18,User
3737,fs386,ls386,52,User
3738,fs387,ls387,19,User
3739,fs388,ls388,13,User
3740,fs389,ls389,72,User
3741,fs390,ls390,16,User
3742,fs391,ls391,41,User
3743,fs392,ls392,38,User
3744,fs393,ls393,10,User
3745,fs394,ls394,10,User
3746,fs395,ls395,81,User
3747,fs396,ls396,94,User
3748,fs397,ls397,83,User
3749,fs398,ls398,58,User
3750,fs399,ls399,57,User
3751,fs400,ls400,96,User
3752,fs401,ls401,22,User
3753,fs402,ls402,81,User
3754,fs403,ls403,45,User
3755,fs404,ls404,35,User
3756,fs405,ls405,76,User
3757,fs406,ls406,40,User
3758,fs407,ls407,37,User
3759,fs408,ls408,44,User
3760,fs409,ls409,55,User
3761,fs410,ls410,88,User
3762,fs411,ls411,47,User
3763,fs412,ls412,51,User
3764,fs413,ls413,99,User
3765,fs414,ls414,50,User
3766,fs415,ls415,39,User
3767,fs416,ls416,32,User
3768,fs417,ls417,41,User
3769,fs418,ls418,57,User
3770,fs419,ls419,79,User
3771,fs420,ls420,95,User
3772,fs421,ls421,70,User
3773,fs422,ls422,37,User
3774,fs423,ls423,40,User
3775,fs424,ls424,95,User
3776,fs425,ls425,19,User
3777,fs426,ls426,97,User
3778,fs427,ls427,48,User
3779,fs428,ls428,20,User
3780,fs429,ls429,54,User
3781,fs430,ls430,96,User
3782,fs431,ls431,69,User
3783,fs432,ls432,10,User
3784,fs433,ls433,91,User
3785,fs434,ls434,65,User
3786,fs435,ls435,5,User
3787,fs436,ls436,80,User
3788,fs437,ls437,57,User
3789,fs438,ls438,43,User
3790,fs439,ls439,88,User
3791,fs440,ls440,24,User
3792,fs441,ls441,61,User
3793,fs442,ls442,10,User
3794,fs443,ls443,83,User
3795,fs444,ls444,11,User
3796,fs445,ls445,24,User
3797,fs446,ls446,47,User
3798,fs447,ls447,50,User
3799,fs448,ls448,19,User
3800,fs449,ls449,62,User
3801,fs450,ls450,36,User
3802,fs451,ls451,63,User
3803,fs452,ls452,46,User
3804,fs453,ls453,58,User
3805,fs454,ls454,98,User
3806,fs455,ls455,33,User
3807,fs456,ls456,56,User
3808,fs457,ls457,99,User
3809,fs458,ls458,39,User
3810,fs459,ls459,57,User
3811,fs460,ls460,19,User
3812,fs461,ls461,25,User
3813,fs462,ls462,66,User
3814,fs463,ls463,95,User
3815,fs464,ls464,50,User
3816,fs465,ls465,49,User
3817,fs466,ls466,97,User
3818,fs467,ls467,44,User
3819,fs468,ls468,42,User
3820,fs469,ls469,61,User
3821,fs470,ls470,79,User
3822,fs471,ls471,70,User
3823,fs472,ls472,11,User
3824,fs473,ls473,10,User
3825,fs474,ls474,37,User
3826,fs475,ls475,87,User
3827,fs476,ls476,77,User
3828,fs477,ls477,66,User
3829,fs478,ls478,83,User
3830,fs479,ls479,53,User
3831,fs480,ls480,9,User
3832,fs481,ls481,6,User
3833,fs482,ls482,43,User
3834,fs483,ls483,73,User
3835,fs484,ls484,69,User
3836,fs485,ls485,26,User
3837,fs486,ls486,13,User
3838,fs487,ls487,50,User
3839,fs488,ls488,29,User
3840,fs489,ls489,76,User
3841,fs490,ls490,98,User
3842,fs491,ls491,60,User
3843,fs492,ls492,77,User
3844,fs493,ls493,67,User
3845,fs494,ls494,64,User
3846,fs495,ls495,73,User
3847,fs496,ls496,93,User
3848,fs497,ls497,18,User
3849,fs498,ls498,50,User
3850,fs499,ls499,41,User
3851,fs500,ls500,54,User
3852,fs501,ls501,97,User
3853,fs502,ls502,16,User
3854,fs503,ls503,98,User
3855,fs504,ls504,96,User
3856,fs505,ls505,26,User
3857,fs506,ls506,80,User
3858,fs507,ls507,15,User
3859,fs508,ls508,44,User
3860,fs509,ls509,95,User
3861,fs510,ls510,66,User
3862,fs511,ls511,76,User
3863,fs512,ls512,90,User
3864,fs513,ls513,46,User
3865,fs514,ls514,68,User
3866,fs515,ls515,99,User
3867,fs516,ls516,21,User
3868,fs517,ls517,79,User
3869,fs518,ls518,97,User
3870,fs519,ls519,24,User
3871,fs520,ls520,84,User
3872,fs521,ls521,60,User
3873,fs522,ls522,39,User
3874,fs523,ls523,33,User
3875,fs524,ls524,39,User
3876,fs525,ls525,8,User
3877,fs526,ls526,8,User
3878,fs527,ls527,18,User
3879,fs528,ls528,28,User
3880,fs529,ls529,94,User
3881,fs530,ls530,8,User
3882,fs531,ls531,67,User
3883,fs532,ls532,17,User
3884,fs533,ls533,55,User
3885,fs534,ls534,83,User
3886,fs535,ls535,36,User
3887,fs536,ls536,96,User
3888,fs537,ls537,47,User
3889,fs538,ls538,25,User
3890,fs539,ls539,94,User
3891,fs540,ls540,52,User
3892,fs541,ls541,49,User
3893,fs542,ls542,72,User
3894,fs543,ls543,69,User
3895,fs544,ls544,89,User
3896,fs545,ls545,23,User
3897,fs546,ls546,32,User
3898,fs547,ls547,25,User
3899,fs548,ls548,13,User
3900,fs549,ls549,47,User
3901,fs550,ls550,73,User
3902,fs551,ls551,95,User
3903,fs552,ls552,67,User
3904,fs553,ls553,33,User
3905,fs554,ls554,41,User
3906,fs555,ls555,20,User
3907,fs556,ls556,80,User
3908,fs557,ls557,15,User
3909,fs558,ls558,98,User
3910,fs559,ls559,70,User
3911,fs560,ls560,91,User
3912,fs561,ls561,61,User
3913,fs562,ls562,5,User
3914,fs563,ls563,72,User
3915,fs564,ls564,40,User
3916,fs565,ls565,73,User
3917,fs566,ls566,73,User
3918,fs567,ls567,49,User
3919,fs568,ls568,9,User
3920,fs569,ls569,22,User
3921,fs570,ls570,68,User
3922,fs571,ls571,72,User
3923,fs572,ls572,63,User
3924,fs573,ls573,12,User
3925,fs574,ls574,32,User
3926,fs575,ls575,40,User
3927,fs576,ls576,68,User
3928,fs577,ls577,79,User
3929,fs578,ls578,42,User
3930,fs579,ls579,48,User
3931,fs580,ls580,67,User
3932,fs581,ls581,78,User
3933,fs582,ls582,60,User
3934,fs583,ls583,69,User
3935,fs584,ls584,57,User
3936,fs585,ls585,63,User
3937,fs586,ls586,23,User
3938,fs587,ls587,53,User
3939,fs588,ls588,42,User
3940,fs589,ls589,30,User
3941,fs590,ls590,85,User
3942,fs591,ls591,9,User
3943,fs592,ls592,55,User
3944,fs593,ls593,40,User
3945,fs594,ls594,31,User
3946,fs595,ls595,52,User
3947,fs596,ls596,5,User
3948,fs597,ls597,27,User
3949,fs598,ls598,83,User
3950,fs599,ls599,83,User
3951,fs600,ls600,78,User
3952,fs601,ls601,20,User
3953,fs602,ls602,66,User
3954,fs603,ls603,14,User
3955,fs604,ls604,8,User
3956,fs605,ls605,97,User
3957,fs606,ls606,79,User
3958,fs607,ls607,61,User
3959,fs608,ls608,46,User
3960,fs609,ls609,65,User
3961,fs610,ls610,99,User
3962,fs611,ls611,61,User
3963,fs612,ls612,89,User
3964,fs613,ls613,85,User
3965,fs614,ls614,63,User
3966,fs615,ls615,5,User
3967,fs616,ls616,36,User
3968,fs617,ls617,12,User
3969,fs618,ls618,33,User
3970,fs619,ls619,77,User
3971,fs620,ls620,67,User
3972,fs621,ls621,64,User
3973,fs622,ls622,66,User
3974,fs623,ls623,36,User
3975,fs624,ls624,7,User
3976,fs625,ls625,85,User
3977,fs626,ls626,78,User
3978,fs627,ls627,60,User
3979,fs628,ls628,16,User
3980,fs629,ls629,71,User
3981,fs630,ls630,94,User
3982,fs631,ls631,19,User
3983,fs632,ls632,17,User
3984,fs633,ls633,38,User
3985,fs634,ls634,40,User
3986,fs635,ls635,51,User
3987,fs636,ls636,42,User
3988,fs637,ls637,46,User
3989,fs638,ls638,69,User
3990,fs639,ls639,50,User
3991,fs640,ls640,95,User
3992,fs641,ls641,43,User
3993,fs642,ls642,32,User
3994,fs643,ls643,43,User
3995,fs644,ls644,55,User
3996,fs645,ls645,12,User
3997,fs646,ls646,32,User
3998,fs647,ls647,9,User
3999,fs648,ls648,13,User
4000,fs649,ls649,96,User
4001,fs650,ls650,66,User
4002,fs651,ls651,79,User
4003,fs652,ls652,22,User
4004,fs653,ls653,55,User
4005,fs654,ls654,15,User
4006,fs655,ls655,32,User
4007,fs656,ls656,68,User
4008,fs657,ls657,88,User
4009,fs658,ls658,43,User
4010,fs659,ls659,42,User
4011,fs660,ls660,40,User
4012,fs661,ls661,80,User
4013,fs662,ls662,82,User
4014,fs663,ls663,7,User
4015,fs664,ls664,33,User
4016,fs665,ls665,88,User
4017,fs666,ls666,78,User
4018,fs667,ls667,90,User
4019,fs668,ls668,72,User
4020,fs669,ls669,44,User
4021,fs670,ls670,39,User
4022,fs671,ls671,59,User
4023,fs672,ls672,25,User
4024,fs673,ls673,18,User
4025,fs674,ls674,69,User
4026,fs675,ls675,80,User
4027,fs676,ls676,63,User
4028,fs677,ls677,78,User
4029,fs678,ls678,44,User
4030,fs679,ls679,77,User
4031,fs680,ls680,86,User
4032,fs681,ls681,10,User
4033,fs682,ls682,60,User
4034,fs683,ls683,81,User
4035,fs684,ls684,39,User
4036,fs685,ls685,41,User
4037,fs686,ls686,35,User
4038,fs687,ls687,76,User
4039,fs688,ls688,97,User
4040,fs689,ls689,98,User
4041,fs690,ls690,43,User
4042,fs691,ls691,16,User
4043,fs692,ls692,44,User
4044,fs693,ls693,44,User
4045,fs694,ls694,27,User
4046,fs695,ls695,56,User
4047,fs696,ls696,90,User
4048,fs697,ls697,48,User
4049,fs698,ls698,13,User
4050,fs699,ls699,24,User
4051,fs700,ls700,57,User
4052,fs701,ls701,41,User
4053,fs702,ls702,84,User
4054,fs703,ls703,18,User
4055,fs704,ls704,91,User
4056,fs705,ls705,6,User
4057,fs706,ls706,86,User
4058,fs707,ls707,40,User
4059,fs708,ls708,22,User
4060,fs709,ls709,37,User
4061,fs710,ls710,37,User
4062,fs711,ls711,97,User
4063,fs712,ls712,38,User
4064,fs713,ls713,56,User
4065,fs714,ls714,50,User
4066,fs715,ls715,16,User
4067,fs716,ls716,22,User
4068,fs717,ls717,8,User
4069,fs718,ls718,83,User
4070,fs719,ls719,79,User
4071,fs720,ls720,60,User
4072,fs721,ls721,42,User
4073,fs722,ls722,28,User
4074,fs723,ls723,86,User
4075,fs724,ls724,14,User
4076,fs725,ls725,63,User
4077,fs726,ls726,97,User
4078,fs727,ls727,52,User
4079,fs728,ls728,45,User
4080,fs729,ls729,73,User
4081,fs730,ls730,76,User
4082,fs731,ls731,43,User
4083,fs732,ls732,15,User
4084,fs733,ls733,33,User
4085,fs734,ls734,29,User
4086,fs735,ls735,94,User
4087,fs736,ls736,10,User
4088,fs737,ls737,76,User
4089,fs738,ls738,50,User
4090,fs739,ls739,78,User
4091,fs740,ls740,32,User
4092,fs741,ls741,15,User
4093,fs742,ls742,23,User
4094,fs743,ls743,22,User
4095,fs744,ls744,86,User
4096,fs745,ls745,84,User
4097,fs746,ls746,78,User
4098,fs747,ls747,26,User
4099,fs748,ls748,30,User
4100,fs749,ls749,38,User
4101,fs750,ls750,78,User
4102,fs751,ls751,17,User
4103,fs752,ls752,83,User
4104,fs753,ls753,84,User
4105,fs754,ls754,86,User
4106,fs755,ls755,88,User
4107,fs756,ls756,41,User
4108,fs757,ls757,92,User
4109,fs758,ls758,43,User
4110,fs759,ls759,33,User
4111,fs760,ls760,6,User
4112,fs761,ls761,60,User
4113,fs762,ls762,43,User
4114,fs763,ls763,26,User
4115,fs764,ls764,89,User
4116,fs765,ls765,51,User
4117,fs766,ls766,54,User
4118,fs767,ls767,25,User
4119,fs768,ls768,64,User
4120,fs769,ls769,62,User
4121,fs770,ls770,6,User
4122,fs771,ls771,67,User
4123,fs772,ls772,76,User
4124,fs773,ls773,38,User
4125,fs774,ls774,89,User
4126,fs775,ls775,86,User
4127,fs776,ls776,60,User
4128,fs777,ls777,30,User
4129,fs778,ls778,39,User
4130,fs779,ls779,59,User
4131,fs780,ls780,87,User
4132,fs781,ls781,34,User
4133,fs782,ls782,98,User
4134,fs783,ls783,19,User
4135,fs784,ls784,85,User
4136,fs785,ls785,66,User
4137,fs786,ls786,39,User
4138,fs787,ls787,44,User
4139,fs788,ls788,67,User
4140,fs789,ls789,39,User
4141,fs790,ls790,27,User
4142,fs791,ls791,92,User
4143,fs792,ls792,41,User
4144,fs793,ls793,11,User
4145,fs794,ls794,55,User
4146,fs795,ls795,38,User
4147,fs796,ls796,65,User
4148,fs797,ls797,42,User
4149,fs798,ls798,40,User
4150,fs799,ls799,90,User
4151,fs800,ls800,68,User
4152,fs801,ls801,23,User
4153,fs802,ls802,35,User
4154,fs803,ls803,26,User
4155,fs804,ls804,16,User
4156,fs805,ls805,25,User
4157,fs806,ls806,41,User
4158,fs807,ls807,26,User
4159,fs808,ls808,13,User
4160,fs809,ls809,14,User
4161,fs810,ls810,8,User
4162,fs811,ls811,81,User
4163,fs812,ls812,36,User
4164,fs813,ls813,20,User
4165,fs814,ls814,93,User
4166,fs815,ls815,44,User
4167,fs816,ls816,52,User
4168,fs817,ls817,27,User
4169,fs818,ls818,94,User
4170,fs819,ls819,79,User
4171,fs820,ls820,95,User
4172,fs821,ls821,59,User
4173,fs822,ls822,31,User
4174,fs823,ls823,79,User
4175,fs824,ls824,50,User
4176,fs825,ls825,58,User
4177,fs826,ls826,79,User
4178,fs827,ls827,12,User
4179,fs828,ls828,31,User
4180,fs829,ls829,64,User
4181,fs830,ls830,63,User
4182,fs831,ls831,42,User
4183,fs832,ls832,5,User
4184,fs833,ls833,32,User
4185,fs834,ls834,33,User
4186,fs835,ls835,8,User
4187,fs836,ls836,14,User
4188,fs837,ls837,60,User
4189,fs838,ls838,9,User
4190,fs839,ls839,80,User
4191,fs840,ls840,71,User
4192,fs841,ls841,38,User
4193,fs842,ls842,37,User
4194,fs843,ls843,54,User
4195,fs844,ls844,24,User
4196,fs845,ls845,25,User
4197,fs846,ls846,98,User
4198,fs847,ls847,25,User
4199,fs848,ls848,47,User
4200,fs849,ls849,34,User
4201,fs850,ls850,87,User
4202,fs851,ls851,93,User
4203,fs852,ls852,6,User
4204,fs853,ls853,38,User
4205,fs854,ls854,20,User
4206,fs855,ls855,86,User
4207,fs856,ls856,79,User
4208,fs857,ls857,68,User
4209,fs858,ls858,75,User
4210,fs859,ls859,76,User
4211,fs860,ls860,42,User
4212,fs861,ls861,73,User
4213,fs862,ls862,46,User
4214,fs863,ls863,63,User
4215,fs864,ls864,74,User
4216,fs865,ls865,45,User
4217,fs866,ls866,58,User
4218,fs867,ls867,18,User
4219,fs868,ls868,40,User
4220,fs869,ls869,42,User
4221,fs870,ls870,23,User
4222,fs871,ls871,28,User
4223,fs872,ls872,70,User
4224,fs873,ls873,38,User
4225,fs874,ls874,80,User
4226,fs875,ls875,75,User
4227,fs876,ls876,20,User
4228,fs877,ls877,82,User
4229,fs878,ls878,60,User
4230,fs879,ls879,76,User
4231,fs880,ls880,37,User
4232,fs881,ls881,14,User
4233,fs882,ls882,46,User
4234,fs883,ls883,42,User
4235,fs884,ls884,61,User
4236,fs885,ls885,86,User
4237,fs886,ls886,10,User
4238,fs887,ls887,32,User
4239,fs888,ls888,96,User
4240,fs889,ls889,53,User
4241,fs890,ls890,32,User
4242,fs891,ls891,93,User
4243,fs892,ls892,37,User
4244,fs893,ls893,52,User
4245,fs894,ls894,48,User
4246,fs895,ls895,47,User
4247,fs896,ls896,60,User
4248,fs897,ls897,7,User
4249,fs898,ls898,75,User
4250,fs899,ls899,52,User
4251,fs900,ls900,57,User
4252,fs901,ls901,71,User
4253,fs902,ls902,60,User
4254,fs903,ls903,94,User
4255,fs904,ls904,41,User
4256,fs905,ls905,96,User
4257,fs906,ls906,16,User
4258,fs907,ls907,97,User
4259,fs908,ls908,77,User
4260,fs909,ls909,27,User
4261,fs910,ls910,11,User
4262,fs911,ls911,6,User
4263,fs912,ls912,8,User
4264,fs913,ls913,55,User
4265,fs914,ls914,65,User
4266,fs915,ls915,38,User
4267,fs916,ls916,58,User
4268,fs917,ls917,70,User
4269,fs918,ls918,25,User
4270,fs919,ls919,55,User
4271,fs920,ls920,82,User
4272,fs921,ls921,25,User
4273,fs922,ls922,56,User
4274,fs923,ls923,65,User
4275,fs924,ls924,98,User
4276,fs925,ls925,97,User
4277,fs926,ls926,70,User
4278,fs927,ls927,31,User
4279,fs928,ls928,45,User
4280,fs929,ls929,80,User
4281,fs930,ls930,97,User
4282,fs931,ls931,79,User
4283,fs932,ls932,27,User
4284,fs933,ls933,37,User
4285,fs934,ls934,18,User
4286,fs935,ls935,11,User
4287,fs936,ls936,50,User
4288,fs937,ls937,40,User
4289,fs938,ls938,48,User
4290,fs939,ls939,28,User
4291,fs940,ls940,69,User
4292,fs941,ls941,56,User
4293,fs942,ls942,19,User
4294,fs943,ls943,14,User
4295,fs944,ls944,65,User
4296,fs945,ls945,37,User
4297,fs946,ls946,65,User
4298,fs947,ls947,41,User
4299,fs948,ls948,75,User
4300,fs949,ls949,43,User
4301,fs950,ls950,20,User
4302,fs951,ls951,31,User
4303,fs952,ls952,66,User
4304,fs953,ls953,27,User
4305,fs954,ls954,97,User
4306,fs955,ls955,70,User
4307,fs956,ls956,10,User
4308,fs957,ls957,83,User
4309,fs958,ls958,14,User
4310,fs959,ls959,75,User
4311,fs960,ls960,51,User
4312,fs961,ls961,11,User
4313,fs962,ls962,93,User
4314,fs963,ls963,52,User
4315,fs964,ls964,54,User
4316,fs965,ls965,99,User
4317,fs966,ls966,8,User
4318,fs967,ls967,90,User
4319,fs968,ls968,74,User
4320,fs969,ls969,95,User
4321,fs970,ls970,85,User
4322,fs971,ls971,34,User
4323,fs972,ls972,90,User
4324,fs973,ls973,73,User
4325,fs974,ls974,42,User
4326,fs975,ls975,43,User
4327,fs976,ls976,7,User
4328,fs977,ls977,28,User
4329,fs978,ls978,20,User
4330,fs979,ls979,80,User
4331,fs980,ls980,17,User
4332,fs981,ls981,32,User
4333,fs982,ls982,58,User
4334,fs983,ls983,20,User
4335,fs984,ls984,11,User
4336,fs985,ls985,57,User
4337,fs986,ls986,63,User
4338,fs987,ls987,6,User
4339,fs988,ls988,48,User
4340,fs989,ls989,68,User
4341,fs990,ls990,31,User
4342,fs991,ls991,12,User
4343,fs992,ls992,92,User
4344,fs993,ls993,38,User
4345,fs994,ls994,52,User
4346,fs995,ls995,38,User
4347,fs996,ls996,79,User
4348,fs997,ls997,78,User
4349,fs998,ls998,37,User
4350,fs999,ls999,82,User
4351,fs1000,ls1000,35,User
4352,fs1001,ls1001,96,User
4353,fs1002,ls1002,85,User
4354,fs1003,ls1003,29,User
4355,fs1004,ls1004,11,User
4356,fs1005,ls1005,99,User
4357,fs1006,ls1006,21,User
4358,fs1007,ls1007,99,User
4359,fs1008,ls1008,14,User
4360,fs1009,ls1009,47,User
4361,fs1010,ls1010,26,User
4362,fs1011,ls1011,43,User
4363,fs1012,ls1012,99,User
4364,fs1013,ls1013,51,User
4365,fs1014,ls1014,62,User
4366,fs1015,ls1015,17,User
4367,fs1016,ls1016,34,User
4368,fs1017,ls1017,80,User
4369,fs1018,ls1018,53,User
4370,fs1019,ls1019,96,User
4371,fs1020,ls1020,74,User
4372,fs1021,ls1021,36,User
4373,fs1022,ls1022,22,User
4374,fs1023,ls1023,56,User
4375,fs1024,ls1024,15,User
4376,fs1025,ls1025,14,User
4377,fs1026,ls1026,65,User
4378,fs1027,ls1027,25,User
4379,fs1028,ls1028,66,User
4380,fs1029,ls1029,26,User
4381,fs1030,ls1030,80,User
4382,fs1031,ls1031,66,User
4383,fs1032,ls1032,41,User
4384,fs1033,ls1033,89,User
4385,fs1034,ls1034,65,User
4386,fs1035,ls1035,95,User
4387,fs1036,ls1036,60,User
4388,fs1037,ls1037,85,User
4389,fs1038,ls1038,63,User
4390,fs1039,ls1039,52,User
4391,fs1040,ls1040,23,User
4392,fs1041,ls1041,50,User
4393,fs1042,ls1042,95,User
4394,fs1043,ls1043,39,User
4395,fs1044,ls1044,86,User
4396,fs1045,ls1045,66,User
4397,fs1046,ls1046,83,User
4398,fs1047,ls1047,63,User
4399,fs1048,ls1048,35,User
4400,fs1049,ls1049,92,User
4401,fs1050,ls1050,59,User
4402,fs1051,ls1051,81,User
4403,fs1052,ls1052,74,User
4404,fs1053,ls1053,79,User
4405,fs1054,ls1054,62,User
4406,fs1055,ls1055,90,User
4407,fs1056,ls1056,16,User
4408,fs1057,ls1057,43,User
4409,fs1058,ls1058,96,User
4410,fs1059,ls1059,76,User
4411,fs1060,ls1060,90,User
4412,fs1061,ls1061,9,User
4413,fs1062,ls1062,12,User
4414,fs1063,ls1063,90,User
4415,fs1064,ls1064,49,User
4416,fs1065,ls1065,17,User
4417,fs1066,ls1066,31,User
4418,fs1067,ls1067,73,User
4419,fs1068,ls1068,27,User
4420,fs1069,ls1069,57,User
4421,fs1070,ls1070,70,User
4422,fs1071,ls1071,61,User
4423,fs1072,ls1072,13,User
4424,fs1073,ls1073,23,User
4425,fs1074,ls1074,60,User
4426,fs1075,ls1075,27,User
4427,fs1076,ls1076,45,User
4428,fs1077,ls1077,84,User
4429,fs1078,ls1078,33,User
4430,fs1079,ls1079,6,User
4431,fs1080,ls1080,42,User
4432,fs1081,ls1081,37,User
4433,fs1082,ls1082,50,User
4434,fs1083,ls1083,10,User
4435,fs1084,ls1084,69,User
4436,fs1085,ls1085,49,User
4437,fs1086,ls1086,72,User
4438,fs1087,ls1087,70,User
4439,fs1088,ls1088,30,User
4440,fs1089,ls1089,65,User
4441,fs1090,ls1090,31,User
4442,fs1091,ls1091,47,User
4443,fs1092,ls1092,52,User
4444,fs1093,ls1093,84,User
4445,fs1094,ls1094,29,User
4446,fs1095,ls1095,95,User
4447,fs1096,ls1096,89,User
4448,fs1097,ls1097,91,User
4449,fs1098,ls1098,11,User
4450,fs1099,ls1099,25,User
4451,fs1100,ls1100,59,User
4452,fs1101,ls1101,48,User
4453,fs1102,ls1102,18,User
4454,fs1103,ls1103,28,User
4455,fs1104,ls1104,97,User
4456,fs1105,ls1105,21,User
4457,fs1106,ls1106,70,User
4458,fs1107,ls1107,64,User
4459,fs1108,ls1108,95,User
4460,fs1109,ls1109,70,User
4461,fs1110,ls1110,65,User
4462,fs1111,ls1111,46,User
4463,fs1112,ls1112,79,User
4464,fs1113,ls1113,34,User
4465,fs1114,ls1114,95,User
4466,fs1115,ls1115,60,User
4467,fs1116,ls1116,76,User
4468,fs1117,ls1117,33,User
4469,fs1118,ls1118,30,User
4470,fs1119,ls1119,69,User
4471,fs1120,ls1120,15,User
4472,fs1121,ls1121,89,User
4473,fs1122,ls1122,96,User
4474,fs1123,ls1123,62,User
4475,fs1124,ls1124,56,User
4476,fs1125,ls1125,58,User
4477,fs1126,ls1126,14,User
4478,fs1127,ls1127,69,User
4479,fs1128,ls1128,82,User
4480,fs1129,ls1129,15,User
4481,fs1130,ls1130,44,User
4482,fs1131,ls1131,5,User
4483,fs1132,ls1132,53,User
4484,fs1133,ls1133,75,User
4485,fs1134,ls1134,98,User
4486,fs1135,ls1135,64,User
4487,fs1136,ls1136,5,User
4488,fs1137,ls1137,26,User
4489,fs1138,ls1138,86,User
4490,fs1139,ls1139,39,User
4491,fs1140,ls1140,17,User
4492,fs1141,ls1141,73,User
4493,fs1142,ls1142,17,User
4494,fs1143,ls1143,69,User
4495,fs1144,ls1144,10,User
4496,fs1145,ls1145,28,User
4497,fs1146,ls1146,39,User
4498,fs1147,ls1147,46,User
4499,fs1148,ls1148,64,User
4500,fs1149,ls1149,99,User
4501,fs1150,ls1150,7,User
4502,fs1151,ls1151,9,User
4503,fs1152,ls1152,5,User
4504,fs1153,ls1153,89,User
4505,fs1154,ls1154,27,User
4506,fs1155,ls1155,28,User
4507,fs1156,ls1156,69,User
4508,fs1157,ls1157,54,User
4509,fs1158,ls1158,74,User
4510,fs1159,ls1159,83,User
4511,fs1160,ls1160,30,User
4512,fs1161,ls1161,34,User
4513,fs1162,ls1162,30,User
4514,fs1163,ls1163,15,User
4515,fs1164,ls1164,74,User
4516,fs1165,ls1165,33,User
4517,fs1166,ls1166,70,User
4518,fs1167,ls1167,30,User
4519,fs1168,ls1168,72,User
4520,fs1169,ls1169,28,User
4521,fs1170,ls1170,67,User
4522,fs1171,ls1171,82,User
4523,fs1172,ls1172,14,User
4524,fs1173,ls1173,58,User
4525,fs1174,ls1174,67,User
4526,fs1175,ls1175,54,User
4527,fs1176,ls1176,29,User
4528,fs1177,ls1177,29,User
4529,fs1178,ls1178,68,User
4530,fs1179,ls1179,70,User
4531,fs1180,ls1180,51,User
4532,fs1181,ls1181,64,User
4533,fs1182,ls1182,98,User
4534,fs1183,ls1183,98,User
4535,fs1184,ls1184,5,User
4536,fs1185,ls1185,68,User
4537,fs1186,ls1186,85,User
4538,fs1187,ls1187,38,User
4539,fs1188,ls1188,29,User
4540,fs1189,ls1189,22,User
4541,fs1190,ls1190,10,User
4542,fs1191,ls1191,57,User
4543,fs1192,ls1192,25,User
4544,fs1193,ls1193,90,User
4545,fs1194,ls1194,39,User
4546,fs1195,ls1195,43,User
4547,fs1196,ls1196,88,User
4548,fs1197,ls1197,96,User
4549,fs1198,ls1198,32,User
4550,fs1199,ls1199,47,User
4551,fs1200,ls1200,70,User
4552,fs1201,ls1201,25,User
4553,fs1202,ls1202,94,User
4554,fs1203,ls1203,11,User
4555,fs1204,ls1204,83,User
4556,fs1205,ls1205,54,User
4557,fs1206,ls1206,97,User
4558,fs1207,ls1207,88,User
4559,fs1208,ls1208,12,User
4560,fs1209,ls1209,76,User
4561,fs1210,ls1210,78,User
4562,fs1211,ls1211,10,User
4563,fs1212,ls1212,11,User
4564,fs1213,ls1213,78,User
4565,fs1214,ls1214,58,User
4566,fs1215,ls1215,42,User
4567,fs1216,ls1216,32,User
4568,fs1217,ls1217,16,User
4569,fs1218,ls1218,12,User
4570,fs1219,ls1219,54,User
4571,fs1220,ls1220,53,User
4572,fs1221,ls1221,82,User
4573,fs1222,ls1222,18,User
4574,fs1223,ls1223,27,User
4575,fs1224,ls1224,50,User
4576,fs1225,ls1225,93,User
4577,fs1226,ls1226,60,User
4578,fs1227,ls1227,30,User
4579,fs1228,ls1228,91,User
4580,fs1229,ls1229,21,User
4581,fs1230,ls1230,19,User
4582,fs1231,ls1231,67,User
4583,fs1232,ls1232,9,User
4584,fs1233,ls1233,97,User
4585,fs1234,ls1234,95,User
4586,fs1235,ls1235,46,User
4587,fs1236,ls1236,83,User
4588,fs1237,ls1237,84,User
4589,fs1238,ls1238,69,User
4590,fs1239,ls1239,19,User
4591,fs1240,ls1240,7,User
4592,fs1241,ls1241,25,User
4593,fs1242,ls1242,8,User
4594,fs1243,ls1243,68,User
4595,fs1244,ls1244,94,User
4596,fs1245,ls1245,80,User
4597,fs1246,ls1246,77,User
4598,fs1247,ls1247,11,User
4599,fs1248,ls1248,45,User
4600,fs1249,ls1249,23,User
4601,fs1250,ls1250,52,User
4602,fs1251,ls1251,44,User
4603,fs1252,ls1252,46,User
4604,fs1253,ls1253,18,User
4605,fs1254,ls1254,89,User
4606,fs1255,ls1255,30,User
4607,fs1256,ls1256,33,User
4608,fs1257,ls1257,52,User
4609,fs1258,ls1258,64,User
4610,fs1259,ls1259,77,User
4611,fs1260,ls1260,32,User
4612,fs1261,ls1261,60,User
4613,fs1262,ls1262,99,User
4614,fs1263,ls1263,9,User
4615,fs1264,ls1264,25,User
4616,fs1265,ls1265,26,User
4617,fs1266,ls1266,25,User
4618,fs1267,ls1267,25,User
4619,fs1268,ls1268,80,User
4620,fs1269,ls1269,31,User
4621,fs1270,ls1270,34,User
4622,fs1271,ls1271,54,User
4623,fs1272,ls1272,46,User
4624,fs1273,ls1273,19,User
4625,fs1274,ls1274,31,User
4626,fs1275,ls1275,8,User
4627,fs1276,ls1276,72,User
4628,fs1277,ls1277,11,User
4629,fs1278,ls1278,39,User
4630,fs1279,ls1279,31,User
4631,fs1280,ls1280,44,User
4632,fs1281,ls1281,55,User
4633,fs1282,ls1282,18,User
4634,fs1283,ls1283,81,User
4635,fs1284,ls1284,57,User
4636,fs1285,ls1285,34,User
4637,fs1286,ls1286,84,User
4638,fs1287,ls1287,13,User
4639,fs1288,ls1288,27,User
4640,fs1289,ls1289,16,User
4641,fs1290,ls1290,74,User
4642,fs1291,ls1291,7,User
4643,fs1292,ls1292,7,User
4644,fs1293,ls1293,6,User
4645,fs1294,ls1294,83,User
4646,fs1295,ls1295,71,User
4647,fs1296,ls1296,9,User
4648,fs1297,ls1297,57,User
4649,fs1298,ls1298,26,User
4650,fs1299,ls1299,24,User
4651,fs1300,ls1300,86,User
4652,fs1301,ls1301,70,User
4653,fs1302,ls1302,7,User
4654,fs1303,ls1303,54,User
4655,fs1304,ls1304,35,User
4656,fs1305,ls1305,29,User
4657,fs1306,ls1306,59,User
4658,fs1307,ls1307,76,User
4659,fs1308,ls1308,10,User
4660,fs1309,ls1309,41,User
4661,fs1310,ls1310,50,User
4662,fs1311,ls1311,64,User
4663,fs1312,ls1312,53,User
4664,fs1313,ls1313,65,User
4665,fs1314,ls1314,62,User
4666,fs1315,ls1315,24,User
4667,fs1316,ls1316,96,User
4668,fs1317,ls1317,96,User
4669,fs1318,ls1318,41,User
4670,fs1319,ls1319,57,User
4671,fs1320,ls1320,69,User
4672,fs1321,ls1321,7,User
4673,fs1322,ls1322,53,User
4674,fs1323,ls1323,79,User
4675,fs1324,ls1324,21,User
4676,fs1325,ls1325,40,User
4677,fs1326,ls1326,71,User
4678,fs1327,ls1327,22,User
4679,fs1328,ls1328,85,User
4680,fs1329,ls1329,10,User
4681,fs1330,ls1330,20,User
4682,fs1331,ls1331,33,User
4683,fs1332,ls1332,88,User
4684,fs1333,ls1333,20,User
4685,fs1334,ls1334,91,User
4686,fs1335,ls1335,13,User
4687,fs1336,ls1336,20,User
4688,fs1337,ls1337,43,User
4689,fs1338,ls1338,5,User
4690,fs1339,ls1339,87,User
4691,fs1340,ls1340,24,User
4692,fs1341,ls1341,31,User
4693,fs1342,ls1342,64,User
4694,fs1343,ls1343,85,User
4695,fs1344,ls1344,87,User
4696,fs1345,ls1345,35,User
4697,fs1346,ls1346,63,User
4698,fs1347,ls1347,76,User
4699,fs1348,ls1348,20,User
4700,fs1349,ls1349,74,User
4701,fs1350,ls1350,42,User
4702,fs1351,ls1351,56,User
4703,fs1352,ls1352,31,User
4704,fs1353,ls1353,98,User
4705,fs1354,ls1354,27,User
4706,fs1355,ls1355,59,User
4707,fs1356,ls1356,57,User
4708,fs1357,ls1357,53,User
4709,fs1358,ls1358,11,User
4710,fs1359,ls1359,91,User
4711,fs1360,ls1360,25,User
4712,fs1361,ls1361,83,User
4713,fs1362,ls1362,88,User
4714,fs1363,ls1363,67,User
4715,fs1364,ls1364,15,User
4716,fs1365,ls1365,33,User
4717,fs1366,ls1366,91,User
4718,fs1367,ls1367,42,User
4719,fs1368,ls1368,33,User
4720,fs1369,ls1369,82,User
4721,fs1370,ls1370,5,User
4722,fs1371,ls1371,92,User
4723,fs1372,ls1372,71,User
4724,fs1373,ls1373,94,User
4725,fs1374,ls1374,49,User
4726,fs1375,ls1375,63,User
4727,fs1376,ls1376,11,User
4728,fs1377,ls1377,63,User
4729,fs1378,ls1378,96,User
4730,fs1379,ls1379,6,User
4731,fs1380,ls1380,62,User
4732,fs1381,ls1381,14,User
4733,fs1382,ls1382,48,User
4734,fs1383,ls1383,84,User
4735,fs1384,ls1384,66,User
4736,fs1385,ls1385,9,User
4737,fs1386,ls1386,58,User
4738,fs1387,ls1387,13,User
4739,fs1388,ls1388,40,User
4740,fs1389,ls1389,58,User
4741,fs1390,ls1390,63,User
4742,fs1391,ls1391,84,User
4743,fs1392,ls1392,39,User
4744,fs1393,ls1393,89,User
4745,fs1394,ls1394,63,User
4746,fs1395,ls1395,98,User
4747,fs1396,ls1396,78,User
4748,fs1397,ls1397,27,User
4749,fs1398,ls1398,16,User
4750,fs1399,ls1399,9,User
4751,fs1400,ls1400,62,User
4752,fs1401,ls1401,66,User
4753,fs1402,ls1402,73,User
4754,fs1403,ls1403,84,User
4755,fs1404,ls1404,92,User
4756,fs1405,ls1405,64,User
4757,fs1406,ls1406,42,User
4758,fs1407,ls1407,76,User
4759,fs1408,ls1408,46,User
4760,fs1409,ls1409,85,User
4761,fs1410,ls1410,86,User
4762,fs1411,ls1411,18,User
4763,fs1412,ls1412,99,User
4764,fs1413,ls1413,20,User
4765,fs1414,ls1414,72,User
4766,fs1415,ls1415,17,User
4767,fs1416,ls1416,60,User
4768,fs1417,ls1417,40,User
4769,fs1418,ls1418,43,User
4770,fs1419,ls1419,80,User
4771,fs1420,ls1420,44,User
4772,fs1421,ls1421,19,User
4773,fs1422,ls1422,35,User
4774,fs1423,ls1423,86,User
4775,fs1424,ls1424,52,User
4776,fs1425,ls1425,7,User
4777,fs1426,ls1426,36,User
4778,fs1427,ls1427,82,User
4779,fs1428,ls1428,38,User
4780,fs1429,ls1429,31,User
4781,fs1430,ls1430,97,User
4782,fs1431,ls1431,7,User
4783,fs1432,ls1432,63,User
4784,fs1433,ls1433,27,User
4785,fs1434,ls1434,23,User
4786,fs1435,ls1435,55,User
4787,fs1436,ls1436,52,User
4788,fs1437,ls1437,43,User
4789,fs1438,ls1438,51,User
4790,fs1439,ls1439,98,User
4791,fs1440,ls1440,27,User
4792,fs1441,ls1441,35,User
4793,fs1442,ls1442,24,User
4794,fs1443,ls1443,82,User
4795,fs1444,ls1444,58,User
4796,fs1445,ls1445,66,User
4797,fs1446,ls1446,54,User
4798,fs1447,ls1447,87,User
4799,fs1448,ls1448,41,User
4800,fs1449,ls1449,40,User
4801,fs1450,ls1450,81,User
4802,fs1451,ls1451,27,User
4803,fs1452,ls1452,79,User
4804,fs1453,ls1453,83,User
4805,fs1454,ls1454,79,User
4806,fs1455,ls1455,65,User
4807,fs1456,ls1456,69,User
4808,fs1457,ls1457,95,User
4809,fs1458,ls1458,24,User
4810,fs1459,ls1459,47,User
4811,fs1460,ls1460,17,User
4812,fs1461,ls1461,46,User
4813,fs1462,ls1462,27,User
4814,fs1463,ls1463,57,User
4815,fs1464,ls1464,14,User
4816,fs1465,ls1465,64,User
4817,fs1466,ls1466,98,User
4818,fs1467,ls1467,52,User
4819,fs1468,ls1468,25,User
4820,fs1469,ls1469,82,User
4821,fs1470,ls1470,5,User
4822,fs1471,ls1471,98,User
4823,fs1472,ls1472,68,User
4824,fs1473,ls1473,68,User
4825,fs1474,ls1474,73,User
4826,fs1475,ls1475,95,User
4827,fs1476,ls1476,25,User
4828,fs1477,ls1477,10,User
4829,fs1478,ls1478,17,User
4830,fs1479,ls1479,92,User
4831,fs1480,ls1480,45,User
4832,fs1481,ls1481,90,User
4833,fs1482,ls1482,74,User
4834,fs1483,ls1483,45,User
4835,fs1484,ls1484,11,User
4836,fs1485,ls1485,53,User
4837,fs1486,ls1486,29,User
4838,fs1487,ls1487,42,User
4839,fs1488,ls1488,25,User
4840,fs1489,ls1489,90,User
4841,fs1490,ls1490,84,User
4842,fs1491,ls1491,46,User
4843,fs1492,ls1492,20,User
4844,fs1493,ls1493,33,User
4845,fs1494,ls1494,8,User
4846,fs1495,ls1495,18,User
4847,fs1496,ls1496,21,User
4848,fs1497,ls1497,29,User
4849,fs1498,ls1498,93,User
4850,fs1499,ls1499,66,User
4851,fs1500,ls1500,38,User
4852,fs1501,ls1501,57,User
4853,fs1502,ls1502,37,User
4854,fs1503,ls1503,15,User
4855,fs1504,ls1504,67,User
4856,fs1505,ls1505,94,User
4857,fs1506,ls1506,74,User
4858,fs1507,ls1507,96,User
4859,fs1508,ls1508,90,User
4860,fs1509,ls1509,75,User
4861,fs1510,ls1510,57,User
4862,fs1511,ls1511,41,User
4863,fs1512,ls1512,66,User
4864,fs1513,ls1513,73,User
4865,fs1514,ls1514,10,User
4866,fs1515,ls1515,91,User
4867,fs1516,ls1516,66,User
4868,fs1517,ls1517,50,User
4869,fs1518,ls1518,88,User
4870,fs1519,ls1519,42,User
4871,fs1520,ls1520,56,User
4872,fs1521,ls1521,33,User
4873,fs1522,ls1522,6,User
4874,fs1523,ls1523,32,User
4875,fs1524,ls1524,5,User
4876,fs1525,ls1525,66,User
4877,fs1526,ls1526,31,User
4878,fs1527,ls1527,84,User
4879,fs1528,ls1528,54,User
4880,fs1529,ls1529,81,User
4881,fs1530,ls1530,85,User
4882,fs1531,ls1531,38,User
4883,fs1532,ls1532,30,User
4884,fs1533,ls1533,64,User
4885,fs1534,ls1534,35,User
4886,fs1535,ls1535,17,User
4887,fs1536,ls1536,63,User
4888,fs1537,ls1537,5,User
4889,fs1538,ls1538,61,User
4890,fs1539,ls1539,97,User
4891,fs1540,ls1540,9,User
4892,fs1541,ls1541,97,User
4893,fs1542,ls1542,6,User
4894,fs1543,ls1543,41,User
4895,fs1544,ls1544,32,User
4896,fs1545,ls1545,81,User
4897,fs1546,ls1546,86,User
4898,fs1547,ls1547,22,User
4899,fs1548,ls1548,38,User
4900,fs1549,ls1549,77,User
4901,fs1550,ls1550,15,User
4902,fs1551,ls1551,70,User
4903,fs1552,ls1552,94,User
4904,fs1553,ls1553,25,User
4905,fs1554,ls1554,11,User
4906,fs1555,ls1555,97,User
4907,fs1556,ls1556,27,User
4908,fs1557,ls1557,14,User
4909,fs1558,ls1558,14,User
4910,fs1559,ls1559,90,User
4911,fs1560,ls1560,98,User
4912,fs1561,ls1561,11,User
4913,fs1562,ls1562,62,User
4914,fs1563,ls1563,12,User
4915,fs1564,ls1564,61,User
4916,fs1565,ls1565,15,User
4917,fs1566,ls1566,21,User
4918,fs1567,ls1567,16,User
4919,fs1568,ls1568,85,User
4920,fs1569,ls1569,66,User
4921,fs1570,ls1570,86,User
4922,fs1571,ls1571,83,User
4923,fs1572,ls1572,42,User
4924,fs1573,ls1573,86,User
4925,fs1574,ls1574,58,User
4926,fs1575,ls1575,81,User
4927,fs1576,ls1576,8,User
4928,fs1577,ls1577,59,User
4929,fs1578,ls1578,40,User
4930,fs1579,ls1579,29,User
4931,fs1580,ls1580,26,User
4932,fs1581,ls1581,53,User
4933,fs1582,ls1582,80,User
4934,fs1583,ls1583,29,User
4935,fs1584,ls1584,18,User
4936,fs1585,ls1585,12,User
4937,fs1586,ls1586,5,User
4938,fs1587,ls1587,56,User
4939,fs1588,ls1588,63,User
4940,fs1589,ls1589,32,User
4941,fs1590,ls1590,47,User
4942,fs1591,ls1591,12,User
4943,fs1592,ls1592,12,User
4944,fs1593,ls1593,91,User
4945,fs1594,ls1594,87,User
4946,fs1595,ls1595,82,User
4947,fs1596,ls1596,38,User
4948,fs1597,ls1597,95,User
4949,fs1598,ls1598,68,User
4950,fs1599,ls1599,88,User
4951,fs1600,ls1600,33,User
4952,fs1601,ls1601,11,User
4953,fs1602,ls1602,29,User
4954,fs1603,ls1603,92,User
4955,fs1604,ls1604,71,User
4956,fs1605,ls1605,90,User
4957,fs1606,ls1606,18,User
4958,fs1607,ls1607,90,User
4959,fs1608,ls1608,98,User
4960,fs1609,ls1609,30,User
4961,fs1610,ls1610,86,User
4962,fs1611,ls1611,85,User
4963,fs1612,ls1612,46,User
4964,fs1613,ls1613,61,User
4965,fs1614,ls1614,10,User
4966,fs1615,ls1615,76,User
4967,fs1616,ls1616,6,User
4968,fs1617,ls1617,93,User
4969,fs1618,ls1618,40,User
4970,fs1619,ls1619,68,User
4971,fs1620,ls1620,82,User
4972,fs1621,ls1621,21,User
4973,fs1622,ls1622,89,User
4974,fs1623,ls1623,79,User
4975,fs1624,ls1624,25,User
4976,fs1625,ls1625,48,User
4977,fs1626,ls1626,37,User
4978,fs1627,ls1627,66,User
4979,fs1628,ls1628,97,User
4980,fs1629,ls1629,8,User
4981,fs1630,ls1630,38,User
4982,fs1631,ls1631,29,User
4983,fs1632,ls1632,83,User
4984,fs1633,ls1633,23,User
4985,fs1634,ls1634,39,User
4986,fs1635,ls1635,67,User
4987,fs1636,ls1636,68,User
4988,fs1637,ls1637,5,User
4989,fs1638,ls1638,17,User
4990,fs1639,ls1639,24,User
4991,fs1640,ls1640,77,User
4992,fs1641,ls1641,32,User
4993,fs1642,ls1642,18,User
4994,fs1643,ls1643,64,User
4995,fs1644,ls1644,91,User
4996,fs1645,ls1645,55,User
4997,fs1646,ls1646,6,User
4998,fs1647,ls1647,47,User
4999,fs1648,ls1648,97,User
5000,fs1649,ls1649,53,User
5001,fs1650,ls1650,12,User
5002,fs1651,ls1651,67,User
5003,fs1652,ls1652,66,User
5004,fs1653,ls1653,5,User
5005,fs1654,ls1654,81,User
5006,fs1655,ls1655,16,User
5007,fs1656,ls1656,75,User
5008,fs1657,ls1657,8,User
5009,fs1658,ls1658,56,User
5010,fs1659,ls1659,24,User
5011,fs1660,ls1660,18,User
5012,fs1661,ls1661,34,User
5013,fs1662,ls1662,57,User
5014,fs1663,ls1663,10,User
5015,fs1664,ls1664,61,User
5016,fs1665,ls1665,25,User
5017,fs1666,ls1666,85,User
5018,fs1667,ls1667,96,User
5019,fs1668,ls1668,31,User
5020,fs1669,ls1669,34,User
5021,fs1670,ls1670,45,User
5022,fs1671,ls1671,80,User
5023,fs1672,ls1672,36,User
5024,fs1673,ls1673,97,User
5025,fs1674,ls1674,16,User
5026,fs1675,ls1675,97,User
5027,fs1676,ls1676,28,User
5028,fs1677,ls1677,40,User
5029,fs1678,ls1678,32,User
5030,fs1679,ls1679,55,User
5031,fs1680,ls1680,84,User
5032,fs1681,ls1681,6,User
5033,fs1682,ls1682,78,User
5034,fs1683,ls1683,32,User
5035,fs1684,ls1684,74,User
5036,fs1685,ls1685,55,User
5037,fs1686,ls1686,44,User
5038,fs1687,ls1687,83,User
5039,fs1688,ls1688,83,User
5040,fs1689,ls1689,52,User
5041,fs1690,ls1690,34,User
5042,fs1691,ls1691,56,User
5043,fs1692,ls1692,19,User
5044,fs1693,ls1693,71,User
5045,fs1694,ls1694,67,User
5046,fs1695,ls1695,37,User
5047,fs1696,ls1696,43,User
5048,fs1697,ls1697,11,User
5049,fs1698,ls1698,74,User
5050,fs1699,ls1699,27,User
5051,fs1700,ls1700,70,User
5052,fs1701,ls1701,20,User
5053,fs1702,ls1702,57,User
5054,fs1703,ls1703,33,User
5055,fs1704,ls1704,66,User
5056,fs1705,ls1705,37,User
5057,fs1706,ls1706,13,User
5058,fs1707,ls1707,55,User
5059,fs1708,ls1708,37,User
5060,fs1709,ls1709,21,User
5061,fs1710,ls1710,39,User
5062,fs1711,ls1711,72,User
5063,fs1712,ls1712,67,User
5064,fs1713,ls1713,42,User
5065,fs1714,ls1714,61,User
5066,fs1715,ls1715,89,User
5067,fs1716,ls1716,47,User
5068,fs1717,ls1717,49,User
5069,fs1718,ls1718,37,User
5070,fs1719,ls1719,29,User
5071,fs1720,ls1720,93,User
5072,fs1721,ls1721,24,User
5073,fs1722,ls1722,47,User
5074,fs1723,ls1723,32,User
5075,fs1724,ls1724,96,User
5076,fs1725,ls1725,46,User
5077,fs1726,ls1726,60,User
5078,fs1727,ls1727,71,User
5079,fs1728,ls1728,72,User
5080,fs1729,ls1729,18,User
5081,fs1730,ls1730,55,User
5082,fs1731,ls1731,40,User
5083,fs1732,ls1732,50,User
5084,fs1733,ls1733,55,User
5085,fs1734,ls1734,76,User
5086,fs1735,ls1735,77,User
5087,fs1736,ls1736,85,User
5088,fs1737,ls1737,68,User
5089,fs1738,ls1738,93,User
5090,fs1739,ls1739,78,User
5091,fs1740,ls1740,95,User
5092,fs1741,ls1741,29,User
5093,fs1742,ls1742,59,User
5094,fs1743,ls1743,18,User
5095,fs1744,ls1744,69,User
5096,fs1745,ls1745,25,User
5097,fs1746,ls1746,40,User
5098,fs1747,ls1747,77,User
5099,fs1748,ls1748,38,User
5100,fs1749,ls1749,59,User
5101,fs1750,ls1750,11,User
5102,fs1751,ls1751,98,User
5103,fs1752,ls1752,87,User
5104,fs1753,ls1753,5,User
5105,fs1754,ls1754,57,User
5106,fs1755,ls1755,88,User
5107,fs1756,ls1756,50,User
5108,fs1757,ls1757,50,User
5109,fs1758,ls1758,85,User
5110,fs1759,ls1759,90,User
5111,fs1760,ls1760,46,User
5112,fs1761,ls1761,50,User
5113,fs1762,ls1762,5,User
5114,fs1763,ls1763,75,User
5115,fs1764,ls1764,54,User
5116,fs1765,ls1765,34,User
5117,fs1766,ls1766,31,User
5118,fs1767,ls1767,46,User
5119,fs1768,ls1768,51,User
5120,fs1769,ls1769,51,User
5121,fs1770,ls1770,76,User
5122,fs1771,ls1771,87,User
5123,fs1772,ls1772,50,User
5124,fs1773,ls1773,38,User
5125,fs1774,ls1774,50,User
5126,fs1775,ls1775,69,User
5127,fs1776,ls1776,54,User
5128,fs1777,ls1777,67,User
5129,fs1778,ls1778,6,User
5130,fs1779,ls1779,44,User
5131,fs1780,ls1780,71,User
5132,fs1781,ls1781,5,User
5133,fs1782,ls1782,83,User
5134,fs1783,ls1783,9,User
5135,fs1784,ls1784,21,User
5136,fs1785,ls1785,76,User
5137,fs1786,ls1786,19,User
5138,fs1787,ls1787,87,User
5139,fs1788,ls1788,84,User
5140,fs1789,ls1789,44,User
5141,fs1790,ls1790,45,User
5142,fs1791,ls1791,97,User
5143,fs1792,ls1792,81,User
5144,fs1793,ls1793,59,User
5145,fs1794,ls1794,65,User
5146,fs1795,ls1795,21,User
5147,fs1796,ls1796,89,User
5148,fs1797,ls1797,50,User
5149,fs1798,ls1798,92,User
5150,fs1799,ls1799,99,User
5151,fs1800,ls1800,21,User
5152,fs1801,ls1801,47,User
5153,fs1802,ls1802,98,User
5154,fs1803,ls1803,54,User
5155,fs1804,ls1804,37,User
5156,fs1805,ls1805,20,User
5157,fs1806,ls1806,70,User
5158,fs1807,ls1807,99,User
5159,fs1808,ls1808,24,User
5160,fs1809,ls1809,84,User
5161,fs1810,ls1810,98,User
5162,fs1811,ls1811,11,User
5163,fs1812,ls1812,30,User
5164,fs1813,ls1813,67,User
5165,fs1814,ls1814,55,User
5166,fs1815,ls1815,58,User
5167,fs1816,ls1816,21,User
5168,fs1817,ls1817,14,User
5169,fs1818,ls1818,89,User
5170,fs1819,ls1819,12,User
5171,fs1820,ls1820,16,User
5172,fs1821,ls1821,57,User
5173,fs1822,ls1822,12,User
5174,fs1823,ls1823,35,User
5175,fs1824,ls1824,20,User
5176,fs1825,ls1825,59,User
5177,fs1826,ls1826,60,User
5178,fs1827,ls1827,76,User
5179,fs1828,ls1828,72,User
5180,fs1829,ls1829,81,User
5181,fs1830,ls1830,25,User
5182,fs1831,ls1831,5,User
5183,fs1832,ls1832,20,User
5184,fs1833,ls1833,7,User
5185,fs1834,ls1834,99,User
5186,fs1835,ls1835,32,User
5187,fs1836,ls1836,64,User
5188,fs1837,ls1837,49,User
5189,fs1838,ls1838,62,User
5190,fs1839,ls1839,48,User
5191,fs1840,ls1840,21,User
5192,fs1841,ls1841,87,User
5193,fs1842,ls1842,50,User
5194,fs1843,ls1843,94,User
5195,fs1844,ls1844,26,User
5196,fs1845,ls1845,29,User
5197,fs1846,ls1846,94,User
5198,fs1847,ls1847,66,User
5199,fs1848,ls1848,8,User
5200,fs1849,ls1849,33,User
5201,fs1850,ls1850,39,User
5202,fs1851,ls1851,48,User
5203,fs1852,ls1852,41,User
5204,fs1853,ls1853,11,User
5205,fs1854,ls1854,20,User
5206,fs1855,ls1855,31,User
5207,fs1856,ls1856,55,User
5208,fs1857,ls1857,40,User
5209,fs1858,ls1858,48,User
5210,fs1859,ls1859,72,User
5211,fs1860,ls1860,34,User
5212,fs1861,ls1861,41,User
5213,fs1862,ls1862,70,User
5214,fs1863,ls1863,41,User
5215,fs1864,ls1864,5,User
5216,fs1865,ls1865,69,User
5217,fs1866,ls1866,12,User
5218,fs1867,ls1867,12,User
5219,fs1868,ls1868,10,User
5220,fs1869,ls1869,33,User
5221,fs1870,ls1870,7,User
5222,fs1871,ls1871,26,User
5223,fs1872,ls1872,68,User
5224,fs1873,ls1873,19,User
5225,fs1874,ls1874,22,User
5226,fs1875,ls1875,69,User
5227,fs1876,ls1876,21,User
5228,fs1877,ls1877,97,User
5229,fs1878,ls1878,60,User
5230,fs1879,ls1879,89,User
5231,fs1880,ls1880,28,User
5232,fs1881,ls1881,20,User
5233,fs1882,ls1882,11,User
5234,fs1883,ls1883,7,User
5235,fs1884,ls1884,49,User
5236,fs1885,ls1885,44,User
5237,fs1886,ls1886,75,User
5238,fs1887,ls1887,50,User
5239,fs1888,ls1888,63,User
5240,fs1889,ls1889,42,User
5241,fs1890,ls1890,39,User
5242,fs1891,ls1891,8,User
5243,fs1892,ls1892,74,User
5244,fs1893,ls1893,53,User
5245,fs1894,ls1894,20,User
5246,fs1895,ls1895,42,User
5247,fs1896,ls1896,92,User
5248,fs1897,ls1897,11,User
5249,fs1898,ls1898,56,User
5250,fs1899,ls1899,50,User
5251,fs1900,ls1900,35,User
5252,fs1901,ls1901,63,User
5253,fs1902,ls1902,68,User
5254,fs1903,ls1903,14,User
5255,fs1904,ls1904,58,User
5256,fs1905,ls1905,48,User
5257,fs1906,ls1906,36,User
5258,fs1907,ls1907,45,User
5259,fs1908,ls1908,56,User
5260,fs1909,ls1909,8,User
5261,fs1910,ls1910,87,User
5262,fs1911,ls1911,99,User
5263,fs1912,ls1912,50,User
5264,fs1913,ls1913,53,User
5265,fs1914,ls1914,5,User
5266,fs1915,ls1915,93,User
5267,fs1916,ls1916,10,User
5268,fs1917,ls1917,91,User
5269,fs1918,ls1918,17,User
5270,fs1919,ls1919,56,User
5271,fs1920,ls1920,81,User
5272,fs1921,ls1921,46,User
5273,fs1922,ls1922,82,User
5274,fs1923,ls1923,62,User
5275,fs1924,ls1924,49,User
5276,fs1925,ls1925,9,User
5277,fs1926,ls1926,29,User
5278,fs1927,ls1927,7,User
5279,fs1928,ls1928,70,User
5280,fs1929,ls1929,98,User
5281,fs1930,ls1930,61,User
5282,fs1931,ls1931,5,User
5283,fs1932,ls1932,98,User
5284,fs1933,ls1933,22,User
5285,fs1934,ls1934,45,User
5286,fs1935,ls1935,60,User
5287,fs1936,ls1936,24,User
5288,fs1937,ls1937,45,User
5289,fs1938,ls1938,94,User
5290,fs1939,ls1939,67,User
5291,fs1940,ls1940,31,User
5292,fs1941,ls1941,45,User
5293,fs1942,ls1942,15,User
5294,fs1943,ls1943,62,User
5295,fs1944,ls1944,9,User
5296,fs1945,ls1945,23,User
5297,fs1946,ls1946,11,User
5298,fs1947,ls1947,63,User
5299,fs1948,ls1948,48,User
5300,fs1949,ls1949,41,User
5301,fs1950,ls1950,71,User
5302,fs1951,ls1951,38,User
5303,fs1952,ls1952,64,User
5304,fs1953,ls1953,40,User
5305,fs1954,ls1954,86,User
5306,fs1955,ls1955,87,User
5307,fs1956,ls1956,52,User
5308,fs1957,ls1957,75,User
5309,fs1958,ls1958,7,User
5310,fs1959,ls1959,30,User
5311,fs1960,ls1960,35,User
5312,fs1961,ls1961,23,User
5313,fs1962,ls1962,6,User
5314,fs1963,ls1963,24,User
5315,fs1964,ls1964,61,User
5316,fs1965,ls1965,79,User
5317,fs1966,ls1966,96,User
5318,fs1967,ls1967,71,User
5319,fs1968,ls1968,55,User
5320,fs1969,ls1969,38,User
5321,fs1970,ls1970,8,User
5322,fs1971,ls1971,41,User
5323,fs1972,ls1972,55,User
5324,fs1973,ls1973,82,User
5325,fs1974,ls1974,69,User
5326,fs1975,ls1975,96,User
5327,fs1976,ls1976,18,User
5328,fs1977,ls1977,55,User
5329,fs1978,ls1978,82,User
5330,fs1979,ls1979,90,User
5331,fs1980,ls1980,81,User
5332,fs1981,ls1981,49,User
5333,fs1982,ls1982,32,User
5334,fs1983,ls1983,57,User
5335,fs1984,ls1984,92,User
5336,fs1985,ls1985,20,User
5337,fs1986,ls1986,67,User
5338,fs1987,ls1987,59,User
5339,fs1988,ls1988,64,User
5340,fs1989,ls1989,17,User
5341,fs1990,ls1990,31,User
5342,fs1991,ls1991,61,User
5343,fs1992,ls1992,7,User
5344,fs1993,ls1993,93,User
5345,fs1994,ls1994,50,User
5346,fs1995,ls1995,93,User
5347,fs1996,ls1996,94,User
5348,fs1997,ls1997,84,User
5349,fs1998,ls1998,64,User
5350,fs1999,ls1999,37,User
5351,fs2000,ls2000,92,User
5352,fs2001,ls2001,56,User
5353,fs2002,ls2002,61,User
5354,fs2003,ls2003,9,User
5355,fs2004,ls2004,35,User
5356,fs2005,ls2005,89,User
5357,fs2006,ls2006,81,User
5358,fs2007,ls2007,87,User
5359,fs2008,ls2008,32,User
5360,fs2009,ls2009,21,User
5361,fs2010,ls2010,61,User
5362,fs2011,ls2011,35,User
5363,fs2012,ls2012,44,User
5364,fs2013,ls2013,96,User
5365,fs2014,ls2014,87,User
5366,fs2015,ls2015,84,User
5367,fs2016,ls2016,11,User
5368,fs2017,ls2017,56,User
5369,fs2018,ls2018,63,User
5370,fs2019,ls2019,20,User
5371,fs2020,ls2020,79,User
5372,fs2021,ls2021,6,User
5373,fs2022,ls2022,26,User
5374,fs2023,ls2023,42,User
5375,fs2024,ls2024,99,User
5376,fs2025,ls2025,75,User
5377,fs2026,ls2026,53,User
5378,fs2027,ls2027,92,User
5379,fs2028,ls2028,16,User
5380,fs2029,ls2029,6,User
5381,fs2030,ls2030,36,User
5382,fs2031,ls2031,98,User
5383,fs2032,ls2032,32,User
5384,fs2033,ls2033,44,User
5385,fs2034,ls2034,62,User
5386,fs2035,ls2035,18,User
5387,fs2036,ls2036,65,User
5388,fs2037,ls2037,32,User
5389,fs2038,ls2038,28,User
5390,fs2039,ls2039,32,User
5391,fs2040,ls2040,51,User
5392,fs2041,ls2041,51,User
5393,fs2042,ls2042,59,User
5394,fs2043,ls2043,21,User
5395,fs2044,ls2044,99,User
5396,fs2045,ls2045,49,User
5397,fs2046,ls2046,97,User
5398,fs2047,ls2047,34,User
5399,fs2048,ls2048,34,User
5400,fs2049,ls2049,40,User
5401,fs2050,ls2050,45,User
5402,fs2051,ls2051,48,User
5403,fs2052,ls2052,92,User
5404,fs2053,ls2053,70,User
5405,fs2054,ls2054,12,User
5406,fs2055,ls2055,27,User
5407,fs2056,ls2056,58,User
5408,fs2057,ls2057,11,User
5409,fs2058,ls2058,63,User
5410,fs2059,ls2059,51,User
5411,fs2060,ls2060,73,User
5412,fs2061,ls2061,87,User
5413,fs2062,ls2062,52,User
5414,fs2063,ls2063,90,User
5415,fs2064,ls2064,50,User
5416,fs2065,ls2065,80,User
5417,fs2066,ls2066,83,User
5418,fs2067,ls2067,42,User
5419,fs2068,ls2068,42,User
5420,fs2069,ls2069,9,User
5421,fs2070,ls2070,47,User
5422,fs2071,ls2071,96,User
5423,fs2072,ls2072,5,User
5424,fs2073,ls2073,12,User
5425,fs2074,ls2074,68,User
5426,fs2075,ls2075,59,User
5427,fs2076,ls2076,10,User
5428,fs2077,ls2077,5,User
5429,fs2078,ls2078,49,User
5430,fs2079,ls2079,80,User
5431,fs2080,ls2080,40,User
5432,fs2081,ls2081,84,User
5433,fs2082,ls2082,12,User
5434,fs2083,ls2083,67,User
5435,fs2084,ls2084,72,User
5436,fs2085,ls2085,46,User
5437,fs2086,ls2086,53,User
5438,fs2087,ls2087,27,User
5439,fs2088,ls2088,30,User
5440,fs2089,ls2089,90,User
5441,fs2090,ls2090,83,User
5442,fs2091,ls2091,55,User
5443,fs2092,ls2092,46,User
5444,fs2093,ls2093,61,User
5445,fs2094,ls2094,36,User
5446,fs2095,ls2095,31,User
5447,fs2096,ls2096,55,User
5448,fs2097,ls2097,46,User
5449,fs2098,ls2098,98,User
5450,fs2099,ls2099,26,User
5451,fs2100,ls2100,11,User
5452,fs2101,ls2101,50,User
5453,fs2102,ls2102,76,User
5454,fs2103,ls2103,31,User
5455,fs2104,ls2104,30,User
5456,fs2105,ls2105,20,User
5457,fs2106,ls2106,64,User
5458,fs2107,ls2107,47,User
5459,fs2108,ls2108,49,User
5460,fs2109,ls2109,72,User
5461,fs2110,ls2110,71,User
5462,fs2111,ls2111,74,User
5463,fs2112,ls2112,75,User
5464,fs2113,ls2113,93,User
5465,fs2114,ls2114,16,User
5466,fs2115,ls2115,5,User
5467,fs2116,ls2116,90,User
5468,fs2117,ls2117,44,User
5469,fs2118,ls2118,11,User
5470,fs2119,ls2119,84,User
5471,fs2120,ls2120,48,User
5472,fs2121,ls2121,97,User
5473,fs2122,ls2122,97,User
5474,fs2123,ls2123,97,User
5475,fs2124,ls2124,78,User
5476,fs2125,ls2125,48,User
5477,fs2126,ls2126,79,User
5478,fs2127,ls2127,43,User
5479,fs2128,ls2128,89,User
5480,fs2129,ls2129,98,User
5481,fs2130,ls2130,88,User
5482,fs2131,ls2131,15,User
5483,fs2132,ls2132,35,User
5484,fs2133,ls2133,26,User
5485,fs2134,ls2134,63,User
5486,fs2135,ls2135,80,User
5487,fs2136,ls2136,45,User
5488,fs2137,ls2137,27,User
5489,fs2138,ls2138,80,User
5490,fs2139,ls2139,31,User
5491,fs2140,ls2140,45,User
5492,fs2141,ls2141,43,User
5493,fs2142,ls2142,16,User
5494,fs2143,ls2143,53,User
5495,fs2144,ls2144,10,User
5496,fs2145,ls2145,93,User
5497,fs2146,ls2146,71,User
5498,fs2147,ls2147,61,User
5499,fs2148,ls2148,25,User
5500,fs2149,ls2149,46,User
5501,fs2150,ls2150,27,User
5502,fs2151,ls2151,11,User
5503,fs2152,ls2152,37,User
5504,fs2153,ls2153,97,User
5505,fs2154,ls2154,69,User
5506,fs2155,ls2155,76,User
5507,fs2156,ls2156,19,User
5508,fs2157,ls2157,26,User
5509,fs2158,ls2158,43,User
5510,fs2159,ls2159,17,User
5511,fs2160,ls2160,96,User
5512,fs2161,ls2161,67,User
5513,fs2162,ls2162,47,User
5514,fs2163,ls2163,10,User
5515,fs2164,ls2164,43,User
5516,fs2165,ls2165,47,User
5517,fs2166,ls2166,90,User
5518,fs2167,ls2167,76,User
5519,fs2168,ls2168,99,User
5520,fs2169,ls2169,95,User
5521,fs2170,ls2170,37,User
5522,fs2171,ls2171,11,User
5523,fs2172,ls2172,37,User
5524,fs2173,ls2173,61,User
5525,fs2174,ls2174,5,User
5526,fs2175,ls2175,49,User
5527,fs2176,ls2176,91,User
5528,fs2177,ls2177,41,User
5529,fs2178,ls2178,85,User
5530,fs2179,ls2179,70,User
5531,fs2180,ls2180,49,User
5532,fs2181,ls2181,32,User
5533,fs2182,ls2182,72,User
5534,fs2183,ls2183,60,User
5535,fs2184,ls2184,45,User
5536,fs2185,ls2185,25,User
5537,fs2186,ls2186,5,User
5538,fs2187,ls2187,74,User
5539,fs2188,ls2188,93,User
5540,fs2189,ls2189,22,User
5541,fs2190,ls2190,24,User
5542,fs2191,ls2191,51,User
5543,fs2192,ls2192,57,User
5544,fs2193,ls2193,63,User
5545,fs2194,ls2194,53,User
5546,fs2195,ls2195,9,User
5547,fs2196,ls2196,45,User
5548,fs2197,ls2197,23,User
5549,fs2198,ls2198,53,User
5550,fs2199,ls2199,87,User
5551,fs2200,ls2200,37,User
5552,fs2201,ls2201,30,User
5553,fs2202,ls2202,89,User
5554,fs2203,ls2203,54,User
5555,fs2204,ls2204,54,User
5556,fs2205,ls2205,27,User
5557,fs2206,ls2206,17,User
5558,fs2207,ls2207,90,User
5559,fs2208,ls2208,36,User
5560,fs2209,ls2209,30,User
5561,fs2210,ls2210,19,User
5562,fs2211,ls2211,43,User
5563,fs2212,ls2212,43,User
5564,fs2213,ls2213,88,User
5565,fs2214,ls2214,8,User
5566,fs2215,ls2215,73,User
5567,fs2216,ls2216,37,User
5568,fs2217,ls2217,65,User
5569,fs2218,ls2218,54,User
5570,fs2219,ls2219,65,User
5571,fs2220,ls2220,9,User
5572,fs2221,ls2221,69,User
5573,fs2222,ls2222,33,User
5574,fs2223,ls2223,93,User
5575,fs2224,ls2224,91,User
5576,fs2225,ls2225,69,User
5577,fs2226,ls2226,23,User
5578,fs2227,ls2227,22,User
5579,fs2228,ls2228,55,User
5580,fs2229,ls2229,75,User
5581,fs2230,ls2230,48,User
5582,fs2231,ls2231,72,User
5583,fs2232,ls2232,15,User
5584,fs2233,ls2233,73,User
5585,fs2234,ls2234,20,User
5586,fs2235,ls2235,43,User
5587,fs2236,ls2236,76,User
5588,fs2237,ls2237,31,User
5589,fs2238,ls2238,63,User
5590,fs2239,ls2239,71,User
5591,fs2240,ls2240,46,User
5592,fs2241,ls2241,20,User
5593,fs2242,ls2242,14,User
5594,fs2243,ls2243,65,User
5595,fs2244,ls2244,76,User
5596,fs2245,ls2245,61,User
5597,fs2246,ls2246,37,User
5598,fs2247,ls2247,5,User
5599,fs2248,ls2248,95,User
5600,fs2249,ls2249,54,User
5601,fs2250,ls2250,99,User
5602,fs2251,ls2251,17,User
5603,fs2252,ls2252,83,User
5604,fs2253,ls2253,70,User
5605,fs2254,ls2254,45,User
5606,fs2255,ls2255,90,User
5607,fs2256,ls2256,72,User
5608,fs2257,ls2257,25,User
5609,fs2258,ls2258,79,User
5610,fs2259,ls2259,67,User
5611,fs2260,ls2260,29,User
5612,fs2261,ls2261,72,User
5613,fs2262,ls2262,72,User
5614,fs2263,ls2263,95,User
5615,fs2264,ls2264,36,User
5616,fs2265,ls2265,30,User
5617,fs2266,ls2266,53,User
5618,fs2267,ls2267,27,User
5619,fs2268,ls2268,49,User
5620,fs2269,ls2269,85,User
5621,fs2270,ls2270,23,User
5622,fs2271,ls2271,13,User
5623,fs2272,ls2272,38,User
5624,fs2273,ls2273,59,User
5625,fs2274,ls2274,89,User
5626,fs2275,ls2275,70,User
5627,fs2276,ls2276,63,User
5628,fs2277,ls2277,32,User
5629,fs2278,ls2278,31,User
5630,fs2279,ls2279,77,User
5631,fs2280,ls2280,63,User
5632,fs2281,ls2281,85,User
5633,fs2282,ls2282,73,User
5634,fs2283,ls2283,17,User
5635,fs2284,ls2284,22,User
5636,fs2285,ls2285,17,User
5637,fs2286,ls2286,15,User
5638,fs2287,ls2287,27,User
5639,fs2288,ls2288,23,User
5640,fs2289,ls2289,78,User
5641,fs2290,ls2290,84,User
5642,fs2291,ls2291,64,User
5643,fs2292,ls2292,25,User
5644,fs2293,ls2293,87,User
5645,fs2294,ls2294,82,User
5646,fs2295,ls2295,45,User
5647,fs2296,ls2296,30,User
5648,fs2297,ls2297,25,User
5649,fs2298,ls2298,57,User
5650,fs2299,ls2299,5,User
5651,fs2300,ls2300,78,User
5652,fs2301,ls2301,72,User
5653,fs2302,ls2302,85,User
5654,fs2303,ls2303,93,User
5655,fs2304,ls2304,97,User
5656,fs2305,ls2305,71,User
5657,fs2306,ls2306,14,User
5658,fs2307,ls2307,21,User
5659,fs2308,ls2308,74,User
5660,fs2309,ls2309,49,User
5661,fs2310,ls2310,40,User
5662,fs2311,ls2311,20,User
5663,fs2312,ls2312,39,User
5664,fs2313,ls2313,45,User
5665,fs2314,ls2314,30,User
5666,fs2315,ls2315,72,User
5667,fs2316,ls2316,62,User
5668,fs2317,ls2317,22,User
5669,fs2318,ls2318,39,User
5670,fs2319,ls2319,79,User
5671,fs2320,ls2320,56,User
5672,fs2321,ls2321,50,User
5673,fs2322,ls2322,45,User
5674,fs2323,ls2323,19,User
5675,fs2324,ls2324,28,User
5676,fs2325,ls2325,73,User
5677,fs2326,ls2326,68,User
5678,fs2327,ls2327,38,User
5679,fs2328,ls2328,5,User
5680,fs2329,ls2329,91,User
5681,fs2330,ls2330,74,User
5682,fs2331,ls2331,43,User
5683,fs2332,ls2332,77,User
5684,fs2333,ls2333,10,User
5685,fs2334,ls2334,84,User
5686,fs2335,ls2335,23,User
5687,fs2336,ls2336,14,User
5688,fs2337,ls2337,65,User
5689,fs2338,ls2338,49,User
5690,fs2339,ls2339,73,User
5691,fs2340,ls2340,88,User
5692,fs2341,ls2341,47,User
5693,fs2342,ls2342,66,User
5694,fs2343,ls2343,74,User
5695,fs2344,ls2344,75,User
5696,fs2345,ls2345,48,User
5697,fs2346,ls2346,66,User
5698,fs2347,ls2347,89,User
5699,fs2348,ls2348,21,User
5700,fs2349,ls2349,55,User
5701,fs2350,ls2350,67,User
5702,fs2351,ls2351,84,User
5703,fs2352,ls2352,62,User
5704,fs2353,ls2353,24,User
5705,fs2354,ls2354,36,User
5706,fs2355,ls2355,20,User
5707,fs2356,ls2356,53,User
5708,fs2357,ls2357,46,User
5709,fs2358,ls2358,5,User
5710,fs2359,ls2359,12,User
5711,fs2360,ls2360,98,User
5712,fs2361,ls2361,53,User
5713,fs2362,ls2362,21,User
5714,fs2363,ls2363,76,User
5715,fs2364,ls2364,6,User
5716,fs2365,ls2365,75,User
5717,fs2366,ls2366,52,User
5718,fs2367,ls2367,22,User
5719,fs2368,ls2368,87,User
5720,fs2369,ls2369,52,User
5721,fs2370,ls2370,39,User
5722,fs2371,ls2371,16,User
5723,fs2372,ls2372,54,User
5724,fs2373,ls2373,97,User
5725,fs2374,ls2374,49,User
5726,fs2375,ls2375,38,User
5727,fs2376,ls2376,25,User
5728,fs2377,ls2377,90,User
5729,fs2378,ls2378,80,User
5730,fs2379,ls2379,26,User
5731,fs2380,ls2380,16,User
5732,fs2381,ls2381,17,User
5733,fs2382,ls2382,59,User
5734,fs2383,ls2383,29,User
5735,fs2384,ls2384,82,User
5736,fs2385,ls2385,84,User
5737,fs2386,ls2386,55,User
5738,fs2387,ls2387,44,User
5739,fs2388,ls2388,6,User
5740,fs2389,ls2389,96,User
5741,fs2390,ls2390,62,User
5742,fs2391,ls2391,31,User
5743,fs2392,ls2392,94,User
5744,fs2393,ls2393,10,User
5745,fs2394,ls2394,62,User
5746,fs2395,ls2395,34,User
5747,fs2396,ls2396,33,User
5748,fs2397,ls2397,97,User
5749,fs2398,ls2398,5,User
5750,fs2399,ls2399,82,User
5751,fs2400,ls2400,85,User
5752,fs2401,ls2401,54,User
5753,fs2402,ls2402,23,User
5754,fs2403,ls2403,78,User
5755,fs2404,ls2404,48,User
5756,fs2405,ls2405,25,User
5757,fs2406,ls2406,19,User
5758,fs2407,ls2407,84,User
5759,fs2408,ls2408,48,User
5760,fs2409,ls2409,84,User
5761,fs2410,ls2410,77,User
5762,fs2411,ls2411,16,User
5763,fs2412,ls2412,83,User
5764,fs2413,ls2413,78,User
5765,fs2414,ls2414,25,User
5766,fs2415,ls2415,90,User
5767,fs2416,ls2416,99,User
5768,fs2417,ls2417,17,User
5769,fs2418,ls2418,92,User
5770,fs2419,ls2419,51,User
5771,fs2420,ls2420,44,User
5772,fs2421,ls2421,59,User
5773,fs2422,ls2422,39,User
5774,fs2423,ls2423,5,User
5775,fs2424,ls2424,62,User
5776,fs2425,ls2425,96,User
5777,fs2426,ls2426,56,User
5778,fs2427,ls2427,15,User
5779,fs2428,ls2428,39,User
5780,fs2429,ls2429,19,User
5781,fs2430,ls2430,98,User
5782,fs2431,ls2431,27,User
5783,fs2432,ls2432,89,User
5784,fs2433,ls2433,27,User
5785,fs2434,ls2434,55,User
5786,fs2435,ls2435,99,User
5787,fs2436,ls2436,39,User
5788,fs2437,ls2437,52,User
5789,fs2438,ls2438,59,User
5790,fs2439,ls2439,40,User
5791,fs2440,ls2440,87,User
5792,fs2441,ls2441,42,User
5793,fs2442,ls2442,93,User
5794,fs2443,ls2443,85,User
5795,fs2444,ls2444,36,User
5796,fs2445,ls2445,47,User
5797,fs2446,ls2446,40,User
5798,fs2447,ls2447,17,User
5799,fs2448,ls2448,69,User
5800,fs2449,ls2449,26,User
5801,fs2450,ls2450,97,User
5802,fs2451,ls2451,90,User
5803,fs2452,ls2452,91,User
5804,fs2453,ls2453,62,User
5805,fs2454,ls2454,18,User
5806,fs2455,ls2455,52,User
5807,fs2456,ls2456,60,User
5808,fs2457,ls2457,79,User
5809,fs2458,ls2458,43,User
5810,fs2459,ls2459,17,User
5811,fs2460,ls2460,30,User
5812,fs2461,ls2461,68,User
5813,fs2462,ls2462,85,User
5814,fs2463,ls2463,79,User
5815,fs2464,ls2464,5,User
5816,fs2465,ls2465,59,User
5817,fs2466,ls2466,51,User
5818,fs2467,ls2467,31,User
5819,fs2468,ls2468,76,User
5820,fs2469,ls2469,90,User
5821,fs2470,ls2470,15,User
5822,fs2471,ls2471,47,User
5823,fs2472,ls2472,53,User
5824,fs2473,ls2473,62,User
5825,fs2474,ls2474,5,User
5826,fs2475,ls2475,58,User
5827,fs2476,ls2476,16,User
5828,fs2477,ls2477,39,User
5829,fs2478,ls2478,58,User
5830,fs2479,ls2479,69,User
5831,fs2480,ls2480,55,User
5832,fs2481,ls2481,73,User
5833,fs2482,ls2482,87,User
5834,fs2483,ls2483,21,User
5835,fs2484,ls2484,66,User
5836,fs2485,ls2485,39,User
5837,fs2486,ls2486,30,User
5838,fs2487,ls2487,45,User
5839,fs2488,ls2488,86,User
5840,fs2489,ls2489,60,User
5841,fs2490,ls2490,22,User
5842,fs2491,ls2491,16,User
5843,fs2492,ls2492,57,User
5844,fs2493,ls2493,31,User
5845,fs2494,ls2494,7,User
5846,fs2495,ls2495,58,User
5847,fs2496,ls2496,7,User
5848,fs2497,ls2497,80,User
5849,fs2498,ls2498,55,User
5850,fs2499,ls2499,50,User
5851,fs2500,ls2500,41,User
5852,fs2501,ls2501,42,User
5853,fs2502,ls2502,97,User
5854,fs2503,ls2503,20,User
5855,fs2504,ls2504,41,User
5856,fs2505,ls2505,44,User
5857,fs2506,ls2506,59,User
5858,fs2507,ls2507,96,User
5859,fs2508,ls2508,35,User
5860,fs2509,ls2509,30,User
5861,fs2510,ls2510,18,User
5862,fs2511,ls2511,79,User
5863,fs2512,ls2512,90,User
5864,fs2513,ls2513,60,User
5865,fs2514,ls2514,55,User
5866,fs2515,ls2515,88,User
5867,fs2516,ls2516,9,User
5868,fs2517,ls2517,19,User
5869,fs2518,ls2518,25,User
5870,fs2519,ls2519,53,User
5871,fs2520,ls2520,52,User
5872,fs2521,ls2521,61,User
5873,fs2522,ls2522,60,User
5874,fs2523,ls2523,72,User
5875,fs2524,ls2524,77,User
5876,fs2525,ls2525,56,User
5877,fs2526,ls2526,93,User
5878,fs2527,ls2527,30,User
5879,fs2528,ls2528,89,User
5880,fs2529,ls2529,66,User
5881,fs2530,ls2530,12,User
5882,fs2531,ls2531,75,User
5883,fs2532,ls2532,62,User
5884,fs2533,ls2533,20,User
5885,fs2534,ls2534,27,User
5886,fs2535,ls2535,59,User
5887,fs2536,ls2536,71,User
5888,fs2537,ls2537,88,User
5889,fs2538,ls2538,67,User
5890,fs2539,ls2539,92,User
5891,fs2540,ls2540,13,User
5892,fs2541,ls2541,94,User
5893,fs2542,ls2542,24,User
5894,fs2543,ls2543,61,User
5895,fs2544,ls2544,17,User
5896,fs2545,ls2545,71,User
5897,fs2546,ls2546,74,User
5898,fs2547,ls2547,28,User
5899,fs2548,ls2548,72,User
5900,fs2549,ls2549,64,User
5901,fs2550,ls2550,37,User
5902,fs2551,ls2551,85,User
5903,fs2552,ls2552,56,User
5904,fs2553,ls2553,60,User
5905,fs2554,ls2554,71,User
5906,fs2555,ls2555,65,User
5907,fs2556,ls2556,69,User
5908,fs2557,ls2557,34,User
5909,fs2558,ls2558,19,User
5910,fs2559,ls2559,35,User
5911,fs2560,ls2560,95,User
5912,fs2561,ls2561,84,User
5913,fs2562,ls2562,37,User
5914,fs2563,ls2563,5,User
5915,fs2564,ls2564,92,User
5916,fs2565,ls2565,56,User
5917,fs2566,ls2566,65,User
5918,fs2567,ls2567,71,User
5919,fs2568,ls2568,9,User
5920,fs2569,ls2569,99,User
5921,fs2570,ls2570,96,User
5922,fs2571,ls2571,75,User
5923,fs2572,ls2572,96,User
5924,fs2573,ls2573,77,User
5925,fs2574,ls2574,97,User
5926,fs2575,ls2575,60,User
5927,fs2576,ls2576,93,User
5928,fs2577,ls2577,91,User
5929,fs2578,ls2578,83,User
5930,fs2579,ls2579,53,User
5931,fs2580,ls2580,91,User
5932,fs2581,ls2581,87,User
5933,fs2582,ls2582,53,User
5934,fs2583,ls2583,94,User
5935,fs2584,ls2584,39,User
5936,fs2585,ls2585,72,User
5937,fs2586,ls2586,86,User
5938,fs2587,ls2587,14,User
5939,fs2588,ls2588,85,User
5940,fs2589,ls2589,31,User
5941,fs2590,ls2590,77,User
5942,fs2591,ls2591,42,User
5943,fs2592,ls2592,48,User
5944,fs2593,ls2593,96,User
5945,fs2594,ls2594,66,User
5946,fs2595,ls2595,24,User
5947,fs2596,ls2596,81,User
5948,fs2597,ls2597,16,User
5949,fs2598,ls2598,32,User
5950,fs2599,ls2599,9,User
5951,fs2600,ls2600,38,User
5952,fs2601,ls2601,47,User
5953,fs2602,ls2602,7,User
5954,fs2603,ls2603,11,User
5955,fs2604,ls2604,44,User
5956,fs2605,ls2605,28,User
5957,fs2606,ls2606,63,User
5958,fs2607,ls2607,72,User
5959,fs2608,ls2608,68,User
5960,fs2609,ls2609,15,User
5961,fs2610,ls2610,72,User
5962,fs2611,ls2611,50,User
5963,fs2612,ls2612,41,User
5964,fs2613,ls2613,63,User
5965,fs2614,ls2614,83,User
5966,fs2615,ls2615,13,User
5967,fs2616,ls2616,71,User
5968,fs2617,ls2617,85,User
5969,fs2618,ls2618,97,User
5970,fs2619,ls2619,43,User
5971,fs2620,ls2620,95,User
5972,fs2621,ls2621,15,User
5973,fs2622,ls2622,68,User
5974,fs2623,ls2623,64,User
5975,fs2624,ls2624,22,User
5976,fs2625,ls2625,29,User
5977,fs2626,ls2626,49,User
5978,fs2627,ls2627,59,User
5979,fs2628,ls2628,75,User
5980,fs2629,ls2629,24,User
5981,fs2630,ls2630,36,User
5982,fs2631,ls2631,9,User
5983,fs2632,ls2632,60,User
5984,fs2633,ls2633,33,User
5985,fs2634,ls2634,48,User
5986,fs2635,ls2635,23,User
5987,fs2636,ls2636,61,User
5988,fs2637,ls2637,68,User
5989,fs2638,ls2638,76,User
5990,fs2639,ls2639,64,User
5991,fs2640,ls2640,80,User
5992,fs2641,ls2641,9,User
5993,fs2642,ls2642,72,User
5994,fs2643,ls2643,99,User
5995,fs2644,ls2644,81,User
5996,fs2645,ls2645,82,User
5997,fs2646,ls2646,31,User
5998,fs2647,ls2647,82,User
5999,fs2648,ls2648,74,User
6000,fs2649,ls2649,57,User
6001,fs2650,ls2650,84,User
6002,fs2651,ls2651,59,User
6003,fs2652,ls2652,15,User
6004,fs2653,ls2653,52,User
6005,fs2654,ls2654,87,User
6006,fs2655,ls2655,50,User
6007,fs2656,ls2656,78,User
6008,fs2657,ls2657,12,User
6009,fs2658,ls2658,24,User
6010,fs2659,ls2659,96,User
6011,fs2660,ls2660,90,User
6012,fs2661,ls2661,48,User
6013,fs2662,ls2662,64,User
6014,fs2663,ls2663,69,User
6015,fs2664,ls2664,50,User
6016,fs2665,ls2665,26,User
6017,fs2666,ls2666,98,User
6018,fs2667,ls2667,23,User
6019,fs2668,ls2668,17,User
6020,fs2669,ls2669,80,User
6021,fs2670,ls2670,62,User
6022,fs2671,ls2671,80,User
6023,fs2672,ls2672,31,User
6024,fs2673,ls2673,63,User
6025,fs2674,ls2674,58,User
6026,fs2675,ls2675,18,User
6027,fs2676,ls2676,22,User
6028,fs2677,ls2677,37,User
6029,fs2678,ls2678,16,User
6030,fs2679,ls2679,9,User
6031,fs2680,ls2680,90,User
6032,fs2681,ls2681,75,User
6033,fs2682,ls2682,8,User
6034,fs2683,ls2683,90,User
6035,fs2684,ls2684,93,User
6036,fs2685,ls2685,62,User
6037,fs2686,ls2686,6,User
6038,fs2687,ls2687,17,User
6039,fs2688,ls2688,8,User
6040,fs2689,ls2689,6,User
6041,fs2690,ls2690,90,User
6042,fs2691,ls2691,35,User
6043,fs2692,ls2692,47,User
6044,fs2693,ls2693,47,User
6045,fs2694,ls2694,24,User
6046,fs2695,ls2695,10,User
6047,fs2696,ls2696,32,User
6048,fs2697,ls2697,85,User
6049,fs2698,ls2698,37,User
6050,fs2699,ls2699,88,User
6051,fs2700,ls2700,17,User
6052,fs2701,ls2701,47,User
6053,fs2702,ls2702,49,User
6054,fs2703,ls2703,45,User
6055,fs2704,ls2704,51,User
6056,fs2705,ls2705,35,User
6057,fs2706,ls2706,59,User
6058,fs2707,ls2707,73,User
6059,fs2708,ls2708,71,User
6060,fs2709,ls2709,91,User
6061,fs2710,ls2710,31,User
6062,fs2711,ls2711,66,User
6063,fs2712,ls2712,39,User
6064,fs2713,ls2713,39,User
6065,fs2714,ls2714,44,User
6066,fs2715,ls2715,93,User
6067,fs2716,ls2716,93,User
6068,fs2717,ls2717,34,User
6069,fs2718,ls2718,43,User
6070,fs2719,ls2719,91,User
6071,fs2720,ls2720,11,User
6072,fs2721,ls2721,46,User
6073,fs2722,ls2722,13,User
6074,fs2723,ls2723,57,User
6075,fs2724,ls2724,20,User
6076,fs2725,ls2725,6,User
6077,fs2726,ls2726,18,User
6078,fs2727,ls2727,60,User
6079,fs2728,ls2728,88,User
6080,fs2729,ls2729,74,User
6081,fs2730,ls2730,45,User
6082,fs2731,ls2731,27,User
6083,fs2732,ls2732,79,User
6084,fs2733,ls2733,84,User
6085,fs2734,ls2734,16,User
6086,fs2735,ls2735,26,User
6087,fs2736,ls2736,95,User
6088,fs2737,ls2737,29,User
6089,fs2738,ls2738,12,User
6090,fs2739,ls2739,7,User
6091,fs2740,ls2740,11,User
6092,fs2741,ls2741,34,User
6093,fs2742,ls2742,46,User
6094,fs2743,ls2743,41,User
6095,fs2744,ls2744,39,User
6096,fs2745,ls2745,78,User
6097,fs2746,ls2746,20,User
6098,fs2747,ls2747,25,User
6099,fs2748,ls2748,17,User
6100,fs2749,ls2749,37,User
6101,fs2750,ls2750,47,User
6102,fs2751,ls2751,41,User
6103,fs2752,ls2752,49,User
6104,fs2753,ls2753,6,User
6105,fs2754,ls2754,98,User
6106,fs2755,ls2755,14,User
6107,fs2756,ls2756,67,User
6108,fs2757,ls2757,81,User
6109,fs2758,ls2758,5,User
6110,fs2759,ls2759,45,User
6111,fs2760,ls2760,79,User
6112,fs2761,ls2761,79,User
6113,fs2762,ls2762,76,User
6114,fs2763,ls2763,82,User
6115,fs2764,ls2764,77,User
6116,fs2765,ls2765,88,User
6117,fs2766,ls2766,62,User
6118,fs2767,ls2767,13,User
6119,fs2768,ls2768,70,User
6120,fs2769,ls2769,91,User
6121,fs2770,ls2770,60,User
6122,fs2771,ls2771,59,User
6123,fs2772,ls2772,75,User
6124,fs2773,ls2773,43,User
6125,fs2774,ls2774,43,User
6126,fs2775,ls2775,86,User
6127,fs2776,ls2776,14,User
6128,fs2777,ls2777,88,User
6129,fs2778,ls2778,79,User
6130,fs2779,ls2779,60,User
6131,fs2780,ls2780,89,User
6132,fs2781,ls2781,64,User
6133,fs2782,ls2782,58,User
6134,fs2783,ls2783,20,User
6135,fs2784,ls2784,71,User
6136,fs2785,ls2785,69,User
6137,fs2786,ls2786,57,User
6138,fs2787,ls2787,85,User
6139,fs2788,ls2788,54,User
6140,fs2789,ls2789,64,User
6141,fs2790,ls2790,56,User
6142,fs2791,ls2791,33,User
6143,fs2792,ls2792,80,User
6144,fs2793,ls2793,62,User
6145,fs2794,ls2794,33,User
6146,fs2795,ls2795,34,User
6147,fs2796,ls2796,46,User
6148,fs2797,ls2797,37,User
6149,fs2798,ls2798,67,User
6150,fs2799,ls2799,85,User
