uid,first_name,last_name
6151,fc0,lc0
6152,fc1,lc1
6153,fc2,lc2
6154,fc3,lc3
6155,fc4,lc4
6156,fc5,lc5
6157,fc6,lc6
6158,fc7,lc7
6159,fc8,lc8
6160,fc9,lc9
6161,fc10,lc10
6162,fc11,lc11
6163,fc12,lc12
6164,fc13,lc13
6165,fc14,lc14
6166,fc15,lc15
6167,fc16,lc16
6168,fc17,lc17
6169,fc18,lc18
6170,fc19,lc19
6171,fc20,lc20
6172,fc21,lc21
6173,fc22,lc22
6174,fc23,lc23
6175,fc24,lc24
6176,fc25,lc25
6177,fc26,lc26
6178,fc27,lc27
6179,fc28,lc28
6180,fc29,lc29
6181,fc30,lc30
6182,fc31,lc31
6183,fc32,lc32
6184,fc33,lc33
6185,fc34,lc34
6186,fc35,lc35
6187,fc36,lc36
6188,fc37,lc37
6189,fc38,lc38
6190,fc39,lc39
6191,fc40,lc40
6192,fc41,lc41
6193,fc42,lc42
6194,fc43,lc43
6195,fc44,lc44
6196,fc45,lc45
6197,fc46,lc46
6198,fc47,lc47
6199,fc48,lc48
6200,fc49,lc49
6201,fc50,lc50
6202,fc51,lc51
6203,fc52,lc52
6204,fc53,lc53
6205,fc54,lc54
6206,fc55,lc55
6207,fc56,lc56
6208,fc57,lc57
6209,fc58,lc58
6210,fc59,lc59
6211,fc60,lc60
6212,fc61,lc61
6213,fc62,lc62
6214,fc63,lc63
6215,fc64,lc64
6216,fc65,lc65
6217,fc66,lc66
6218,fc67,lc67
6219,fc68,lc68
6220,fc69,lc69
6221,fc70,lc70
6222,fc71,lc71
6223,fc72,lc72
6224,fc73,lc73
6225,fc74,lc74
6226,fc75,lc75
6227,fc76,lc76
6228,fc77,lc77
6229,fc78,lc78
6230,fc79,lc79
6231,fc80,lc80
6232,fc81,lc81
6233,fc82,lc82
6234,fc83,lc83
6235,fc84,lc84
6236,fc85,lc85
6237,fc86,lc86
6238,fc87,lc87
6239,fc88,lc88
6240,fc89,lc89
6241,fc90,lc90
6242,fc91,lc91
6243,fc92,lc92
6244,fc93,lc93
6245,fc94,lc94
6246,fc95,lc95
6247,fc96,lc96
6248,fc97,lc97
6249,fc98,lc98
6250,fc99,lc99
6251,fc100,lc100
6252,fc101,lc101
6253,fc102,lc102
6254,fc103,lc103
6255,fc104,lc104
6256,fc105,lc105
6257,fc106,lc106
6258,fc107,lc107
6259,fc108,lc108
6260,fc109,lc109
6261,fc110,lc110
6262,fc111,lc111
6263,fc112,lc112
6264,fc113,lc113
6265,fc114,lc114
6266,fc115,lc115
6267,fc116,lc116
6268,fc117,lc117
6269,fc118,lc118
6270,fc119,lc119
6271,fc120,lc120
6272,fc121,lc121
6273,fc122,lc122
6274,fc123,lc123
6275,fc124,lc124
6276,fc125,lc125
6277,fc126,lc126
6278,fc127,lc127
6279,fc128,lc128
6280,fc129,lc129
6281,fc130,lc130
6282,fc131,lc131
6283,fc132,lc132
6284,fc133,lc133
6285,fc134,lc134
6286,fc135,lc135
6287,fc136,lc136
6288,fc137,lc137
6289,fc138,lc138
6290,fc139,lc139
6291,fc140,lc140
6292,fc141,lc141
6293,fc142,lc142
6294,fc143,lc143
6295,fc144,lc144
6296,fc145,lc145
6297,fc146,lc146
6298,fc147,lc147
6299,fc148,lc148
6300,fc149,lc149
6301,fc150,lc150
6302,fc151,lc151
6303,fc152,lc152
6304,fc153,lc153
6305,fc154,lc154
6306,fc155,lc155
6307,fc156,lc156
6308,fc157,lc157
6309,fc158,lc158
6310,fc159,lc159
6311,fc160,lc160
6312,fc161,lc161
6313,fc162,lc162
6314,fc163,lc163
6315,fc164,lc164
6316,fc165,lc165
6317,fc166,lc166
6318,fc167,lc167
6319,fc168,lc168
6320,fc169,lc169
6321,fc170,lc170
6322,fc171,lc171
6323,fc172,lc172
6324,fc173,lc173
6325,fc174,lc174
6326,fc175,lc175
6327,fc176,lc176
6328,fc177,lc177
6329,fc178,lc178
6330,fc179,lc179
6331,fc180,lc180
6332,fc181,lc181
6333,fc182,lc182
6334,fc183,lc183
6335,fc184,lc184
6336,fc185,lc185
6337,fc186,lc186
6338,fc187,lc187
6339,fc188,lc188
6340,fc189,lc189
6341,fc190,lc190
6342,fc191,lc191
6343,fc192,lc192
6344,fc193,lc193
6345,fc194,lc194
6346,fc195,lc195
6347,fc196,lc196
6348,fc197,lc197
6349,fc198,lc198
6350,fc199,lc199
6351,fc200,lc200
6352,fc201,lc201
6353,fc202,lc202
6354,fc203,lc203
6355,fc204,lc204
6356,fc205,lc205
6357,fc206,lc206
6358,fc207,lc207
6359,fc208,lc208
6360,fc209,lc209
6361,fc210,lc210
6362,fc211,lc211
6363,fc212,lc212
6364,fc213,lc213
6365,fc214,lc214
6366,fc215,lc215
6367,fc216,lc216
6368,fc217,lc217
6369,fc218,lc218
6370,fc219,lc219
6371,fc220,lc220
6372,fc221,lc221
6373,fc222,lc222
6374,fc223,lc223
6375,fc224,lc224
6376,fc225,lc225
6377,fc226,lc226
6378,fc227,lc227
6379,fc228,lc228
6380,fc229,lc229
6381,fc230,lc230
6382,fc231,lc231
6383,fc232,lc232
6384,fc233,lc233
6385,fc234,lc234
6386,fc235,lc235
6387,fc236,lc236
6388,fc237,lc237
6389,fc238,lc238
6390,fc239,lc239
6391,fc240,lc240
6392,fc241,lc241
6393,fc242,lc242
6394,fc243,lc243
6395,fc244,lc244
6396,fc245,lc245
6397,fc246,lc246
6398,fc247,lc247
6399,fc248,lc248
6400,fc249,lc249
6401,fc250,lc250
6402,fc251,lc251
6403,fc252,lc252
6404,fc253,lc253
6405,fc254,lc254
6406,fc255,lc255
6407,fc256,lc256
6408,fc257,lc257
6409,fc258,lc258
6410,fc259,lc259
6411,fc260,lc260
6412,fc261,lc261
6413,fc262,lc262
6414,fc263,lc263
6415,fc264,lc264
6416,fc265,lc265
6417,fc266,lc266
6418,fc267,lc267
6419,fc268,lc268
6420,fc269,lc269
6421,fc270,lc270
6422,fc271,lc271
6423,fc272,lc272
6424,fc273,lc273
6425,fc274,lc274
6426,fc275,lc275
6427,fc276,lc276
6428,fc277,lc277
6429,fc278,lc278
6430,fc279,lc279
6431,fc280,lc280
6432,fc281,lc281
6433,fc282,lc282
6434,fc283,lc283
6435,fc284,lc284
6436,fc285,lc285
6437,fc286,lc286
6438,fc287,lc287
6439,fc288,lc288
6440,fc289,lc289
6441,fc290,lc290
6442,fc291,lc291
6443,fc292,lc292
6444,fc293,lc293
6445,fc294,lc294
6446,fc295,lc295
6447,fc296,lc296
6448,fc297,lc297
6449,fc298,lc298
6450,fc299,lc299
6451,fc300,lc300
6452,fc301,lc301
6453,fc302,lc302
6454,fc303,lc303
6455,fc304,lc304
6456,fc305,lc305
6457,fc306,lc306
6458,fc307,lc307
6459,fc308,lc308
6460,fc309,lc309
6461,fc310,lc310
6462,fc311,lc311
6463,fc312,lc312
6464,fc313,lc313
6465,fc314,lc314
6466,fc315,lc315
6467,fc316,lc316
6468,fc317,lc317
6469,fc318,lc318
6470,fc319,lc319
6471,fc320,lc320
6472,fc321,lc321
6473,fc322,lc322
6474,fc323,lc323
6475,fc324,lc324
6476,fc325,lc325
6477,fc326,lc326
6478,fc327,lc327
6479,fc328,lc328
6480,fc329,lc329
6481,fc330,lc330
6482,fc331,lc331
6483,fc332,lc332
6484,fc333,lc333
6485,fc334,lc334
6486,fc335,lc335
6487,fc336,lc336
6488,fc337,lc337
6489,fc338,lc338
6490,fc339,lc339
6491,fc340,lc340
6492,fc341,lc341
6493,fc342,lc342
6494,fc343,lc343
6495,fc344,lc344
6496,fc345,lc345
6497,fc346,lc346
6498,fc347,lc347
6499,fc348,lc348
6500,fc349,lc349
6501,fc350,lc350
6502,fc351,lc351
6503,fc352,lc352
6504,fc353,lc353
6505,fc354,lc354
6506,fc355,lc355
6507,fc356,lc356
6508,fc357,lc357
6509,fc358,lc358
6510,fc359,lc359
6511,fc360,lc360
6512,fc361,lc361
6513,fc362,lc362
6514,fc363,lc363
6515,fc364,lc364
6516,fc365,lc365
6517,fc366,lc366
6518,fc367,lc367
6519,fc368,lc368
6520,fc369,lc369
6521,fc370,lc370
6522,fc371,lc371
6523,fc372,lc372
6524,fc373,lc373
6525,fc374,lc374
6526,fc375,lc375
6527,fc376,lc376
6528,fc377,lc377
6529,fc378,lc378
6530,fc379,lc379
6531,fc380,lc380
6532,fc381,lc381
6533,fc382,lc382
6534,fc383,lc383
6535,fc384,lc384
6536,fc385,lc385
6537,fc386,lc386
6538,fc387,lc387
6539,fc388,lc388
6540,fc389,lc389
6541,fc390,lc390
6542,fc391,lc391
6543,fc392,lc392
6544,fc393,lc393
6545,fc394,lc394
6546,fc395,lc395
6547,fc396,lc396
6548,fc397,lc397
6549,fc398,lc398
6550,fc399,lc399
6551,fc400,lc400
6552,fc401,lc401
6553,fc402,lc402
6554,fc403,lc403
6555,fc404,lc404
6556,fc405,lc405
6557,fc406,lc406
6558,fc407,lc407
6559,fc408,lc408
6560,fc409,lc409
6561,fc410,lc410
6562,fc411,lc411
6563,fc412,lc412
6564,fc413,lc413
6565,fc414,lc414
6566,fc415,lc415
6567,fc416,lc416
6568,fc417,lc417
6569,fc418,lc418
6570,fc419,lc419
6571,fc420,lc420
6572,fc421,lc421
6573,fc422,lc422
6574,fc423,lc423
6575,fc424,lc424
6576,fc425,lc425
6577,fc426,lc426
6578,fc427,lc427
6579,fc428,lc428
6580,fc429,lc429
6581,fc430,lc430
6582,fc431,lc431
6583,fc432,lc432
6584,fc433,lc433
6585,fc434,lc434
6586,fc435,lc435
6587,fc436,lc436
6588,fc437,lc437
6589,fc438,lc438
6590,fc439,lc439
6591,fc440,lc440
6592,fc441,lc441
6593,fc442,lc442
6594,fc443,lc443
6595,fc444,lc444
6596,fc445,lc445
6597,fc446,lc446
6598,fc447,lc447
6599,fc448,lc448
6600,fc449,lc449
6601,fc450,lc450
6602,fc451,lc451
6603,fc452,lc452
6604,fc453,lc453
6605,fc454,lc454
6606,fc455,lc455
6607,fc456,lc456
6608,fc457,lc457
6609,fc458,lc458
6610,fc459,lc459
6611,fc460,lc460
6612,fc461,lc461
6613,fc462,lc462
6614,fc463,lc463
6615,fc464,lc464
6616,fc465,lc465
6617,fc466,lc466
6618,fc467,lc467
6619,fc468,lc468
6620,fc469,lc469
6621,fc470,lc470
6622,fc471,lc471
6623,fc472,lc472
6624,fc473,lc473
6625,fc474,lc474
6626,fc475,lc475
6627,fc476,lc476
6628,fc477,lc477
6629,fc478,lc478
6630,fc479,lc479
6631,fc480,lc480
6632,fc481,lc481
6633,fc482,lc482
6634,fc483,lc483
6635,fc484,lc484
6636,fc485,lc485
6637,fc486,lc486
6638,fc487,lc487
6639,fc488,lc488
6640,fc489,lc489
6641,fc490,lc490
6642,fc491,lc491
6643,fc492,lc492
6644,fc493,lc493
6645,fc494,lc494
6646,fc495,lc495
6647,fc496,lc496
6648,fc497,lc497
6649,fc498,lc498
6650,fc499,lc499
6651,fc500,lc500
6652,fc501,lc501
6653,fc502,lc502
6654,fc503,lc503
6655,fc504,lc504
6656,fc505,lc505
6657,fc506,lc506
6658,fc507,lc507
6659,fc508,lc508
6660,fc509,lc509
6661,fc510,lc510
6662,fc511,lc511
6663,fc512,lc512
6664,fc513,lc513
6665,fc514,lc514
6666,fc515,lc515
6667,fc516,lc516
6668,fc517,lc517
6669,fc518,lc518
6670,fc519,lc519
6671,fc520,lc520
6672,fc521,lc521
6673,fc522,lc522
6674,fc523,lc523
6675,fc524,lc524
6676,fc525,lc525
6677,fc526,lc526
6678,fc527,lc527
6679,fc528,lc528
6680,fc529,lc529
6681,fc530,lc530
6682,fc531,lc531
6683,fc532,lc532
6684,fc533,lc533
6685,fc534,lc534
6686,fc535,lc535
6687,fc536,lc536
6688,fc537,lc537
6689,fc538,lc538
6690,fc539,lc539
6691,fc540,lc540
6692,fc541,lc541
6693,fc542,lc542
6694,fc543,lc543
6695,fc544,lc544
6696,fc545,lc545
6697,fc546,lc546
6698,fc547,lc547
6699,fc548,lc548
6700,fc549,lc549
6701,fc550,lc550
6702,fc551,lc551
6703,fc552,lc552
6704,fc553,lc553
6705,fc554,lc554
6706,fc555,lc555
6707,fc556,lc556
6708,fc557,lc557
6709,fc558,lc558
6710,fc559,lc559
6711,fc560,lc560
6712,fc561,lc561
6713,fc562,lc562
6714,fc563,lc563
6715,fc564,lc564
6716,fc565,lc565
6717,fc566,lc566
6718,fc567,lc567
6719,fc568,lc568
6720,fc569,lc569
6721,fc570,lc570
6722,fc571,lc571
6723,fc572,lc572
6724,fc573,lc573
6725,fc574,lc574
6726,fc575,lc575
6727,fc576,lc576
6728,fc577,lc577
6729,fc578,lc578
6730,fc579,lc579
6731,fc580,lc580
6732,fc581,lc581
6733,fc582,lc582
6734,fc583,lc583
6735,fc584,lc584
6736,fc585,lc585
6737,fc586,lc586
6738,fc587,lc587
6739,fc588,lc588
6740,fc589,lc589
6741,fc590,lc590
6742,fc591,lc591
6743,fc592,lc592
6744,fc593,lc593
6745,fc594,lc594
6746,fc595,lc595
6747,fc596,lc596
6748,fc597,lc597
6749,fc598,lc598
6750,fc599,lc599
6751,fc600,lc600
6752,fc601,lc601
6753,fc602,lc602
6754,fc603,lc603
6755,fc604,lc604
6756,fc605,lc605
6757,fc606,lc606
6758,fc607,lc607
6759,fc608,lc608
6760,fc609,lc609
6761,fc610,lc610
6762,fc611,lc611
6763,fc612,lc612
6764,fc613,lc613
6765,fc614,lc614
6766,fc615,lc615
6767,fc616,lc616
6768,fc617,lc617
6769,fc618,lc618
6770,fc619,lc619
6771,fc620,lc620
6772,fc621,lc621
6773,fc622,lc622
6774,fc623,lc623
6775,fc624,lc624
6776,fc625,lc625
6777,fc626,lc626
6778,fc627,lc627
6779,fc628,lc628
6780,fc629,lc629
6781,fc630,lc630
6782,fc631,lc631
6783,fc632,lc632
6784,fc633,lc633
6785,fc634,lc634
6786,fc635,lc635
6787,fc636,lc636
6788,fc637,lc637
6789,fc638,lc638
6790,fc639,lc639
6791,fc640,lc640
6792,fc641,lc641
6793,fc642,lc642
6794,fc643,lc643
6795,fc644,lc644
6796,fc645,lc645
6797,fc646,lc646
6798,fc647,lc647
6799,fc648,lc648
6800,fc649,lc649
6801,fc650,lc650
6802,fc651,lc651
6803,fc652,lc652
6804,fc653,lc653
6805,fc654,lc654
6806,fc655,lc655
6807,fc656,lc656
6808,fc657,lc657
6809,fc658,lc658
6810,fc659,lc659
6811,fc660,lc660
6812,fc661,lc661
6813,fc662,lc662
6814,fc663,lc663
6815,fc664,lc664
6816,fc665,lc665
6817,fc666,lc666
6818,fc667,lc667
6819,fc668,lc668
6820,fc669,lc669
6821,fc670,lc670
6822,fc671,lc671
6823,fc672,lc672
6824,fc673,lc673
6825,fc674,lc674
6826,fc675,lc675
6827,fc676,lc676
6828,fc677,lc677
6829,fc678,lc678
6830,fc679,lc679
6831,fc680,lc680
6832,fc681,lc681
6833,fc682,lc682
6834,fc683,lc683
6835,fc684,lc684
6836,fc685,lc685
6837,fc686,lc686
6838,fc687,lc687
6839,fc688,lc688
6840,fc689,lc689
6841,fc690,lc690
6842,fc691,lc691
6843,fc692,lc692
6844,fc693,lc693
6845,fc694,lc694
6846,fc695,lc695
6847,fc696,lc696
6848,fc697,lc697
6849,fc698,lc698
6850,fc699,lc699
6851,fc700,lc700
6852,fc701,lc701
6853,fc702,lc702
6854,fc703,lc703
6855,fc704,lc704
6856,fc705,lc705
6857,fc706,lc706
6858,fc707,lc707
6859,fc708,lc708
6860,fc709,lc709
6861,fc710,lc710
6862,fc711,lc711
6863,fc712,lc712
6864,fc713,lc713
6865,fc714,lc714
6866,fc715,lc715
6867,fc716,lc716
6868,fc717,lc717
6869,fc718,lc718
6870,fc719,lc719
6871,fc720,lc720
6872,fc721,lc721
6873,fc722,lc722
6874,fc723,lc723
6875,fc724,lc724
6876,fc725,lc725
6877,fc726,lc726
6878,fc727,lc727
6879,fc728,lc728
6880,fc729,lc729
6881,fc730,lc730
6882,fc731,lc731
6883,fc732,lc732
6884,fc733,lc733
6885,fc734,lc734
6886,fc735,lc735
6887,fc736,lc736
6888,fc737,lc737
6889,fc738,lc738
6890,fc739,lc739
6891,fc740,lc740
6892,fc741,lc741
6893,fc742,lc742
6894,fc743,lc743
6895,fc744,lc744
6896,fc745,lc745
6897,fc746,lc746
6898,fc747,lc747
6899,fc748,lc748
6900,fc749,lc749
6901,fc750,lc750
6902,fc751,lc751
6903,fc752,lc752
6904,fc753,lc753
6905,fc754,lc754
6906,fc755,lc755
6907,fc756,lc756
6908,fc757,lc757
6909,fc758,lc758
6910,fc759,lc759
6911,fc760,lc760
6912,fc761,lc761
6913,fc762,lc762
6914,fc763,lc763
6915,fc764,lc764
6916,fc765,lc765
6917,fc766,lc766
6918,fc767,lc767
6919,fc768,lc768
6920,fc769,lc769
6921,fc770,lc770
6922,fc771,lc771
6923,fc772,lc772
6924,fc773,lc773
6925,fc774,lc774
6926,fc775,lc775
6927,fc776,lc776
6928,fc777,lc777
6929,fc778,lc778
6930,fc779,lc779
6931,fc780,lc780
6932,fc781,lc781
6933,fc782,lc782
6934,fc783,lc783
6935,fc784,lc784
6936,fc785,lc785
6937,fc786,lc786
6938,fc787,lc787
6939,fc788,lc788
6940,fc789,lc789
6941,fc790,lc790
6942,fc791,lc791
6943,fc792,lc792
6944,fc793,lc793
6945,fc794,lc794
6946,fc795,lc795
6947,fc796,lc796
6948,fc797,lc797
6949,fc798,lc798
6950,fc799,lc799
6951,fc800,lc800
6952,fc801,lc801
6953,fc802,lc802
6954,fc803,lc803
6955,fc804,lc804
6956,fc805,lc805
6957,fc806,lc806
6958,fc807,lc807
6959,fc808,lc808
6960,fc809,lc809
6961,fc810,lc810
6962,fc811,lc811
6963,fc812,lc812
6964,fc813,lc813
6965,fc814,lc814
6966,fc815,lc815
6967,fc816,lc816
6968,fc817,lc817
6969,fc818,lc818
6970,fc819,lc819
6971,fc820,lc820
6972,fc821,lc821
6973,fc822,lc822
6974,fc823,lc823
6975,fc824,lc824
6976,fc825,lc825
6977,fc826,lc826
6978,fc827,lc827
6979,fc828,lc828
6980,fc829,lc829
6981,fc830,lc830
6982,fc831,lc831
6983,fc832,lc832
6984,fc833,lc833
6985,fc834,lc834
6986,fc835,lc835
6987,fc836,lc836
6988,fc837,lc837
6989,fc838,lc838
6990,fc839,lc839
6991,fc840,lc840
6992,fc841,lc841
6993,fc842,lc842
6994,fc843,lc843
6995,fc844,lc844
6996,fc845,lc845
6997,fc846,lc846
6998,fc847,lc847
6999,fc848,lc848
7000,fc849,lc849
7001,fc850,lc850
7002,fc851,lc851
7003,fc852,lc852
7004,fc853,lc853
7005,fc854,lc854
7006,fc855,lc855
7007,fc856,lc856
7008,fc857,lc857
7009,fc858,lc858
7010,fc859,lc859
7011,fc860,lc860
7012,fc861,lc861
7013,fc862,lc862
7014,fc863,lc863
7015,fc864,lc864
7016,fc865,lc865
7017,fc866,lc866
7018,fc867,lc867
7019,fc868,lc868
7020,fc869,lc869
7021,fc870,lc870
7022,fc871,lc871
7023,fc872,lc872
7024,fc873,lc873
7025,fc874,lc874
7026,fc875,lc875
7027,fc876,lc876
7028,fc877,lc877
7029,fc878,lc878
7030,fc879,lc879
7031,fc880,lc880
7032,fc881,lc881
7033,fc882,lc882
7034,fc883,lc883
7035,fc884,lc884
7036,fc885,lc885
7037,fc886,lc886
7038,fc887,lc887
7039,fc888,lc888
7040,fc889,lc889
7041,fc890,lc890
7042,fc891,lc891
7043,fc892,lc892
7044,fc893,lc893
7045,fc894,lc894
7046,fc895,lc895
7047,fc896,lc896
7048,fc897,lc897
7049,fc898,lc898
7050,fc899,lc899
7051,fc900,lc900
7052,fc901,lc901
7053,fc902,lc902
7054,fc903,lc903
7055,fc904,lc904
7056,fc905,lc905
7057,fc906,lc906
7058,fc907,lc907
7059,fc908,lc908
7060,fc909,lc909
7061,fc910,lc910
7062,fc911,lc911
7063,fc912,lc912
7064,fc913,lc913
7065,fc914,lc914
7066,fc915,lc915
7067,fc916,lc916
7068,fc917,lc917
7069,fc918,lc918
7070,fc919,lc919
7071,fc920,lc920
7072,fc921,lc921
7073,fc922,lc922
7074,fc923,lc923
7075,fc924,lc924
7076,fc925,lc925
7077,fc926,lc926
7078,fc927,lc927
7079,fc928,lc928
7080,fc929,lc929
7081,fc930,lc930
7082,fc931,lc931
7083,fc932,lc932
7084,fc933,lc933
7085,fc934,lc934
7086,fc935,lc935
7087,fc936,lc936
7088,fc937,lc937
7089,fc938,lc938
7090,fc939,lc939
7091,fc940,lc940
7092,fc941,lc941
7093,fc942,lc942
7094,fc943,lc943
7095,fc944,lc944
7096,fc945,lc945
7097,fc946,lc946
7098,fc947,lc947
7099,fc948,lc948
7100,fc949,lc949
7101,fc950,lc950
7102,fc951,lc951
7103,fc952,lc952
7104,fc953,lc953
7105,fc954,lc954
7106,fc955,lc955
7107,fc956,lc956
7108,fc957,lc957
7109,fc958,lc958
7110,fc959,lc959
7111,fc960,lc960
7112,fc961,lc961
7113,fc962,lc962
7114,fc963,lc963
7115,fc964,lc964
7116,fc965,lc965
7117,fc966,lc966
7118,fc967,lc967
7119,fc968,lc968
7120,fc969,lc969
7121,fc970,lc970
7122,fc971,lc971
7123,fc972,lc972
7124,fc973,lc973
7125,fc974,lc974
7126,fc975,lc975
7127,fc976,lc976
7128,fc977,lc977
7129,fc978,lc978
7130,fc979,lc979
7131,fc980,lc980
7132,fc981,lc981
7133,fc982,lc982
7134,fc983,lc983
7135,fc984,lc984
7136,fc985,lc985
7137,fc986,lc986
7138,fc987,lc987
7139,fc988,lc988
7140,fc989,lc989
7141,fc990,lc990
7142,fc991,lc991
7143,fc992,lc992
7144,fc993,lc993
7145,fc994,lc994
7146,fc995,lc995
7147,fc996,lc996
7148,fc997,lc997
7149,fc998,lc998
7150,fc999,lc999
7151,fc1000,lc1000
7152,fc1001,lc1001
7153,fc1002,lc1002
7154,fc1003,lc1003
7155,fc1004,lc1004
7156,fc1005,lc1005
7157,fc1006,lc1006
7158,fc1007,lc1007
7159,fc1008,lc1008
7160,fc1009,lc1009
7161,fc1010,lc1010
7162,fc1011,lc1011
7163,fc1012,lc1012
7164,fc1013,lc1013
7165,fc1014,lc1014
7166,fc1015,lc1015
7167,fc1016,lc1016
7168,fc1017,lc1017
7169,fc1018,lc1018
7170,fc1019,lc1019
7171,fc1020,lc1020
7172,fc1021,lc1021
7173,fc1022,lc1022
7174,fc1023,lc1023
7175,fc1024,lc1024
7176,fc1025,lc1025
7177,fc1026,lc1026
7178,fc1027,lc1027
7179,fc1028,lc1028
7180,fc1029,lc1029
7181,fc1030,lc1030
7182,fc1031,lc1031
7183,fc1032,lc1032
7184,fc1033,lc1033
7185,fc1034,lc1034
7186,fc1035,lc1035
7187,fc1036,lc1036
7188,fc1037,lc1037
7189,fc1038,lc1038
7190,fc1039,lc1039
7191,fc1040,lc1040
7192,fc1041,lc1041
7193,fc1042,lc1042
7194,fc1043,lc1043
7195,fc1044,lc1044
7196,fc1045,lc1045
7197,fc1046,lc1046
7198,fc1047,lc1047
7199,fc1048,lc1048
7200,fc1049,lc1049
7201,fc1050,lc1050
7202,fc1051,lc1051
7203,fc1052,lc1052
7204,fc1053,lc1053
7205,fc1054,lc1054
7206,fc1055,lc1055
7207,fc1056,lc1056
7208,fc1057,lc1057
7209,fc1058,lc1058
7210,fc1059,lc1059
7211,fc1060,lc1060
7212,fc1061,lc1061
7213,fc1062,lc1062
7214,fc1063,lc1063
7215,fc1064,lc1064
7216,fc1065,lc1065
7217,fc1066,lc1066
7218,fc1067,lc1067
7219,fc1068,lc1068
7220,fc1069,lc1069
7221,fc1070,lc1070
7222,fc1071,lc1071
7223,fc1072,lc1072
7224,fc1073,lc1073
7225,fc1074,lc1074
7226,fc1075,lc1075
7227,fc1076,lc1076
7228,fc1077,lc1077
7229,fc1078,lc1078
7230,fc1079,lc1079
7231,fc1080,lc1080
7232,fc1081,lc1081
7233,fc1082,lc1082
7234,fc1083,lc1083
7235,fc1084,lc1084
7236,fc1085,lc1085
7237,fc1086,lc1086
7238,fc1087,lc1087
7239,fc1088,lc1088
7240,fc1089,lc1089
7241,fc1090,lc1090
7242,fc1091,lc1091
7243,fc1092,lc1092
7244,fc1093,lc1093
7245,fc1094,lc1094
7246,fc1095,lc1095
7247,fc1096,lc1096
7248,fc1097,lc1097
7249,fc1098,lc1098
7250,fc1099,lc1099
7251,fc1100,lc1100
7252,fc1101,lc1101
7253,fc1102,lc1102
7254,fc1103,lc1103
7255,fc1104,lc1104
7256,fc1105,lc1105
7257,fc1106,lc1106
7258,fc1107,lc1107
7259,fc1108,lc1108
7260,fc1109,lc1109
7261,fc1110,lc1110
7262,fc1111,lc1111
7263,fc1112,lc1112
7264,fc1113,lc1113
7265,fc1114,lc1114
7266,fc1115,lc1115
7267,fc1116,lc1116
7268,fc1117,lc1117
7269,fc1118,lc1118
7270,fc1119,lc1119
7271,fc1120,lc1120
7272,fc1121,lc1121
7273,fc1122,lc1122
7274,fc1123,lc1123
7275,fc1124,lc1124
7276,fc1125,lc1125
7277,fc1126,lc1126
7278,fc1127,lc1127
7279,fc1128,lc1128
7280,fc1129,lc1129
7281,fc1130,lc1130
7282,fc1131,lc1131
7283,fc1132,lc1132
7284,fc1133,lc1133
7285,fc1134,lc1134
7286,fc1135,lc1135
7287,fc1136,lc1136
7288,fc1137,lc1137
7289,fc1138,lc1138
7290,fc1139,lc1139
7291,fc1140,lc1140
7292,fc1141,lc1141
7293,fc1142,lc1142
7294,fc1143,lc1143
7295,fc1144,lc1144
7296,fc1145,lc1145
7297,fc1146,lc1146
7298,fc1147,lc1147
7299,fc1148,lc1148
7300,fc1149,lc1149
7301,fc1150,lc1150
7302,fc1151,lc1151
7303,fc1152,lc1152
7304,fc1153,lc1153
7305,fc1154,lc1154
7306,fc1155,lc1155
7307,fc1156,lc1156
7308,fc1157,lc1157
7309,fc1158,lc1158
7310,fc1159,lc1159
7311,fc1160,lc1160
7312,fc1161,lc1161
7313,fc1162,lc1162
7314,fc1163,lc1163
7315,fc1164,lc1164
7316,fc1165,lc1165
7317,fc1166,lc1166
7318,fc1167,lc1167
7319,fc1168,lc1168
7320,fc1169,lc1169
7321,fc1170,lc1170
7322,fc1171,lc1171
7323,fc1172,lc1172
7324,fc1173,lc1173
7325,fc1174,lc1174
7326,fc1175,lc1175
7327,fc1176,lc1176
7328,fc1177,lc1177
7329,fc1178,lc1178
7330,fc1179,lc1179
7331,fc1180,lc1180
7332,fc1181,lc1181
7333,fc1182,lc1182
7334,fc1183,lc1183
7335,fc1184,lc1184
7336,fc1185,lc1185
7337,fc1186,lc1186
7338,fc1187,lc1187
7339,fc1188,lc1188
7340,fc1189,lc1189
7341,fc1190,lc1190
7342,fc1191,lc1191
7343,fc1192,lc1192
7344,fc1193,lc1193
7345,fc1194,lc1194
7346,fc1195,lc1195
7347,fc1196,lc1196
7348,fc1197,lc1197
7349,fc1198,lc1198
7350,fc1199,lc1199
7351,fc1200,lc1200
7352,fc1201,lc1201
7353,fc1202,lc1202
7354,fc1203,lc1203
7355,fc1204,lc1204
7356,fc1205,lc1205
7357,fc1206,lc1206
7358,fc1207,lc1207
7359,fc1208,lc1208
7360,fc1209,lc1209
7361,fc1210,lc1210
7362,fc1211,lc1211
7363,fc1212,lc1212
7364,fc1213,lc1213
7365,fc1214,lc1214
7366,fc1215,lc1215
7367,fc1216,lc1216
7368,fc1217,lc1217
7369,fc1218,lc1218
7370,fc1219,lc1219
7371,fc1220,lc1220
7372,fc1221,lc1221
7373,fc1222,lc1222
7374,fc1223,lc1223
7375,fc1224,lc1224
7376,fc1225,lc1225
7377,fc1226,lc1226
7378,fc1227,lc1227
7379,fc1228,lc1228
7380,fc1229,lc1229
7381,fc1230,lc1230
7382,fc1231,lc1231
7383,fc1232,lc1232
7384,fc1233,lc1233
7385,fc1234,lc1234
7386,fc1235,lc1235
7387,fc1236,lc1236
7388,fc1237,lc1237
7389,fc1238,lc1238
7390,fc1239,lc1239
7391,fc1240,lc1240
7392,fc1241,lc1241
7393,fc1242,lc1242
7394,fc1243,lc1243
7395,fc1244,lc1244
7396,fc1245,lc1245
7397,fc1246,lc1246
7398,fc1247,lc1247
7399,fc1248,lc1248
7400,fc1249,lc1249
