uid,name,ceo,description
676,C0,1,company0
677,C1,2,company1
678,C2,3,company2
679,C3,4,company3
680,C4,5,company4
681,C5,6,company5
682,C6,7,company6
683,C7,8,company7
684,C8,9,company8
685,C9,10,company9
686,C10,11,company10
687,C11,12,company11
688,C12,13,company12
689,C13,14,company13
690,C14,15,company14
691,C15,16,company15
692,C16,17,company16
693,C17,18,company17
694,C18,19,company18
695,C19,20,company19
696,C20,21,company20
697,C21,22,company21
698,C22,23,company22
699,C23,24,company23
700,C24,25,company24
701,C25,26,company25
702,C26,27,company26
703,C27,28,company27
704,C28,29,company28
705,C29,30,company29
706,C30,31,company30
707,C31,32,company31
708,C32,33,company32
709,C33,34,company33
710,C34,35,company34
711,C35,36,company35
712,C36,37,company36
713,C37,38,company37
714,C38,39,company38
715,C39,40,company39
716,C40,41,company40
717,C41,42,company41
718,C42,43,company42
719,C43,44,company43
720,C44,45,company44
721,C45,46,company45
722,C46,47,company46
723,C47,48,company47
724,C48,49,company48
725,C49,50,company49
726,C50,51,company50
727,C51,52,company51
728,C52,53,company52
729,C53,54,company53
730,C54,55,company54
731,C55,56,company55
732,C56,57,company56
733,C57,58,company57
734,C58,59,company58
735,C59,60,company59
736,C60,61,company60
737,C61,62,company61
738,C62,63,company62
739,C63,64,company63
740,C64,65,company64
741,C65,66,company65
742,C66,67,company66
743,C67,68,company67
744,C68,69,company68
745,C69,70,company69
746,C70,71,company70
747,C71,72,company71
748,C72,73,company72
749,C73,74,company73
750,C74,75,company74
751,C75,76,company75
752,C76,77,company76
753,C77,78,company77
754,C78,79,company78
755,C79,80,company79
756,C80,81,company80
757,C81,82,company81
758,C82,83,company82
759,C83,84,company83
760,C84,85,company84
761,C85,86,company85
762,C86,87,company86
763,C87,88,company87
764,C88,89,company88
765,C89,90,company89
766,C90,91,company90
767,C91,92,company91
768,C92,93,company92
769,C93,94,company93
770,C94,95,company94
771,C95,96,company95
772,C96,97,company96
773,C97,98,company97
774,C98,99,company98
775,C99,100,company99
776,C100,101,company100
777,C101,102,company101
778,C102,103,company102
779,C103,104,company103
780,C104,105,company104
781,C105,106,company105
782,C106,107,company106
783,C107,108,company107
784,C108,109,company108
785,C109,110,company109
786,C110,111,company110
787,C111,112,company111
788,C112,113,company112
789,C113,114,company113
790,C114,115,company114
791,C115,116,company115
792,C116,117,company116
793,C117,118,company117
794,C118,119,company118
795,C119,120,company119
796,C120,121,company120
797,C121,122,company121
798,C122,123,company122
799,C123,124,company123
800,C124,125,company124
801,C125,126,company125
802,C126,127,company126
803,C127,128,company127
804,C128,129,company128
805,C129,130,company129
806,C130,131,company130
807,C131,132,company131
808,C132,133,company132
809,C133,134,company133
810,C134,135,company134
811,C135,136,company135
812,C136,137,company136
813,C137,138,company137
814,C138,139,company138
815,C139,140,company139
816,C140,141,company140
817,C141,142,company141
818,C142,143,company142
819,C143,144,company143
820,C144,145,company144
821,C145,146,company145
822,C146,147,company146
823,C147,148,company147
824,C148,149,company148
825,C149,150,company149
826,C150,151,company150
827,C151,152,company151
828,C152,153,company152
829,C153,154,company153
830,C154,155,company154
831,C155,156,company155
832,C156,157,company156
833,C157,158,company157
834,C158,159,company158
835,C159,160,company159
836,C160,161,company160
837,C161,162,company161
838,C162,163,company162
839,C163,164,company163
840,C164,165,company164
841,C165,166,company165
842,C166,167,company166
843,C167,168,company167
844,C168,169,company168
845,C169,170,company169
846,C170,171,company170
847,C171,172,company171
848,C172,173,company172
849,C173,174,company173
850,C174,175,company174
851,C175,176,company175
852,C176,177,company176
853,C177,178,company177
854,C178,179,company178
855,C179,180,company179
856,C180,181,company180
857,C181,182,company181
858,C182,183,company182
859,C183,184,company183
860,C184,185,company184
861,C185,186,company185
862,C186,187,company186
863,C187,188,company187
864,C188,189,company188
865,C189,190,company189
866,C190,191,company190
867,C191,192,company191
868,C192,193,company192
869,C193,194,company193
870,C194,195,company194
871,C195,196,company195
872,C196,197,company196
873,C197,198,company197
874,C198,199,company198
875,C199,200,company199
876,C200,201,company200
877,C201,202,company201
878,C202,203,company202
879,C203,204,company203
880,C204,205,company204
881,C205,206,company205
882,C206,207,company206
883,C207,208,company207
884,C208,209,company208
885,C209,210,company209
886,C210,211,company210
887,C211,212,company211
888,C212,213,company212
889,C213,214,company213
890,C214,215,company214
891,C215,216,company215
892,C216,217,company216
893,C217,218,company217
894,C218,219,company218
895,C219,220,company219
896,C220,221,company220
897,C221,222,company221
898,C222,223,company222
899,C223,224,company223
900,C224,225,company224
901,C225,226,company225
902,C226,227,company226
903,C227,228,company227
904,C228,229,company228
905,C229,230,company229
906,C230,231,company230
907,C231,232,company231
908,C232,233,company232
909,C233,234,company233
910,C234,235,company234
911,C235,236,company235
912,C236,237,company236
913,C237,238,company237
914,C238,239,company238
915,C239,240,company239
916,C240,241,company240
917,C241,242,company241
918,C242,243,company242
919,C243,244,company243
920,C244,245,company244
921,C245,246,company245
922,C246,247,company246
923,C247,248,company247
924,C248,249,company248
925,C249,250,company249
926,C250,251,company250
927,C251,252,company251
928,C252,253,company252
929,C253,254,company253
930,C254,255,company254
931,C255,256,company255
932,C256,257,company256
933,C257,258,company257
934,C258,259,company258
935,C259,260,company259
936,C260,261,company260
937,C261,262,company261
938,C262,263,company262
939,C263,264,company263
940,C264,265,company264
941,C265,266,company265
942,C266,267,company266
943,C267,268,company267
944,C268,269,company268
945,C269,270,company269
946,C270,271,company270
947,C271,272,company271
948,C272,273,company272
949,C273,274,company273
950,C274,275,company274
951,C275,276,company275
952,C276,277,company276
953,C277,278,company277
954,C278,279,company278
955,C279,280,company279
956,C280,281,company280
957,C281,282,company281
958,C282,283,company282
959,C283,284,company283
960,C284,285,company284
961,C285,286,company285
962,C286,287,company286
963,C287,288,company287
964,C288,289,company288
965,C289,290,company289
966,C290,291,company290
967,C291,292,company291
968,C292,293,company292
969,C293,294,company293
970,C294,295,company294
971,C295,296,company295
972,C296,297,company296
973,C297,298,company297
974,C298,299,company298
975,C299,300,company299
976,C300,301,company300
977,C301,302,company301
978,C302,303,company302
979,C303,304,company303
980,C304,305,company304
981,C305,306,company305
982,C306,307,company306
983,C307,308,company307
984,C308,309,company308
985,C309,310,company309
986,C310,311,company310
987,C311,312,company311
988,C312,313,company312
989,C313,314,company313
990,C314,315,company314
991,C315,316,company315
992,C316,317,company316
993,C317,318,company317
994,C318,319,company318
995,C319,320,company319
996,C320,321,company320
997,C321,322,company321
998,C322,323,company322
999,C323,324,company323
1000,C324,325,company324
1001,C325,326,company325
1002,C326,327,company326
1003,C327,328,company327
1004,C328,329,company328
1005,C329,330,company329
1006,C330,331,company330
1007,C331,332,company331
1008,C332,333,company332
1009,C333,334,company333
1010,C334,335,company334
1011,C335,336,company335
1012,C336,337,company336
1013,C337,338,company337
1014,C338,339,company338
1015,C339,340,company339
1016,C340,341,company340
1017,C341,342,company341
1018,C342,343,company342
1019,C343,344,company343
1020,C344,345,company344
1021,C345,346,company345
1022,C346,347,company346
1023,C347,348,company347
1024,C348,349,company348
1025,C349,350,company349
1026,C350,351,company350
1027,C351,352,company351
1028,C352,353,company352
1029,C353,354,company353
1030,C354,355,company354
1031,C355,356,company355
1032,C356,357,company356
1033,C357,358,company357
1034,C358,359,company358
1035,C359,360,company359
1036,C360,361,company360
1037,C361,362,company361
1038,C362,363,company362
1039,C363,364,company363
1040,C364,365,company364
1041,C365,366,company365
1042,C366,367,company366
1043,C367,368,company367
1044,C368,369,company368
1045,C369,370,company369
1046,C370,371,company370
1047,C371,372,company371
1048,C372,373,company372
1049,C373,374,company373
1050,C374,375,company374
1051,C375,376,company375
1052,C376,377,company376
1053,C377,378,company377
1054,C378,379,company378
1055,C379,380,company379
1056,C380,381,company380
1057,C381,382,company381
1058,C382,383,company382
1059,C383,384,company383
1060,C384,385,company384
1061,C385,386,company385
1062,C386,387,company386
1063,C387,388,company387
1064,C388,389,company388
1065,C389,390,company389
1066,C390,391,company390
1067,C391,392,company391
1068,C392,393,company392
1069,C393,394,company393
1070,C394,395,company394
1071,C395,396,company395
1072,C396,397,company396
1073,C397,398,company397
1074,C398,399,company398
1075,C399,400,company399
1076,C400,401,company400
1077,C401,402,company401
1078,C402,403,company402
1079,C403,404,company403
1080,C404,405,company404
1081,C405,406,company405
1082,C406,407,company406
1083,C407,408,company407
1084,C408,409,company408
1085,C409,410,company409
1086,C410,411,company410
1087,C411,412,company411
1088,C412,413,company412
1089,C413,414,company413
1090,C414,415,company414
1091,C415,416,company415
1092,C416,417,company416
1093,C417,418,company417
1094,C418,419,company418
1095,C419,420,company419
1096,C420,421,company420
1097,C421,422,company421
1098,C422,423,company422
1099,C423,424,company423
1100,C424,425,company424
1101,C425,426,company425
1102,C426,427,company426
1103,C427,428,company427
1104,C428,429,company428
1105,C429,430,company429
1106,C430,431,company430
1107,C431,432,company431
1108,C432,433,company432
1109,C433,434,company433
1110,C434,435,company434
1111,C435,436,company435
1112,C436,437,company436
1113,C437,438,company437
1114,C438,439,company438
1115,C439,440,company439
1116,C440,441,company440
1117,C441,442,company441
1118,C442,443,company442
1119,C443,444,company443
1120,C444,445,company444
1121,C445,446,company445
1122,C446,447,company446
1123,C447,448,company447
1124,C448,449,company448
1125,C449,450,company449
1126,C450,451,company450
1127,C451,452,company451
1128,C452,453,company452
1129,C453,454,company453
1130,C454,455,company454
1131,C455,456,company455
1132,C456,457,company456
1133,C457,458,company457
1134,C458,459,company458
1135,C459,460,company459
1136,C460,461,company460
1137,C461,462,company461
1138,C462,463,company462
1139,C463,464,company463
1140,C464,465,company464
1141,C465,466,company465
1142,C466,467,company466
1143,C467,468,company467
1144,C468,469,company468
1145,C469,470,company469
1146,C470,471,company470
1147,C471,472,company471
1148,C472,473,company472
1149,C473,474,company473
1150,C474,475,company474
1151,C475,476,company475
1152,C476,477,company476
1153,C477,478,company477
1154,C478,479,company478
1155,C479,480,company479
1156,C480,481,company480
1157,C481,482,company481
1158,C482,483,company482
1159,C483,484,company483
1160,C484,485,company484
1161,C485,486,company485
1162,C486,487,company486
1163,C487,488,company487
1164,C488,489,company488
1165,C489,490,company489
1166,C490,491,company490
1167,C491,492,company491
1168,C492,493,company492
1169,C493,494,company493
1170,C494,495,company494
1171,C495,496,company495
1172,C496,497,company496
1173,C497,498,company497
1174,C498,499,company498
1175,C499,500,company499
1176,C500,501,company500
1177,C501,502,company501
1178,C502,503,company502
1179,C503,504,company503
1180,C504,505,company504
1181,C505,506,company505
1182,C506,507,company506
1183,C507,508,company507
1184,C508,509,company508
1185,C509,510,company509
1186,C510,511,company510
1187,C511,512,company511
1188,C512,513,company512
1189,C513,514,company513
1190,C514,515,company514
1191,C515,516,company515
1192,C516,517,company516
1193,C517,518,company517
1194,C518,519,company518
1195,C519,520,company519
1196,C520,521,company520
1197,C521,522,company521
1198,C522,523,company522
1199,C523,524,company523
1200,C524,525,company524
1201,C525,526,company525
1202,C526,527,company526
1203,C527,528,company527
1204,C528,529,company528
1205,C529,530,company529
1206,C530,531,company530
1207,C531,532,company531
1208,C532,533,company532
1209,C533,534,company533
1210,C534,535,company534
1211,C535,536,company535
1212,C536,537,company536
1213,C537,538,company537
1214,C538,539,company538
1215,C539,540,company539
1216,C540,541,company540
1217,C541,542,company541
1218,C542,543,company542
1219,C543,544,company543
1220,C544,545,company544
1221,C545,546,company545
1222,C546,547,company546
1223,C547,548,company547
1224,C548,549,company548
1225,C549,550,company549
1226,C550,551,company550
1227,C551,552,company551
1228,C552,553,company552
1229,C553,554,company553
1230,C554,555,company554
1231,C555,556,company555
1232,C556,557,company556
1233,C557,558,company557
1234,C558,559,company558
1235,C559,560,company559
1236,C560,561,company560
1237,C561,562,company561
1238,C562,563,company562
1239,C563,564,company563
1240,C564,565,company564
1241,C565,566,company565
1242,C566,567,company566
1243,C567,568,company567
1244,C568,569,company568
1245,C569,570,company569
1246,C570,571,company570
1247,C571,572,company571
1248,C572,573,company572
1249,C573,574,company573
1250,C574,575,company574
1251,C575,576,company575
1252,C576,577,company576
1253,C577,578,company577
1254,C578,579,company578
1255,C579,580,company579
1256,C580,581,company580
1257,C581,582,company581
1258,C582,583,company582
1259,C583,584,company583
1260,C584,585,company584
1261,C585,586,company585
1262,C586,587,company586
1263,C587,588,company587
1264,C588,589,company588
1265,C589,590,company589
1266,C590,591,company590
1267,C591,592,company591
1268,C592,593,company592
1269,C593,594,company593
1270,C594,595,company594
1271,C595,596,company595
1272,C596,597,company596
1273,C597,598,company597
1274,C598,599,company598
1275,C599,600,company599
1276,C600,601,company600
1277,C601,602,company601
1278,C602,603,company602
1279,C603,604,company603
1280,C604,605,company604
1281,C605,606,company605
1282,C606,607,company606
1283,C607,608,company607
1284,C608,609,company608
1285,C609,610,company609
1286,C610,611,company610
1287,C611,612,company611
1288,C612,613,company612
1289,C613,614,company613
1290,C614,615,company614
1291,C615,616,company615
1292,C616,617,company616
1293,C617,618,company617
1294,C618,619,company618
1295,C619,620,company619
1296,C620,621,company620
1297,C621,622,company621
1298,C622,623,company622
1299,C623,624,company623
1300,C624,625,company624
1301,C625,626,company625
1302,C626,627,company626
1303,C627,628,company627
1304,C628,629,company628
1305,C629,630,company629
1306,C630,631,company630
1307,C631,632,company631
1308,C632,633,company632
1309,C633,634,company633
1310,C634,635,company634
1311,C635,636,company635
1312,C636,637,company636
1313,C637,638,company637
1314,C638,639,company638
1315,C639,640,company639
1316,C640,641,company640
1317,C641,642,company641
1318,C642,643,company642
1319,C643,644,company643
1320,C644,645,company644
1321,C645,646,company645
1322,C646,647,company646
1323,C647,648,company647
1324,C648,649,company648
1325,C649,650,company649
1326,C650,651,company650
1327,C651,652,company651
1328,C652,653,company652
1329,C653,654,company653
1330,C654,655,company654
1331,C655,656,company655
1332,C656,657,company656
1333,C657,658,company657
1334,C658,659,company658
1335,C659,660,company659
1336,C660,661,company660
1337,C661,662,company661
1338,C662,663,company662
1339,C663,664,company663
1340,C664,665,company664
1341,C665,666,company665
1342,C666,667,company666
1343,C667,668,company667
1344,C668,669,company668
1345,C669,670,company669
1346,C670,671,company670
1347,C671,672,company671
1348,C672,673,company672
1349,C673,674,company673
1350,C674,675,company674
