uid,first_name,last_name,trustworthy
7401,fs0,ls0,t
7402,fs1,ls1,t
7403,fs2,ls2,t
7404,fs3,ls3,f
7405,fs4,ls4,t
7406,fs5,ls5,f
7407,fs6,ls6,f
7408,fs7,ls7,f
7409,fs8,ls8,f
7410,fs9,ls9,t
7411,fs10,ls10,t
7412,fs11,ls11,f
7413,fs12,ls12,f
7414,fs13,ls13,f
7415,fs14,ls14,f
7416,fs15,ls15,t
7417,fs16,ls16,t
7418,fs17,ls17,f
7419,fs18,ls18,t
7420,fs19,ls19,f
7421,fs20,ls20,t
7422,fs21,ls21,t
7423,fs22,ls22,t
7424,fs23,ls23,t
7425,fs24,ls24,t
7426,fs25,ls25,f
7427,fs26,ls26,t
7428,fs27,ls27,f
7429,fs28,ls28,f
7430,fs29,ls29,f
7431,fs30,ls30,t
7432,fs31,ls31,f
7433,fs32,ls32,f
7434,fs33,ls33,t
7435,fs34,ls34,f
7436,fs35,ls35,f
7437,fs36,ls36,f
7438,fs37,ls37,f
7439,fs38,ls38,t
7440,fs39,ls39,t
7441,fs40,ls40,f
7442,fs41,ls41,f
7443,fs42,ls42,t
7444,fs43,ls43,t
7445,fs44,ls44,f
7446,fs45,ls45,f
7447,fs46,ls46,f
7448,fs47,ls47,f
7449,fs48,ls48,f
7450,fs49,ls49,t
7451,fs50,ls50,t
7452,fs51,ls51,f
7453,fs52,ls52,f
7454,fs53,ls53,f
7455,fs54,ls54,t
7456,fs55,ls55,t
7457,fs56,ls56,f
7458,fs57,ls57,t
7459,fs58,ls58,f
7460,fs59,ls59,t
7461,fs60,ls60,f
7462,fs61,ls61,f
7463,fs62,ls62,t
7464,fs63,ls63,t
7465,fs64,ls64,t
7466,fs65,ls65,f
7467,fs66,ls66,t
7468,fs67,ls67,f
7469,fs68,ls68,t
7470,fs69,ls69,t
7471,fs70,ls70,f
7472,fs71,ls71,t
7473,fs72,ls72,f
7474,fs73,ls73,f
7475,fs74,ls74,f
7476,fs75,ls75,t
7477,fs76,ls76,t
7478,fs77,ls77,t
7479,fs78,ls78,t
7480,fs79,ls79,f
7481,fs80,ls80,f
7482,fs81,ls81,f
7483,fs82,ls82,t
7484,fs83,ls83,f
7485,fs84,ls84,f
7486,fs85,ls85,f
7487,fs86,ls86,t
7488,fs87,ls87,f
7489,fs88,ls88,f
7490,fs89,ls89,t
7491,fs90,ls90,f
7492,fs91,ls91,t
7493,fs92,ls92,f
7494,fs93,ls93,f
7495,fs94,ls94,f
7496,fs95,ls95,t
7497,fs96,ls96,t
7498,fs97,ls97,f
7499,fs98,ls98,f
7500,fs99,ls99,t
7501,fs100,ls100,f
7502,fs101,ls101,t
7503,fs102,ls102,t
7504,fs103,ls103,t
7505,fs104,ls104,t
7506,fs105,ls105,f
7507,fs106,ls106,t
7508,fs107,ls107,f
7509,fs108,ls108,f
7510,fs109,ls109,f
7511,fs110,ls110,t
7512,fs111,ls111,f
7513,fs112,ls112,f
7514,fs113,ls113,f
7515,fs114,ls114,t
7516,fs115,ls115,t
7517,fs116,ls116,f
7518,fs117,ls117,t
7519,fs118,ls118,t
7520,fs119,ls119,f
7521,fs120,ls120,f
7522,fs121,ls121,t
7523,fs122,ls122,f
7524,fs123,ls123,f
7525,fs124,ls124,t
7526,fs125,ls125,t
7527,fs126,ls126,t
7528,fs127,ls127,f
7529,fs128,ls128,t
7530,fs129,ls129,f
7531,fs130,ls130,f
7532,fs131,ls131,t
7533,fs132,ls132,t
7534,fs133,ls133,t
7535,fs134,ls134,f
7536,fs135,ls135,t
7537,fs136,ls136,f
7538,fs137,ls137,t
7539,fs138,ls138,t
7540,fs139,ls139,f
7541,fs140,ls140,f
7542,fs141,ls141,t
7543,fs142,ls142,t
7544,fs143,ls143,f
7545,fs144,ls144,t
7546,fs145,ls145,f
7547,fs146,ls146,f
7548,fs147,ls147,f
7549,fs148,ls148,f
7550,fs149,ls149,f
7551,fs150,ls150,t
7552,fs151,ls151,f
7553,fs152,ls152,t
7554,fs153,ls153,t
7555,fs154,ls154,t
7556,fs155,ls155,t
7557,fs156,ls156,t
7558,fs157,ls157,f
7559,fs158,ls158,t
7560,fs159,ls159,t
7561,fs160,ls160,f
7562,fs161,ls161,t
7563,fs162,ls162,t
7564,fs163,ls163,f
7565,fs164,ls164,t
7566,fs165,ls165,t
7567,fs166,ls166,f
7568,fs167,ls167,t
7569,fs168,ls168,t
7570,fs169,ls169,t
7571,fs170,ls170,f
7572,fs171,ls171,f
7573,fs172,ls172,t
7574,fs173,ls173,f
7575,fs174,ls174,f
7576,fs175,ls175,f
7577,fs176,ls176,f
7578,fs177,ls177,t
7579,fs178,ls178,f
7580,fs179,ls179,f
7581,fs180,ls180,t
7582,fs181,ls181,t
7583,fs182,ls182,t
7584,fs183,ls183,f
7585,fs184,ls184,f
7586,fs185,ls185,f
7587,fs186,ls186,f
7588,fs187,ls187,t
7589,fs188,ls188,t
7590,fs189,ls189,t
7591,fs190,ls190,t
7592,fs191,ls191,f
7593,fs192,ls192,f
7594,fs193,ls193,f
7595,fs194,ls194,f
7596,fs195,ls195,t
7597,fs196,ls196,t
7598,fs197,ls197,f
7599,fs198,ls198,t
7600,fs199,ls199,t
7601,fs200,ls200,f
7602,fs201,ls201,t
7603,fs202,ls202,f
7604,fs203,ls203,f
7605,fs204,ls204,f
7606,fs205,ls205,f
7607,fs206,ls206,t
7608,fs207,ls207,f
7609,fs208,ls208,f
7610,fs209,ls209,t
7611,fs210,ls210,f
7612,fs211,ls211,t
7613,fs212,ls212,f
7614,fs213,ls213,t
7615,fs214,ls214,t
7616,fs215,ls215,t
7617,fs216,ls216,f
7618,fs217,ls217,f
7619,fs218,ls218,t
7620,fs219,ls219,t
7621,fs220,ls220,t
7622,fs221,ls221,t
7623,fs222,ls222,t
7624,fs223,ls223,t
7625,fs224,ls224,f
7626,fs225,ls225,t
7627,fs226,ls226,t
7628,fs227,ls227,f
7629,fs228,ls228,f
7630,fs229,ls229,t
7631,fs230,ls230,t
7632,fs231,ls231,t
7633,fs232,ls232,t
7634,fs233,ls233,t
7635,fs234,ls234,t
7636,fs235,ls235,t
7637,fs236,ls236,t
7638,fs237,ls237,t
7639,fs238,ls238,t
7640,fs239,ls239,t
7641,fs240,ls240,f
7642,fs241,ls241,t
7643,fs242,ls242,t
7644,fs243,ls243,f
7645,fs244,ls244,t
7646,fs245,ls245,f
7647,fs246,ls246,t
7648,fs247,ls247,t
7649,fs248,ls248,t
7650,fs249,ls249,f
7651,fs250,ls250,f
7652,fs251,ls251,t
7653,fs252,ls252,f
7654,fs253,ls253,f
7655,fs254,ls254,f
7656,fs255,ls255,t
7657,fs256,ls256,f
7658,fs257,ls257,f
7659,fs258,ls258,f
7660,fs259,ls259,t
7661,fs260,ls260,t
7662,fs261,ls261,t
7663,fs262,ls262,f
7664,fs263,ls263,t
7665,fs264,ls264,t
7666,fs265,ls265,t
7667,fs266,ls266,f
7668,fs267,ls267,f
7669,fs268,ls268,f
7670,fs269,ls269,f
7671,fs270,ls270,f
7672,fs271,ls271,t
7673,fs272,ls272,f
7674,fs273,ls273,t
7675,fs274,ls274,t
7676,fs275,ls275,f
7677,fs276,ls276,t
7678,fs277,ls277,f
7679,fs278,ls278,t
7680,fs279,ls279,f
7681,fs280,ls280,f
7682,fs281,ls281,t
7683,fs282,ls282,t
7684,fs283,ls283,t
7685,fs284,ls284,f
7686,fs285,ls285,t
7687,fs286,ls286,t
7688,fs287,ls287,t
7689,fs288,ls288,f
7690,fs289,ls289,f
7691,fs290,ls290,f
7692,fs291,ls291,f
7693,fs292,ls292,t
7694,fs293,ls293,t
7695,fs294,ls294,f
7696,fs295,ls295,t
7697,fs296,ls296,t
7698,fs297,ls297,t
7699,fs298,ls298,f
7700,fs299,ls299,f
7701,fs300,ls300,t
7702,fs301,ls301,t
7703,fs302,ls302,f
7704,fs303,ls303,t
7705,fs304,ls304,f
7706,fs305,ls305,f
7707,fs306,ls306,f
7708,fs307,ls307,f
7709,fs308,ls308,t
7710,fs309,ls309,f
7711,fs310,ls310,t
7712,fs311,ls311,f
7713,fs312,ls312,t
7714,fs313,ls313,t
7715,fs314,ls314,t
7716,fs315,ls315,f
7717,fs316,ls316,f
7718,fs317,ls317,f
7719,fs318,ls318,t
7720,fs319,ls319,f
7721,fs320,ls320,t
7722,fs321,ls321,f
7723,fs322,ls322,t
7724,fs323,ls323,t
7725,fs324,ls324,f
7726,fs325,ls325,f
7727,fs326,ls326,f
7728,fs327,ls327,t
7729,fs328,ls328,t
7730,fs329,ls329,t
7731,fs330,ls330,t
7732,fs331,ls331,f
7733,fs332,ls332,t
7734,fs333,ls333,t
7735,fs334,ls334,t
7736,fs335,ls335,t
7737,fs336,ls336,t
7738,fs337,ls337,t
7739,fs338,ls338,f
7740,fs339,ls339,f
7741,fs340,ls340,t
7742,fs341,ls341,t
7743,fs342,ls342,f
7744,fs343,ls343,t
7745,fs344,ls344,t
7746,fs345,ls345,t
7747,fs346,ls346,t
7748,fs347,ls347,t
7749,fs348,ls348,t
7750,fs349,ls349,t
7751,fs350,ls350,f
7752,fs351,ls351,f
7753,fs352,ls352,t
7754,fs353,ls353,t
7755,fs354,ls354,t
7756,fs355,ls355,t
7757,fs356,ls356,t
7758,fs357,ls357,f
7759,fs358,ls358,f
7760,fs359,ls359,f
7761,fs360,ls360,t
7762,fs361,ls361,t
7763,fs362,ls362,t
7764,fs363,ls363,t
7765,fs364,ls364,f
7766,fs365,ls365,t
7767,fs366,ls366,t
7768,fs367,ls367,t
7769,fs368,ls368,t
7770,fs369,ls369,t
7771,fs370,ls370,f
7772,fs371,ls371,f
7773,fs372,ls372,f
7774,fs373,ls373,f
7775,fs374,ls374,f
7776,fs375,ls375,t
7777,fs376,ls376,f
7778,fs377,ls377,f
7779,fs378,ls378,t
7780,fs379,ls379,f
7781,fs380,ls380,f
7782,fs381,ls381,f
7783,fs382,ls382,f
7784,fs383,ls383,t
7785,fs384,ls384,f
7786,fs385,ls385,f
7787,fs386,ls386,f
7788,fs387,ls387,f
7789,fs388,ls388,t
7790,fs389,ls389,f
7791,fs390,ls390,t
7792,fs391,ls391,t
7793,fs392,ls392,f
7794,fs393,ls393,t
7795,fs394,ls394,f
7796,fs395,ls395,t
7797,fs396,ls396,t
7798,fs397,ls397,t
7799,fs398,ls398,f
7800,fs399,ls399,t
7801,fs400,ls400,t
7802,fs401,ls401,t
7803,fs402,ls402,f
7804,fs403,ls403,t
7805,fs404,ls404,t
7806,fs405,ls405,f
7807,fs406,ls406,f
7808,fs407,ls407,t
7809,fs408,ls408,t
7810,fs409,ls409,f
7811,fs410,ls410,t
7812,fs411,ls411,f
7813,fs412,ls412,t
7814,fs413,ls413,f
7815,fs414,ls414,t
7816,fs415,ls415,t
7817,fs416,ls416,f
7818,fs417,ls417,t
7819,fs418,ls418,t
7820,fs419,ls419,t
7821,fs420,ls420,t
7822,fs421,ls421,f
7823,fs422,ls422,f
7824,fs423,ls423,f
7825,fs424,ls424,f
7826,fs425,ls425,t
7827,fs426,ls426,t
7828,fs427,ls427,f
7829,fs428,ls428,t
7830,fs429,ls429,t
7831,fs430,ls430,t
7832,fs431,ls431,t
7833,fs432,ls432,t
7834,fs433,ls433,t
7835,fs434,ls434,t
7836,fs435,ls435,t
7837,fs436,ls436,t
7838,fs437,ls437,t
7839,fs438,ls438,t
7840,fs439,ls439,t
7841,fs440,ls440,f
7842,fs441,ls441,t
7843,fs442,ls442,f
7844,fs443,ls443,t
7845,fs444,ls444,t
7846,fs445,ls445,f
7847,fs446,ls446,t
7848,fs447,ls447,f
7849,fs448,ls448,t
7850,fs449,ls449,f
7851,fs450,ls450,t
7852,fs451,ls451,t
7853,fs452,ls452,f
7854,fs453,ls453,t
7855,fs454,ls454,f
7856,fs455,ls455,t
7857,fs456,ls456,f
7858,fs457,ls457,f
7859,fs458,ls458,f
7860,fs459,ls459,f
7861,fs460,ls460,f
7862,fs461,ls461,f
7863,fs462,ls462,t
7864,fs463,ls463,f
7865,fs464,ls464,t
7866,fs465,ls465,f
7867,fs466,ls466,t
7868,fs467,ls467,f
7869,fs468,ls468,f
7870,fs469,ls469,f
7871,fs470,ls470,f
7872,fs471,ls471,f
7873,fs472,ls472,f
7874,fs473,ls473,f
7875,fs474,ls474,f
7876,fs475,ls475,f
7877,fs476,ls476,f
7878,fs477,ls477,f
7879,fs478,ls478,t
7880,fs479,ls479,f
7881,fs480,ls480,f
7882,fs481,ls481,f
7883,fs482,ls482,t
7884,fs483,ls483,f
7885,fs484,ls484,t
7886,fs485,ls485,t
7887,fs486,ls486,f
7888,fs487,ls487,f
7889,fs488,ls488,f
7890,fs489,ls489,t
7891,fs490,ls490,f
7892,fs491,ls491,t
7893,fs492,ls492,t
7894,fs493,ls493,f
7895,fs494,ls494,t
7896,fs495,ls495,t
7897,fs496,ls496,t
7898,fs497,ls497,t
7899,fs498,ls498,f
7900,fs499,ls499,f
7901,fs500,ls500,t
7902,fs501,ls501,t
7903,fs502,ls502,f
7904,fs503,ls503,f
7905,fs504,ls504,t
7906,fs505,ls505,t
7907,fs506,ls506,f
7908,fs507,ls507,t
7909,fs508,ls508,t
7910,fs509,ls509,t
7911,fs510,ls510,f
7912,fs511,ls511,f
7913,fs512,ls512,t
7914,fs513,ls513,t
7915,fs514,ls514,f
7916,fs515,ls515,f
7917,fs516,ls516,t
7918,fs517,ls517,f
7919,fs518,ls518,f
7920,fs519,ls519,f
7921,fs520,ls520,f
7922,fs521,ls521,t
7923,fs522,ls522,t
7924,fs523,ls523,t
7925,fs524,ls524,f
7926,fs525,ls525,f
7927,fs526,ls526,t
7928,fs527,ls527,f
7929,fs528,ls528,t
7930,fs529,ls529,f
7931,fs530,ls530,t
7932,fs531,ls531,f
7933,fs532,ls532,f
7934,fs533,ls533,t
7935,fs534,ls534,t
7936,fs535,ls535,f
7937,fs536,ls536,t
7938,fs537,ls537,f
7939,fs538,ls538,f
7940,fs539,ls539,t
7941,fs540,ls540,t
7942,fs541,ls541,f
7943,fs542,ls542,f
7944,fs543,ls543,f
7945,fs544,ls544,f
7946,fs545,ls545,t
7947,fs546,ls546,t
7948,fs547,ls547,f
7949,fs548,ls548,f
7950,fs549,ls549,t
7951,fs550,ls550,f
7952,fs551,ls551,t
7953,fs552,ls552,t
7954,fs553,ls553,t
7955,fs554,ls554,t
7956,fs555,ls555,t
7957,fs556,ls556,f
7958,fs557,ls557,f
7959,fs558,ls558,t
7960,fs559,ls559,f
7961,fs560,ls560,t
7962,fs561,ls561,f
7963,fs562,ls562,t
7964,fs563,ls563,t
7965,fs564,ls564,t
7966,fs565,ls565,f
7967,fs566,ls566,t
7968,fs567,ls567,f
7969,fs568,ls568,t
7970,fs569,ls569,f
7971,fs570,ls570,f
7972,fs571,ls571,f
7973,fs572,ls572,t
7974,fs573,ls573,t
7975,fs574,ls574,f
7976,fs575,ls575,f
7977,fs576,ls576,f
7978,fs577,ls577,f
7979,fs578,ls578,t
7980,fs579,ls579,f
7981,fs580,ls580,f
7982,fs581,ls581,t
7983,fs582,ls582,f
7984,fs583,ls583,t
7985,fs584,ls584,f
7986,fs585,ls585,t
7987,fs586,ls586,t
7988,fs587,ls587,t
7989,fs588,ls588,t
7990,fs589,ls589,t
7991,fs590,ls590,f
7992,fs591,ls591,f
7993,fs592,ls592,f
7994,fs593,ls593,f
7995,fs594,ls594,f
7996,fs595,ls595,f
7997,fs596,ls596,f
7998,fs597,ls597,t
7999,fs598,ls598,f
8000,fs599,ls599,t
8001,fs600,ls600,f
8002,fs601,ls601,t
8003,fs602,ls602,f
8004,fs603,ls603,f
8005,fs604,ls604,f
8006,fs605,ls605,f
8007,fs606,ls606,f
8008,fs607,ls607,t
8009,fs608,ls608,f
8010,fs609,ls609,f
8011,fs610,ls610,t
8012,fs611,ls611,f
8013,fs612,ls612,t
8014,fs613,ls613,t
8015,fs614,ls614,f
8016,fs615,ls615,t
8017,fs616,ls616,t
8018,fs617,ls617,f
8019,fs618,ls618,f
8020,fs619,ls619,f
8021,fs620,ls620,f
8022,fs621,ls621,t
8023,fs622,ls622,f
8024,fs623,ls623,t
8025,fs624,ls624,t
