id,location,start_time,end_time,project_id,company_id
1,,6/1/22 17:43,6/1/22 4:49,150,178
2,,6/1/22 15:19,6/1/22 14:53,691,393
3,,6/1/22 7:42,6/1/22 13:07,761,13
4,,6/1/22 13:11,6/1/22 18:18,408,434
5,,6/1/22 9:34,6/1/22 18:47,228,472
6,,6/1/22 17:36,5/31/22 23:13,442,284
7,,6/1/22 7:42,6/1/22 1:57,152,647
8,,6/1/22 4:37,5/31/22 23:07,679,181
9,,6/1/22 3:47,6/1/22 18:06,806,76
10,,6/1/22 14:34,5/31/22 20:26,167,18
11,,6/1/22 18:29,6/1/22 1:45,22,209
12,,5/31/22 22:21,6/1/22 15:14,419,501
13,,6/1/22 0:06,5/31/22 21:34,56,403
14,,5/31/22 21:18,6/1/22 10:07,163,375
15,,6/1/22 18:18,5/31/22 23:04,609,434
16,,6/1/22 2:30,6/1/22 1:42,720,28
17,,6/1/22 4:33,6/1/22 11:17,881,403
18,,6/1/22 2:28,6/1/22 14:05,903,449
19,,6/1/22 4:15,6/1/22 7:31,312,101
20,,5/31/22 21:55,6/1/22 14:26,76,309
21,,6/1/22 3:14,6/1/22 8:03,956,313
22,,6/1/22 12:59,6/1/22 18:13,122,36
23,,6/1/22 17:04,5/31/22 21:30,752,41
24,,5/31/22 20:57,6/1/22 18:06,566,619
25,,5/31/22 23:25,6/1/22 0:51,712,314
26,,6/1/22 6:10,5/31/22 22:23,643,451
27,,6/1/22 2:09,6/1/22 17:05,546,308
28,,6/1/22 5:24,6/1/22 10:36,908,405
29,,5/31/22 21:27,5/31/22 23:51,660,455
30,,6/1/22 4:10,6/1/22 14:49,226,27
31,,6/1/22 12:30,6/1/22 3:42,59,664
32,,6/1/22 12:00,6/1/22 14:51,84,261
33,,6/1/22 6:23,6/1/22 18:04,211,170
34,,6/1/22 10:51,5/31/22 21:25,266,43
35,,5/31/22 20:24,6/1/22 18:22,700,98
36,,5/31/22 22:59,6/1/22 3:15,237,333
37,,6/1/22 4:32,6/1/22 6:41,553,151
38,,6/1/22 15:52,5/31/22 22:06,861,465
39,,6/1/22 3:41,6/1/22 11:57,475,523
40,,6/1/22 13:15,6/1/22 4:10,58,10
41,,6/1/22 11:23,6/1/22 8:29,576,403
42,,6/1/22 0:30,5/31/22 20:04,86,285
43,,6/1/22 15:01,6/1/22 7:13,667,360
44,,6/1/22 15:40,6/1/22 7:00,740,337
45,,6/1/22 19:24,6/1/22 13:12,752,41
46,,6/1/22 14:33,6/1/22 12:31,868,113
47,,6/1/22 12:38,5/31/22 20:33,910,373
48,,6/1/22 13:32,6/1/22 15:35,119,22
49,,5/31/22 21:37,6/1/22 0:42,908,405
50,,6/1/22 7:31,6/1/22 4:18,586,361
51,,6/1/22 10:56,6/1/22 19:08,212,474
52,,6/1/22 8:26,6/1/22 11:47,163,375
53,,5/31/22 23:18,5/31/22 23:44,680,611
54,,6/1/22 12:08,6/1/22 12:59,200,359
55,,6/1/22 16:08,6/1/22 15:26,756,264
56,,6/1/22 16:05,6/1/22 7:34,314,266
57,,6/1/22 17:43,6/1/22 0:04,354,338
58,,6/1/22 5:55,5/31/22 21:14,339,249
59,,6/1/22 19:21,6/1/22 9:57,185,482
60,,5/31/22 23:08,6/1/22 18:05,873,413
61,,6/1/22 9:17,6/1/22 19:55,742,553
62,,5/31/22 20:19,6/1/22 10:35,541,190
63,,5/31/22 23:35,6/1/22 12:06,534,37
64,,6/1/22 18:36,6/1/22 16:26,410,252
65,,6/1/22 0:15,6/1/22 19:31,573,214
66,,6/1/22 1:16,6/1/22 18:11,991,164
67,,6/1/22 4:37,6/1/22 5:28,281,547
68,,6/1/22 3:05,6/1/22 11:36,206,540
69,,5/31/22 22:50,6/1/22 2:03,678,615
70,,6/1/22 9:37,5/31/22 20:40,98,308
71,,6/1/22 14:05,6/1/22 4:59,371,277
72,,6/1/22 12:10,6/1/22 4:17,666,11
73,,6/1/22 7:16,6/1/22 10:13,445,296
74,,5/31/22 23:11,6/1/22 1:03,778,500
75,,6/1/22 10:21,6/1/22 0:41,194,93
76,,6/1/22 4:04,6/1/22 0:38,922,633
77,,6/1/22 6:13,6/1/22 6:50,769,279
78,,6/1/22 19:26,6/1/22 1:20,126,210
79,,6/1/22 13:18,6/1/22 8:07,451,181
80,,6/1/22 19:50,6/1/22 3:50,163,375
81,,6/1/22 15:03,6/1/22 7:00,501,459
82,,6/1/22 11:03,6/1/22 10:26,57,96
83,,6/1/22 16:10,6/1/22 6:55,109,40
84,,6/1/22 7:50,6/1/22 1:00,824,232
85,,6/1/22 16:50,6/1/22 12:35,341,387
86,,5/31/22 23:41,6/1/22 2:35,612,152
87,,6/1/22 10:05,6/1/22 5:52,705,394
88,,6/1/22 17:55,6/1/22 16:30,391,77
89,,6/1/22 13:18,6/1/22 7:31,654,662
90,,6/1/22 19:58,6/1/22 10:51,572,134
91,,6/1/22 16:04,5/31/22 23:54,415,257
92,,5/31/22 20:14,6/1/22 19:20,882,386
93,,6/1/22 14:50,6/1/22 14:03,968,269
94,,6/1/22 5:24,6/1/22 6:34,435,43
95,,6/1/22 11:38,6/1/22 2:57,444,186
96,,6/1/22 16:40,5/31/22 22:49,700,98
97,,6/1/22 17:23,5/31/22 21:10,472,373
98,,6/1/22 2:07,6/1/22 17:24,194,93
99,,6/1/22 17:19,5/31/22 22:45,883,175
100,,6/1/22 6:05,6/1/22 11:50,11,36
101,,5/31/22 23:46,6/1/22 16:21,949,73
102,,5/31/22 22:33,6/1/22 10:27,608,39
103,,5/31/22 21:55,6/1/22 9:19,920,115
104,,6/1/22 2:39,5/31/22 23:25,912,372
105,,6/1/22 3:14,6/1/22 16:31,196,363
106,,6/1/22 19:01,6/1/22 13:20,967,218
107,,5/31/22 23:15,6/1/22 0:09,313,430
108,,6/1/22 2:01,6/1/22 15:04,846,591
109,,6/1/22 16:34,6/1/22 13:02,779,124
110,,6/1/22 7:34,6/1/22 0:21,57,96
111,,6/1/22 8:55,6/1/22 4:47,236,432
112,,6/1/22 19:26,6/1/22 13:37,37,162
113,,6/1/22 19:50,5/31/22 23:52,368,544
114,,6/1/22 6:31,6/1/22 19:51,512,192
115,,6/1/22 3:18,6/1/22 17:40,771,456
116,,6/1/22 18:04,6/1/22 8:58,998,372
117,,6/1/22 5:48,6/1/22 15:29,507,194
118,,6/1/22 9:19,6/1/22 9:39,378,295
119,,6/1/22 17:53,6/1/22 10:11,117,610
120,,5/31/22 23:06,6/1/22 19:57,189,374
121,,6/1/22 14:18,6/1/22 15:35,715,637
122,,6/1/22 11:32,5/31/22 23:22,112,230
123,,5/31/22 23:08,6/1/22 14:41,51,379
124,,5/31/22 21:11,6/1/22 11:33,487,30
125,,6/1/22 6:36,6/1/22 13:40,562,177
126,,6/1/22 1:58,6/1/22 13:39,307,472
127,,5/31/22 21:37,5/31/22 22:05,500,488
128,,6/1/22 2:12,6/1/22 8:29,166,271
129,,5/31/22 21:20,6/1/22 5:17,943,253
130,,6/1/22 11:56,6/1/22 14:19,459,475
131,,6/1/22 15:15,6/1/22 14:54,297,212
132,,6/1/22 5:24,6/1/22 14:09,159,346
133,,6/1/22 4:54,5/31/22 23:52,148,337
134,,6/1/22 7:45,6/1/22 3:54,48,5
135,,6/1/22 11:55,6/1/22 8:24,823,253
136,,6/1/22 18:20,6/1/22 7:17,376,79
137,,6/1/22 19:31,6/1/22 14:56,573,214
138,,6/1/22 9:20,6/1/22 16:19,99,129
139,,6/1/22 2:13,5/31/22 20:28,77,554
140,,6/1/22 9:40,5/31/22 23:27,508,262
141,,6/1/22 0:42,6/1/22 7:05,365,334
142,,6/1/22 3:45,6/1/22 17:22,890,420
143,,6/1/22 1:24,6/1/22 11:32,566,619
144,,6/1/22 2:16,6/1/22 12:28,881,403
145,,6/1/22 2:24,6/1/22 8:00,470,313
146,,6/1/22 8:21,6/1/22 6:06,639,488
147,,6/1/22 8:55,6/1/22 14:51,867,598
148,,6/1/22 4:00,6/1/22 11:54,826,546
149,,6/1/22 11:12,5/31/22 22:47,311,115
150,,6/1/22 2:30,5/31/22 22:49,979,659
151,,6/1/22 2:23,5/31/22 22:51,222,416
152,,6/1/22 7:06,6/1/22 15:36,662,517
153,,6/1/22 4:33,6/1/22 18:47,31,276
154,,6/1/22 12:57,5/31/22 22:49,783,187
155,,5/31/22 22:42,6/1/22 15:31,260,268
156,,6/1/22 12:03,6/1/22 8:59,845,20
157,,6/1/22 14:15,6/1/22 16:54,175,266
158,,6/1/22 16:08,6/1/22 10:00,871,94
159,,5/31/22 23:17,5/31/22 20:11,84,261
160,,6/1/22 18:27,6/1/22 0:26,189,374
161,,6/1/22 14:09,6/1/22 16:33,764,611
162,,6/1/22 4:42,6/1/22 19:32,552,254
163,,6/1/22 18:45,6/1/22 8:44,422,58
164,,6/1/22 19:15,6/1/22 1:11,655,260
165,,6/1/22 11:23,6/1/22 13:35,901,113
166,,6/1/22 17:44,6/1/22 17:21,741,6
167,,6/1/22 3:28,6/1/22 2:19,936,343
168,,6/1/22 1:01,5/31/22 20:59,524,455
169,,6/1/22 7:52,6/1/22 7:56,213,18
170,,6/1/22 10:08,6/1/22 3:23,720,28
171,,6/1/22 2:00,6/1/22 12:28,383,402
172,,6/1/22 6:09,6/1/22 0:22,37,162
173,,6/1/22 12:48,5/31/22 20:35,69,482
174,,6/1/22 1:27,6/1/22 3:52,45,587
175,,6/1/22 8:20,6/1/22 13:05,461,502
176,,6/1/22 5:01,6/1/22 18:15,270,32
177,,6/1/22 19:13,6/1/22 14:34,4,461
178,,5/31/22 23:07,6/1/22 7:49,946,348
179,,5/31/22 23:59,6/1/22 1:56,794,316
180,,5/31/22 20:32,6/1/22 15:46,178,544
181,,6/1/22 5:49,6/1/22 15:33,59,664
182,,6/1/22 12:16,6/1/22 17:09,469,532
183,,6/1/22 17:54,6/1/22 9:45,9,74
184,,5/31/22 23:54,5/31/22 21:04,431,378
185,,6/1/22 5:04,5/31/22 23:45,168,196
186,,5/31/22 23:34,5/31/22 21:55,206,540
187,,6/1/22 11:08,6/1/22 4:43,725,167
188,,6/1/22 16:04,6/1/22 5:41,414,62
189,,6/1/22 8:33,6/1/22 7:13,951,333
190,,6/1/22 19:07,5/31/22 22:01,286,222
191,,6/1/22 9:42,5/31/22 20:43,789,195
192,,6/1/22 9:55,6/1/22 1:34,557,660
193,,5/31/22 21:54,6/1/22 4:17,283,328
194,,6/1/22 19:49,6/1/22 15:26,33,255
195,,6/1/22 19:28,6/1/22 8:15,103,267
196,,6/1/22 5:15,6/1/22 18:59,84,261
197,,6/1/22 9:53,5/31/22 22:11,780,66
198,,6/1/22 13:04,6/1/22 8:31,83,440
199,,6/1/22 5:06,6/1/22 10:13,612,152
200,,6/1/22 6:49,6/1/22 13:50,401,205
201,,6/1/22 0:59,6/1/22 6:56,905,232
202,,6/1/22 0:02,6/1/22 14:01,804,130
203,,5/31/22 21:11,6/1/22 16:28,871,94
204,,6/1/22 6:03,5/31/22 20:28,39,390
205,,5/31/22 23:00,6/1/22 11:29,257,167
206,,6/1/22 11:10,6/1/22 0:26,675,158
207,,5/31/22 22:46,5/31/22 20:29,652,325
208,,6/1/22 0:26,6/1/22 8:27,368,544
209,,6/1/22 7:04,6/1/22 17:55,729,571
210,,6/1/22 9:01,6/1/22 14:07,440,199
211,,6/1/22 0:13,6/1/22 16:57,69,482
212,,6/1/22 16:06,6/1/22 18:16,191,210
213,,6/1/22 2:38,6/1/22 1:16,40,378
214,,6/1/22 2:55,6/1/22 7:41,32,629
215,,6/1/22 8:49,6/1/22 17:31,643,451
216,,6/1/22 0:12,6/1/22 12:47,401,205
217,,5/31/22 22:11,6/1/22 3:23,615,33
218,,6/1/22 2:11,5/31/22 20:10,25,154
219,,5/31/22 22:18,5/31/22 20:20,417,482
220,,6/1/22 20:04,6/1/22 3:44,715,637
221,,6/1/22 8:28,6/1/22 16:54,924,128
222,,6/1/22 14:02,6/1/22 11:35,939,121
223,,6/1/22 17:30,6/1/22 19:53,157,399
224,,6/1/22 7:55,6/1/22 6:46,861,465
225,,6/1/22 16:09,6/1/22 14:42,881,403
226,,6/1/22 19:05,5/31/22 20:51,352,242
227,,6/1/22 5:10,6/1/22 2:43,434,535
228,,6/1/22 9:39,6/1/22 11:23,571,624
229,,6/1/22 16:31,5/31/22 21:42,188,637
230,,6/1/22 3:12,6/1/22 12:36,878,482
231,,6/1/22 17:08,6/1/22 14:19,291,481
232,,5/31/22 20:28,6/1/22 16:34,772,370
233,,6/1/22 4:55,5/31/22 23:50,290,553
234,,6/1/22 13:53,6/1/22 14:06,835,640
235,,6/1/22 8:44,6/1/22 1:57,875,420
236,,6/1/22 3:23,6/1/22 1:50,364,185
237,,6/1/22 11:31,6/1/22 6:19,803,110
238,,6/1/22 9:19,6/1/22 1:44,992,626
239,,6/1/22 14:56,6/1/22 11:48,926,193
240,,6/1/22 19:55,6/1/22 9:34,788,393
241,,6/1/22 2:44,6/1/22 3:04,547,534
242,,6/1/22 18:59,6/1/22 17:40,545,513
243,,6/1/22 5:29,6/1/22 11:59,587,483
244,,6/1/22 18:50,6/1/22 7:04,145,155
245,,6/1/22 11:50,6/1/22 14:04,211,170
246,,6/1/22 19:04,6/1/22 5:42,232,412
247,,6/1/22 13:06,6/1/22 6:34,628,11
248,,6/1/22 11:25,5/31/22 22:22,928,341
249,,6/1/22 15:55,6/1/22 18:51,552,254
250,,5/31/22 23:57,5/31/22 20:14,345,44
251,,6/1/22 17:49,5/31/22 21:37,160,213
252,,6/1/22 3:30,6/1/22 12:36,467,606
253,,6/1/22 13:25,6/1/22 10:10,823,253
254,,6/1/22 17:27,6/1/22 7:07,272,34
255,,6/1/22 7:23,5/31/22 20:45,314,266
256,,5/31/22 22:25,5/31/22 21:13,404,72
257,,6/1/22 10:17,6/1/22 10:44,481,414
258,,6/1/22 14:49,6/1/22 7:04,823,253
259,,6/1/22 16:30,6/1/22 0:10,367,486
260,,6/1/22 9:59,6/1/22 8:03,332,103
261,,6/1/22 17:06,6/1/22 18:06,679,181
262,,6/1/22 4:36,6/1/22 18:01,969,576
263,,6/1/22 11:13,6/1/22 9:55,734,565
264,,6/1/22 18:26,6/1/22 10:10,885,534
265,,6/1/22 10:41,6/1/22 11:36,701,375
266,,6/1/22 6:25,6/1/22 7:14,535,178
267,,6/1/22 2:13,6/1/22 5:16,709,259
268,,6/1/22 5:38,6/1/22 1:15,72,167
269,,6/1/22 14:02,5/31/22 22:52,489,35
270,,5/31/22 21:56,5/31/22 23:08,4,461
271,,6/1/22 0:13,5/31/22 23:24,589,460
272,,6/1/22 1:00,6/1/22 16:57,908,405
273,,6/1/22 5:07,5/31/22 20:48,819,491
274,,6/1/22 16:27,6/1/22 16:25,319,645
275,,6/1/22 17:32,6/1/22 5:14,331,24
276,,6/1/22 17:54,6/1/22 19:10,862,399
277,,6/1/22 9:32,6/1/22 7:59,73,410
278,,6/1/22 4:53,6/1/22 14:32,807,382
279,,6/1/22 0:20,6/1/22 14:56,548,193
280,,6/1/22 2:19,6/1/22 14:27,734,565
281,,6/1/22 5:13,6/1/22 17:29,698,483
282,,6/1/22 3:18,6/1/22 14:46,533,202
283,,5/31/22 20:37,6/1/22 10:15,523,242
284,,6/1/22 7:04,6/1/22 2:57,871,94
285,,6/1/22 14:49,6/1/22 11:28,583,100
286,,6/1/22 16:37,6/1/22 10:25,507,194
287,,6/1/22 19:09,5/31/22 20:34,425,480
288,,6/1/22 6:54,6/1/22 3:50,771,456
289,,5/31/22 21:06,6/1/22 9:16,48,5
290,,6/1/22 14:30,5/31/22 20:07,171,355
291,,6/1/22 4:44,5/31/22 22:27,624,123
292,,6/1/22 15:36,6/1/22 10:47,770,102
293,,6/1/22 16:42,6/1/22 18:04,187,42
294,,6/1/22 1:23,6/1/22 14:02,38,60
295,,6/1/22 18:37,6/1/22 3:59,237,333
296,,6/1/22 18:14,6/1/22 15:36,766,581
297,,6/1/22 18:12,6/1/22 19:50,913,130
298,,6/1/22 4:03,5/31/22 20:49,819,491
299,,6/1/22 10:19,6/1/22 10:56,993,251
300,,6/1/22 15:25,6/1/22 12:06,126,210
301,,5/31/22 21:03,6/1/22 7:47,619,519
302,,5/31/22 21:39,6/1/22 9:00,39,390
303,,6/1/22 11:03,6/1/22 6:44,709,259
304,,6/1/22 6:53,6/1/22 4:14,331,24
305,,6/1/22 13:05,6/1/22 2:12,872,640
306,,6/1/22 18:25,6/1/22 14:06,264,516
307,,6/1/22 2:36,5/31/22 22:11,14,192
308,,6/1/22 8:10,6/1/22 17:37,51,379
309,,6/1/22 19:08,6/1/22 17:43,163,375
310,,6/1/22 6:51,6/1/22 18:49,928,341
311,,6/1/22 14:45,6/1/22 6:51,48,5
312,,6/1/22 13:13,6/1/22 7:04,25,154
313,,6/1/22 8:49,5/31/22 21:41,340,663
314,,6/1/22 4:09,6/1/22 1:12,838,415
315,,6/1/22 16:23,6/1/22 15:54,841,636
316,,6/1/22 16:19,6/1/22 3:54,527,629
317,,6/1/22 2:33,6/1/22 9:38,821,219
318,,6/1/22 3:45,6/1/22 11:22,854,514
319,,6/1/22 11:57,6/1/22 19:29,844,537
320,,6/1/22 5:18,6/1/22 11:12,874,252
321,,6/1/22 13:32,5/31/22 20:37,657,251
322,,6/1/22 5:12,6/1/22 15:09,255,431
323,,6/1/22 6:32,6/1/22 4:30,532,435
324,,5/31/22 20:36,6/1/22 4:23,296,427
325,,6/1/22 19:34,6/1/22 18:29,874,252