id,first_name,last_name
1,fc0,lc0
2,fc1,lc1
3,fc2,lc2
4,fc3,lc3
5,fc4,lc4
6,fc5,lc5
7,fc6,lc6
8,fc7,lc7
9,fc8,lc8
10,fc9,lc9
11,fc10,lc10
12,fc11,lc11
13,fc12,lc12
14,fc13,lc13
15,fc14,lc14
16,fc15,lc15
17,fc16,lc16
18,fc17,lc17
19,fc18,lc18
20,fc19,lc19
21,fc20,lc20
22,fc21,lc21
23,fc22,lc22
24,fc23,lc23
25,fc24,lc24
26,fc25,lc25
27,fc26,lc26
28,fc27,lc27
29,fc28,lc28
30,fc29,lc29
31,fc30,lc30
32,fc31,lc31
33,fc32,lc32
34,fc33,lc33
35,fc34,lc34
36,fc35,lc35
37,fc36,lc36
38,fc37,lc37
39,fc38,lc38
40,fc39,lc39
41,fc40,lc40
42,fc41,lc41
43,fc42,lc42
44,fc43,lc43
45,fc44,lc44
46,fc45,lc45
47,fc46,lc46
48,fc47,lc47
49,fc48,lc48
50,fc49,lc49
51,fc50,lc50
52,fc51,lc51
53,fc52,lc52
54,fc53,lc53
55,fc54,lc54
56,fc55,lc55
57,fc56,lc56
58,fc57,lc57
59,fc58,lc58
60,fc59,lc59
61,fc60,lc60
62,fc61,lc61
63,fc62,lc62
64,fc63,lc63
65,fc64,lc64
66,fc65,lc65
67,fc66,lc66
68,fc67,lc67
69,fc68,lc68
70,fc69,lc69
71,fc70,lc70
72,fc71,lc71
73,fc72,lc72
74,fc73,lc73
75,fc74,lc74
76,fc75,lc75
77,fc76,lc76
78,fc77,lc77
79,fc78,lc78
80,fc79,lc79
81,fc80,lc80
82,fc81,lc81
83,fc82,lc82
84,fc83,lc83
85,fc84,lc84
86,fc85,lc85
87,fc86,lc86
88,fc87,lc87
89,fc88,lc88
90,fc89,lc89
91,fc90,lc90
92,fc91,lc91
93,fc92,lc92
94,fc93,lc93
95,fc94,lc94
96,fc95,lc95
97,fc96,lc96
98,fc97,lc97
99,fc98,lc98
100,fc99,lc99
101,fc100,lc100
102,fc101,lc101
103,fc102,lc102
104,fc103,lc103
105,fc104,lc104
106,fc105,lc105
107,fc106,lc106
108,fc107,lc107
109,fc108,lc108
110,fc109,lc109
111,fc110,lc110
112,fc111,lc111
113,fc112,lc112
114,fc113,lc113
115,fc114,lc114
116,fc115,lc115
117,fc116,lc116
118,fc117,lc117
119,fc118,lc118
120,fc119,lc119
121,fc120,lc120
122,fc121,lc121
123,fc122,lc122
124,fc123,lc123
125,fc124,lc124
126,fc125,lc125
127,fc126,lc126
128,fc127,lc127
129,fc128,lc128
130,fc129,lc129
131,fc130,lc130
132,fc131,lc131
133,fc132,lc132
134,fc133,lc133
135,fc134,lc134
136,fc135,lc135
137,fc136,lc136
138,fc137,lc137
139,fc138,lc138
140,fc139,lc139
141,fc140,lc140
142,fc141,lc141
143,fc142,lc142
144,fc143,lc143
145,fc144,lc144
146,fc145,lc145
147,fc146,lc146
148,fc147,lc147
149,fc148,lc148
150,fc149,lc149
151,fc150,lc150
152,fc151,lc151
153,fc152,lc152
154,fc153,lc153
155,fc154,lc154
156,fc155,lc155
157,fc156,lc156
158,fc157,lc157
159,fc158,lc158
160,fc159,lc159
161,fc160,lc160
162,fc161,lc161
163,fc162,lc162
164,fc163,lc163
165,fc164,lc164
166,fc165,lc165
167,fc166,lc166
168,fc167,lc167
169,fc168,lc168
170,fc169,lc169
171,fc170,lc170
172,fc171,lc171
173,fc172,lc172
174,fc173,lc173
175,fc174,lc174
176,fc175,lc175
177,fc176,lc176
178,fc177,lc177
179,fc178,lc178
180,fc179,lc179
181,fc180,lc180
182,fc181,lc181
183,fc182,lc182
184,fc183,lc183
185,fc184,lc184
186,fc185,lc185
187,fc186,lc186
188,fc187,lc187
189,fc188,lc188
190,fc189,lc189
191,fc190,lc190
192,fc191,lc191
193,fc192,lc192
194,fc193,lc193
195,fc194,lc194
196,fc195,lc195
197,fc196,lc196
198,fc197,lc197
199,fc198,lc198
200,fc199,lc199
201,fc200,lc200
202,fc201,lc201
203,fc202,lc202
204,fc203,lc203
205,fc204,lc204
206,fc205,lc205
207,fc206,lc206
208,fc207,lc207
209,fc208,lc208
210,fc209,lc209
211,fc210,lc210
212,fc211,lc211
213,fc212,lc212
214,fc213,lc213
215,fc214,lc214
216,fc215,lc215
217,fc216,lc216
218,fc217,lc217
219,fc218,lc218
220,fc219,lc219
221,fc220,lc220
222,fc221,lc221
223,fc222,lc222
224,fc223,lc223
225,fc224,lc224
226,fc225,lc225
227,fc226,lc226
228,fc227,lc227
229,fc228,lc228
230,fc229,lc229
231,fc230,lc230
232,fc231,lc231
233,fc232,lc232
234,fc233,lc233
235,fc234,lc234
236,fc235,lc235
237,fc236,lc236
238,fc237,lc237
239,fc238,lc238
240,fc239,lc239
241,fc240,lc240
242,fc241,lc241
243,fc242,lc242
244,fc243,lc243
245,fc244,lc244
246,fc245,lc245
247,fc246,lc246
248,fc247,lc247
249,fc248,lc248
250,fc249,lc249
251,fc250,lc250
252,fc251,lc251
253,fc252,lc252
254,fc253,lc253
255,fc254,lc254
256,fc255,lc255
257,fc256,lc256
258,fc257,lc257
259,fc258,lc258
260,fc259,lc259
261,fc260,lc260
262,fc261,lc261
263,fc262,lc262
264,fc263,lc263
265,fc264,lc264
266,fc265,lc265
267,fc266,lc266
268,fc267,lc267
269,fc268,lc268
270,fc269,lc269
271,fc270,lc270
272,fc271,lc271
273,fc272,lc272
274,fc273,lc273
275,fc274,lc274
276,fc275,lc275
277,fc276,lc276
278,fc277,lc277
279,fc278,lc278
280,fc279,lc279
281,fc280,lc280
282,fc281,lc281
283,fc282,lc282
284,fc283,lc283
285,fc284,lc284
286,fc285,lc285
287,fc286,lc286
288,fc287,lc287
289,fc288,lc288
290,fc289,lc289
291,fc290,lc290
292,fc291,lc291
293,fc292,lc292
294,fc293,lc293
295,fc294,lc294
296,fc295,lc295
297,fc296,lc296
298,fc297,lc297
299,fc298,lc298
300,fc299,lc299
301,fc300,lc300
302,fc301,lc301
303,fc302,lc302
304,fc303,lc303
305,fc304,lc304
306,fc305,lc305
307,fc306,lc306
308,fc307,lc307
309,fc308,lc308
310,fc309,lc309
311,fc310,lc310
312,fc311,lc311
313,fc312,lc312
314,fc313,lc313
315,fc314,lc314
316,fc315,lc315
317,fc316,lc316
318,fc317,lc317
319,fc318,lc318
320,fc319,lc319
321,fc320,lc320
322,fc321,lc321
323,fc322,lc322
324,fc323,lc323
325,fc324,lc324
326,fc325,lc325
327,fc326,lc326
328,fc327,lc327
329,fc328,lc328
330,fc329,lc329
331,fc330,lc330
332,fc331,lc331
333,fc332,lc332
334,fc333,lc333
335,fc334,lc334
336,fc335,lc335
337,fc336,lc336
338,fc337,lc337
339,fc338,lc338
340,fc339,lc339
341,fc340,lc340
342,fc341,lc341
343,fc342,lc342
344,fc343,lc343
345,fc344,lc344
346,fc345,lc345
347,fc346,lc346
348,fc347,lc347
349,fc348,lc348
350,fc349,lc349
351,fc350,lc350
352,fc351,lc351
353,fc352,lc352
354,fc353,lc353
355,fc354,lc354
356,fc355,lc355
357,fc356,lc356
358,fc357,lc357
359,fc358,lc358
360,fc359,lc359
361,fc360,lc360
362,fc361,lc361
363,fc362,lc362
364,fc363,lc363
365,fc364,lc364
366,fc365,lc365
367,fc366,lc366
368,fc367,lc367
369,fc368,lc368
370,fc369,lc369
371,fc370,lc370
372,fc371,lc371
373,fc372,lc372
374,fc373,lc373
375,fc374,lc374
376,fc375,lc375
377,fc376,lc376
378,fc377,lc377
379,fc378,lc378
380,fc379,lc379
381,fc380,lc380
382,fc381,lc381
383,fc382,lc382
384,fc383,lc383
385,fc384,lc384
386,fc385,lc385
387,fc386,lc386
388,fc387,lc387
389,fc388,lc388
390,fc389,lc389
391,fc390,lc390
392,fc391,lc391
393,fc392,lc392
394,fc393,lc393
395,fc394,lc394
396,fc395,lc395
397,fc396,lc396
398,fc397,lc397
399,fc398,lc398
400,fc399,lc399
401,fc400,lc400
402,fc401,lc401
403,fc402,lc402
404,fc403,lc403
405,fc404,lc404
406,fc405,lc405
407,fc406,lc406
408,fc407,lc407
409,fc408,lc408
410,fc409,lc409
411,fc410,lc410
412,fc411,lc411
413,fc412,lc412
414,fc413,lc413
415,fc414,lc414
416,fc415,lc415
417,fc416,lc416
418,fc417,lc417
419,fc418,lc418
420,fc419,lc419
421,fc420,lc420
422,fc421,lc421
423,fc422,lc422
424,fc423,lc423
425,fc424,lc424
426,fc425,lc425
427,fc426,lc426
428,fc427,lc427
429,fc428,lc428
430,fc429,lc429
431,fc430,lc430
432,fc431,lc431
433,fc432,lc432
434,fc433,lc433
435,fc434,lc434
436,fc435,lc435
437,fc436,lc436
438,fc437,lc437
439,fc438,lc438
440,fc439,lc439
441,fc440,lc440
442,fc441,lc441
443,fc442,lc442
444,fc443,lc443
445,fc444,lc444
446,fc445,lc445
447,fc446,lc446
448,fc447,lc447
449,fc448,lc448
450,fc449,lc449
451,fc450,lc450
452,fc451,lc451
453,fc452,lc452
454,fc453,lc453
455,fc454,lc454
456,fc455,lc455
457,fc456,lc456
458,fc457,lc457
459,fc458,lc458
460,fc459,lc459
461,fc460,lc460
462,fc461,lc461
463,fc462,lc462
464,fc463,lc463
465,fc464,lc464
466,fc465,lc465
467,fc466,lc466
468,fc467,lc467
469,fc468,lc468
470,fc469,lc469
471,fc470,lc470
472,fc471,lc471
473,fc472,lc472
474,fc473,lc473
475,fc474,lc474
476,fc475,lc475
477,fc476,lc476
478,fc477,lc477
479,fc478,lc478
480,fc479,lc479
481,fc480,lc480
482,fc481,lc481
483,fc482,lc482
484,fc483,lc483
485,fc484,lc484
486,fc485,lc485
487,fc486,lc486
488,fc487,lc487
489,fc488,lc488
490,fc489,lc489
491,fc490,lc490
492,fc491,lc491
493,fc492,lc492
494,fc493,lc493
495,fc494,lc494
496,fc495,lc495
497,fc496,lc496
498,fc497,lc497
499,fc498,lc498
500,fc499,lc499
501,fc500,lc500
502,fc501,lc501
503,fc502,lc502
504,fc503,lc503
505,fc504,lc504
506,fc505,lc505
507,fc506,lc506
508,fc507,lc507
509,fc508,lc508
510,fc509,lc509
511,fc510,lc510
512,fc511,lc511
513,fc512,lc512
514,fc513,lc513
515,fc514,lc514
516,fc515,lc515
517,fc516,lc516
518,fc517,lc517
519,fc518,lc518
520,fc519,lc519
521,fc520,lc520
522,fc521,lc521
523,fc522,lc522
524,fc523,lc523
525,fc524,lc524
526,fc525,lc525
527,fc526,lc526
528,fc527,lc527
529,fc528,lc528
530,fc529,lc529
531,fc530,lc530
532,fc531,lc531
533,fc532,lc532
534,fc533,lc533
535,fc534,lc534
536,fc535,lc535
537,fc536,lc536
538,fc537,lc537
539,fc538,lc538
540,fc539,lc539
541,fc540,lc540
542,fc541,lc541
543,fc542,lc542
544,fc543,lc543
545,fc544,lc544
546,fc545,lc545
547,fc546,lc546
548,fc547,lc547
549,fc548,lc548
550,fc549,lc549
551,fc550,lc550
552,fc551,lc551
553,fc552,lc552
554,fc553,lc553
555,fc554,lc554
556,fc555,lc555
557,fc556,lc556
558,fc557,lc557
559,fc558,lc558
560,fc559,lc559
561,fc560,lc560
562,fc561,lc561
563,fc562,lc562
564,fc563,lc563
565,fc564,lc564
566,fc565,lc565
567,fc566,lc566
568,fc567,lc567
569,fc568,lc568
570,fc569,lc569
571,fc570,lc570
572,fc571,lc571
573,fc572,lc572
574,fc573,lc573
575,fc574,lc574
576,fc575,lc575
577,fc576,lc576
578,fc577,lc577
579,fc578,lc578
580,fc579,lc579
581,fc580,lc580
582,fc581,lc581
583,fc582,lc582
584,fc583,lc583
585,fc584,lc584
586,fc585,lc585
587,fc586,lc586
588,fc587,lc587
589,fc588,lc588
590,fc589,lc589
591,fc590,lc590
592,fc591,lc591
593,fc592,lc592
594,fc593,lc593
595,fc594,lc594
596,fc595,lc595
597,fc596,lc596
598,fc597,lc597
599,fc598,lc598
600,fc599,lc599
601,fc600,lc600
602,fc601,lc601
603,fc602,lc602
604,fc603,lc603
605,fc604,lc604
606,fc605,lc605
607,fc606,lc606
608,fc607,lc607
609,fc608,lc608
610,fc609,lc609
611,fc610,lc610
612,fc611,lc611
613,fc612,lc612
614,fc613,lc613
615,fc614,lc614
616,fc615,lc615
617,fc616,lc616
618,fc617,lc617
619,fc618,lc618
620,fc619,lc619
621,fc620,lc620
622,fc621,lc621
623,fc622,lc622
624,fc623,lc623
625,fc624,lc624
626,fc625,lc625
627,fc626,lc626
628,fc627,lc627
629,fc628,lc628
630,fc629,lc629
631,fc630,lc630
632,fc631,lc631
633,fc632,lc632
634,fc633,lc633
635,fc634,lc634
636,fc635,lc635
637,fc636,lc636
638,fc637,lc637
639,fc638,lc638
640,fc639,lc639
641,fc640,lc640
642,fc641,lc641
643,fc642,lc642
644,fc643,lc643
645,fc644,lc644
646,fc645,lc645
647,fc646,lc646
648,fc647,lc647
649,fc648,lc648
650,fc649,lc649
651,fc650,lc650
652,fc651,lc651
653,fc652,lc652
654,fc653,lc653
655,fc654,lc654
656,fc655,lc655
657,fc656,lc656
658,fc657,lc657
659,fc658,lc658
660,fc659,lc659
661,fc660,lc660
662,fc661,lc661
663,fc662,lc662
664,fc663,lc663
665,fc664,lc664
666,fc665,lc665
667,fc666,lc666
668,fc667,lc667
669,fc668,lc668
670,fc669,lc669
671,fc670,lc670
672,fc671,lc671
673,fc672,lc672
674,fc673,lc673
675,fc674,lc674
676,fc675,lc675
677,fc676,lc676
678,fc677,lc677
679,fc678,lc678
680,fc679,lc679
681,fc680,lc680
682,fc681,lc681
683,fc682,lc682
684,fc683,lc683
685,fc684,lc684
686,fc685,lc685
687,fc686,lc686
688,fc687,lc687
689,fc688,lc688
690,fc689,lc689
691,fc690,lc690
692,fc691,lc691
693,fc692,lc692
694,fc693,lc693
695,fc694,lc694
696,fc695,lc695
697,fc696,lc696
698,fc697,lc697
699,fc698,lc698
700,fc699,lc699
701,fc700,lc700
702,fc701,lc701
703,fc702,lc702
704,fc703,lc703
705,fc704,lc704
706,fc705,lc705
707,fc706,lc706
708,fc707,lc707
709,fc708,lc708
710,fc709,lc709
711,fc710,lc710
712,fc711,lc711
713,fc712,lc712
714,fc713,lc713
715,fc714,lc714
716,fc715,lc715
717,fc716,lc716
718,fc717,lc717
719,fc718,lc718
720,fc719,lc719
721,fc720,lc720
722,fc721,lc721
723,fc722,lc722
724,fc723,lc723
725,fc724,lc724
726,fc725,lc725
727,fc726,lc726
728,fc727,lc727
729,fc728,lc728
730,fc729,lc729
731,fc730,lc730
732,fc731,lc731
733,fc732,lc732
734,fc733,lc733
735,fc734,lc734
736,fc735,lc735
737,fc736,lc736
738,fc737,lc737
739,fc738,lc738
740,fc739,lc739
741,fc740,lc740
742,fc741,lc741
743,fc742,lc742
744,fc743,lc743
745,fc744,lc744
746,fc745,lc745
747,fc746,lc746
748,fc747,lc747
749,fc748,lc748
750,fc749,lc749
751,fc750,lc750
752,fc751,lc751
753,fc752,lc752
754,fc753,lc753
755,fc754,lc754
756,fc755,lc755
757,fc756,lc756
758,fc757,lc757
759,fc758,lc758
760,fc759,lc759
761,fc760,lc760
762,fc761,lc761
763,fc762,lc762
764,fc763,lc763
765,fc764,lc764
766,fc765,lc765
767,fc766,lc766
768,fc767,lc767
769,fc768,lc768
770,fc769,lc769
771,fc770,lc770
772,fc771,lc771
773,fc772,lc772
774,fc773,lc773
775,fc774,lc774
776,fc775,lc775
777,fc776,lc776
778,fc777,lc777
779,fc778,lc778
780,fc779,lc779
781,fc780,lc780
782,fc781,lc781
783,fc782,lc782
784,fc783,lc783
785,fc784,lc784
786,fc785,lc785
787,fc786,lc786
788,fc787,lc787
789,fc788,lc788
790,fc789,lc789
791,fc790,lc790
792,fc791,lc791
793,fc792,lc792
794,fc793,lc793
795,fc794,lc794
796,fc795,lc795
797,fc796,lc796
798,fc797,lc797
799,fc798,lc798
800,fc799,lc799
801,fc800,lc800
802,fc801,lc801
803,fc802,lc802
804,fc803,lc803
805,fc804,lc804
806,fc805,lc805
807,fc806,lc806
808,fc807,lc807
809,fc808,lc808
810,fc809,lc809
811,fc810,lc810
812,fc811,lc811
813,fc812,lc812
814,fc813,lc813
815,fc814,lc814
816,fc815,lc815
817,fc816,lc816
818,fc817,lc817
819,fc818,lc818
820,fc819,lc819
821,fc820,lc820
822,fc821,lc821
823,fc822,lc822
824,fc823,lc823
825,fc824,lc824
826,fc825,lc825
827,fc826,lc826
828,fc827,lc827
829,fc828,lc828
830,fc829,lc829
831,fc830,lc830
832,fc831,lc831
833,fc832,lc832
834,fc833,lc833
835,fc834,lc834
836,fc835,lc835
837,fc836,lc836
838,fc837,lc837
839,fc838,lc838
840,fc839,lc839
841,fc840,lc840
842,fc841,lc841
843,fc842,lc842
844,fc843,lc843
845,fc844,lc844
846,fc845,lc845
847,fc846,lc846
848,fc847,lc847
849,fc848,lc848
850,fc849,lc849
851,fc850,lc850
852,fc851,lc851
853,fc852,lc852
854,fc853,lc853
855,fc854,lc854
856,fc855,lc855
857,fc856,lc856
858,fc857,lc857
859,fc858,lc858
860,fc859,lc859
861,fc860,lc860
862,fc861,lc861
863,fc862,lc862
864,fc863,lc863
865,fc864,lc864
866,fc865,lc865
867,fc866,lc866
868,fc867,lc867
869,fc868,lc868
870,fc869,lc869
871,fc870,lc870
872,fc871,lc871
873,fc872,lc872
874,fc873,lc873
875,fc874,lc874
876,fc875,lc875
877,fc876,lc876
878,fc877,lc877
879,fc878,lc878
880,fc879,lc879
881,fc880,lc880
882,fc881,lc881
883,fc882,lc882
884,fc883,lc883
885,fc884,lc884
886,fc885,lc885
887,fc886,lc886
888,fc887,lc887
889,fc888,lc888
890,fc889,lc889
891,fc890,lc890
892,fc891,lc891
893,fc892,lc892
894,fc893,lc893
895,fc894,lc894
896,fc895,lc895
897,fc896,lc896
898,fc897,lc897
899,fc898,lc898
900,fc899,lc899
901,fc900,lc900
902,fc901,lc901
903,fc902,lc902
904,fc903,lc903
905,fc904,lc904
906,fc905,lc905
907,fc906,lc906
908,fc907,lc907
909,fc908,lc908
910,fc909,lc909
911,fc910,lc910
912,fc911,lc911
913,fc912,lc912
914,fc913,lc913
915,fc914,lc914
916,fc915,lc915
917,fc916,lc916
918,fc917,lc917
919,fc918,lc918
920,fc919,lc919
921,fc920,lc920
922,fc921,lc921
923,fc922,lc922
924,fc923,lc923
925,fc924,lc924
926,fc925,lc925
927,fc926,lc926
928,fc927,lc927
929,fc928,lc928
930,fc929,lc929
931,fc930,lc930
932,fc931,lc931
933,fc932,lc932
934,fc933,lc933
935,fc934,lc934
936,fc935,lc935
937,fc936,lc936
938,fc937,lc937
939,fc938,lc938
940,fc939,lc939
941,fc940,lc940
942,fc941,lc941
943,fc942,lc942
944,fc943,lc943
945,fc944,lc944
946,fc945,lc945
947,fc946,lc946
948,fc947,lc947
949,fc948,lc948
950,fc949,lc949
951,fc950,lc950
952,fc951,lc951
953,fc952,lc952
954,fc953,lc953
955,fc954,lc954
956,fc955,lc955
957,fc956,lc956
958,fc957,lc957
959,fc958,lc958
960,fc959,lc959
961,fc960,lc960
962,fc961,lc961
963,fc962,lc962
964,fc963,lc963
965,fc964,lc964
966,fc965,lc965
967,fc966,lc966
968,fc967,lc967
969,fc968,lc968
970,fc969,lc969
971,fc970,lc970
972,fc971,lc971
973,fc972,lc972
974,fc973,lc973
975,fc974,lc974
976,fc975,lc975
977,fc976,lc976
978,fc977,lc977
979,fc978,lc978
980,fc979,lc979
981,fc980,lc980
982,fc981,lc981
983,fc982,lc982
984,fc983,lc983
985,fc984,lc984
986,fc985,lc985
987,fc986,lc986
988,fc987,lc987
989,fc988,lc988
990,fc989,lc989
991,fc990,lc990
992,fc991,lc991
993,fc992,lc992
994,fc993,lc993
995,fc994,lc994
996,fc995,lc995
997,fc996,lc996
998,fc997,lc997
999,fc998,lc998
1000,fc999,lc999
1001,fc1000,lc1000
1002,fc1001,lc1001
1003,fc1002,lc1002
1004,fc1003,lc1003
1005,fc1004,lc1004
1006,fc1005,lc1005
1007,fc1006,lc1006
1008,fc1007,lc1007
1009,fc1008,lc1008
1010,fc1009,lc1009
1011,fc1010,lc1010
1012,fc1011,lc1011
1013,fc1012,lc1012
1014,fc1013,lc1013
1015,fc1014,lc1014
1016,fc1015,lc1015
1017,fc1016,lc1016
1018,fc1017,lc1017
1019,fc1018,lc1018
1020,fc1019,lc1019
1021,fc1020,lc1020
1022,fc1021,lc1021
1023,fc1022,lc1022
1024,fc1023,lc1023
1025,fc1024,lc1024
1026,fc1025,lc1025
1027,fc1026,lc1026
1028,fc1027,lc1027
1029,fc1028,lc1028
1030,fc1029,lc1029
1031,fc1030,lc1030
1032,fc1031,lc1031
1033,fc1032,lc1032
1034,fc1033,lc1033
1035,fc1034,lc1034
1036,fc1035,lc1035
1037,fc1036,lc1036
1038,fc1037,lc1037
1039,fc1038,lc1038
1040,fc1039,lc1039
1041,fc1040,lc1040
1042,fc1041,lc1041
1043,fc1042,lc1042
1044,fc1043,lc1043
1045,fc1044,lc1044
1046,fc1045,lc1045
1047,fc1046,lc1046
1048,fc1047,lc1047
1049,fc1048,lc1048
1050,fc1049,lc1049
1051,fc1050,lc1050
1052,fc1051,lc1051
1053,fc1052,lc1052
1054,fc1053,lc1053
1055,fc1054,lc1054
1056,fc1055,lc1055
1057,fc1056,lc1056
1058,fc1057,lc1057
1059,fc1058,lc1058
1060,fc1059,lc1059
1061,fc1060,lc1060
1062,fc1061,lc1061
1063,fc1062,lc1062
1064,fc1063,lc1063
1065,fc1064,lc1064
1066,fc1065,lc1065
1067,fc1066,lc1066
1068,fc1067,lc1067
1069,fc1068,lc1068
1070,fc1069,lc1069
1071,fc1070,lc1070
1072,fc1071,lc1071
1073,fc1072,lc1072
1074,fc1073,lc1073
1075,fc1074,lc1074
1076,fc1075,lc1075
1077,fc1076,lc1076
1078,fc1077,lc1077
1079,fc1078,lc1078
1080,fc1079,lc1079
1081,fc1080,lc1080
1082,fc1081,lc1081
1083,fc1082,lc1082
1084,fc1083,lc1083
1085,fc1084,lc1084
1086,fc1085,lc1085
1087,fc1086,lc1086
1088,fc1087,lc1087
1089,fc1088,lc1088
1090,fc1089,lc1089
1091,fc1090,lc1090
1092,fc1091,lc1091
1093,fc1092,lc1092
1094,fc1093,lc1093
1095,fc1094,lc1094
1096,fc1095,lc1095
1097,fc1096,lc1096
1098,fc1097,lc1097
1099,fc1098,lc1098
1100,fc1099,lc1099
1101,fc1100,lc1100
1102,fc1101,lc1101
1103,fc1102,lc1102
1104,fc1103,lc1103
1105,fc1104,lc1104
1106,fc1105,lc1105
1107,fc1106,lc1106
1108,fc1107,lc1107
1109,fc1108,lc1108
1110,fc1109,lc1109
1111,fc1110,lc1110
1112,fc1111,lc1111
1113,fc1112,lc1112
1114,fc1113,lc1113
1115,fc1114,lc1114
1116,fc1115,lc1115
1117,fc1116,lc1116
1118,fc1117,lc1117
1119,fc1118,lc1118
1120,fc1119,lc1119
1121,fc1120,lc1120
1122,fc1121,lc1121
1123,fc1122,lc1122
1124,fc1123,lc1123
1125,fc1124,lc1124
1126,fc1125,lc1125
1127,fc1126,lc1126
1128,fc1127,lc1127
1129,fc1128,lc1128
1130,fc1129,lc1129
1131,fc1130,lc1130
1132,fc1131,lc1131
1133,fc1132,lc1132
1134,fc1133,lc1133
1135,fc1134,lc1134
1136,fc1135,lc1135
1137,fc1136,lc1136
1138,fc1137,lc1137
1139,fc1138,lc1138
1140,fc1139,lc1139
1141,fc1140,lc1140
1142,fc1141,lc1141
1143,fc1142,lc1142
1144,fc1143,lc1143
1145,fc1144,lc1144
1146,fc1145,lc1145
1147,fc1146,lc1146
1148,fc1147,lc1147
1149,fc1148,lc1148
1150,fc1149,lc1149
1151,fc1150,lc1150
1152,fc1151,lc1151
1153,fc1152,lc1152
1154,fc1153,lc1153
1155,fc1154,lc1154
1156,fc1155,lc1155
1157,fc1156,lc1156
1158,fc1157,lc1157
1159,fc1158,lc1158
1160,fc1159,lc1159
1161,fc1160,lc1160
1162,fc1161,lc1161
1163,fc1162,lc1162
1164,fc1163,lc1163
1165,fc1164,lc1164
1166,fc1165,lc1165
1167,fc1166,lc1166
1168,fc1167,lc1167
1169,fc1168,lc1168
1170,fc1169,lc1169
1171,fc1170,lc1170
1172,fc1171,lc1171
1173,fc1172,lc1172
1174,fc1173,lc1173
1175,fc1174,lc1174
1176,fc1175,lc1175
1177,fc1176,lc1176
1178,fc1177,lc1177
1179,fc1178,lc1178
1180,fc1179,lc1179
1181,fc1180,lc1180
1182,fc1181,lc1181
1183,fc1182,lc1182
1184,fc1183,lc1183
1185,fc1184,lc1184
1186,fc1185,lc1185
1187,fc1186,lc1186
1188,fc1187,lc1187
1189,fc1188,lc1188
1190,fc1189,lc1189
1191,fc1190,lc1190
1192,fc1191,lc1191
1193,fc1192,lc1192
1194,fc1193,lc1193
1195,fc1194,lc1194
1196,fc1195,lc1195
1197,fc1196,lc1196
1198,fc1197,lc1197
1199,fc1198,lc1198
1200,fc1199,lc1199
1201,fc1200,lc1200
1202,fc1201,lc1201
1203,fc1202,lc1202
1204,fc1203,lc1203
1205,fc1204,lc1204
1206,fc1205,lc1205
1207,fc1206,lc1206
1208,fc1207,lc1207
1209,fc1208,lc1208
1210,fc1209,lc1209
1211,fc1210,lc1210
1212,fc1211,lc1211
1213,fc1212,lc1212
1214,fc1213,lc1213
1215,fc1214,lc1214
1216,fc1215,lc1215
1217,fc1216,lc1216
1218,fc1217,lc1217
1219,fc1218,lc1218
1220,fc1219,lc1219
1221,fc1220,lc1220
1222,fc1221,lc1221
1223,fc1222,lc1222
1224,fc1223,lc1223
1225,fc1224,lc1224
1226,fc1225,lc1225
1227,fc1226,lc1226
1228,fc1227,lc1227
1229,fc1228,lc1228
1230,fc1229,lc1229
1231,fc1230,lc1230
1232,fc1231,lc1231
1233,fc1232,lc1232
1234,fc1233,lc1233
1235,fc1234,lc1234
1236,fc1235,lc1235
1237,fc1236,lc1236
1238,fc1237,lc1237
1239,fc1238,lc1238
1240,fc1239,lc1239
1241,fc1240,lc1240
1242,fc1241,lc1241
1243,fc1242,lc1242
1244,fc1243,lc1243
1245,fc1244,lc1244
1246,fc1245,lc1245
1247,fc1246,lc1246
1248,fc1247,lc1247
1249,fc1248,lc1248
1250,fc1249,lc1249