id,name,ceo,description
1,C0,1,company0
2,C1,2,company1
3,C2,3,company2
4,C3,4,company3
5,C4,5,company4
6,C5,6,company5
7,C6,7,company6
8,C7,8,company7
9,C8,9,company8
10,C9,10,company9
11,C10,11,company10
12,C11,12,company11
13,C12,13,company12
14,C13,14,company13
15,C14,15,company14
16,C15,16,company15
17,C16,17,company16
18,C17,18,company17
19,C18,19,company18
20,C19,20,company19
21,C20,21,company20
22,C21,22,company21
23,C22,23,company22
24,C23,24,company23
25,C24,25,company24
26,C25,26,company25
27,C26,27,company26
28,C27,28,company27
29,C28,29,company28
30,C29,30,company29
31,C30,31,company30
32,C31,32,company31
33,C32,33,company32
34,C33,34,company33
35,C34,35,company34
36,C35,36,company35
37,C36,37,company36
38,C37,38,company37
39,C38,39,company38
40,C39,40,company39
41,C40,41,company40
42,C41,42,company41
43,C42,43,company42
44,C43,44,company43
45,C44,45,company44
46,C45,46,company45
47,C46,47,company46
48,C47,48,company47
49,C48,49,company48
50,C49,50,company49
51,C50,51,company50
52,C51,52,company51
53,C52,53,company52
54,C53,54,company53
55,C54,55,company54
56,C55,56,company55
57,C56,57,company56
58,C57,58,company57
59,C58,59,company58
60,C59,60,company59
61,C60,61,company60
62,C61,62,company61
63,C62,63,company62
64,C63,64,company63
65,C64,65,company64
66,C65,66,company65
67,C66,67,company66
68,C67,68,company67
69,C68,69,company68
70,C69,70,company69
71,C70,71,company70
72,C71,72,company71
73,C72,73,company72
74,C73,74,company73
75,C74,75,company74
76,C75,76,company75
77,C76,77,company76
78,C77,78,company77
79,C78,79,company78
80,C79,80,company79
81,C80,81,company80
82,C81,82,company81
83,C82,83,company82
84,C83,84,company83
85,C84,85,company84
86,C85,86,company85
87,C86,87,company86
88,C87,88,company87
89,C88,89,company88
90,C89,90,company89
91,C90,91,company90
92,C91,92,company91
93,C92,93,company92
94,C93,94,company93
95,C94,95,company94
96,C95,96,company95
97,C96,97,company96
98,C97,98,company97
99,C98,99,company98
100,C99,100,company99
101,C100,101,company100
102,C101,102,company101
103,C102,103,company102
104,C103,104,company103
105,C104,105,company104
106,C105,106,company105
107,C106,107,company106
108,C107,108,company107
109,C108,109,company108
110,C109,110,company109
111,C110,111,company110
112,C111,112,company111
113,C112,113,company112
114,C113,114,company113
115,C114,115,company114
116,C115,116,company115
117,C116,117,company116
118,C117,118,company117
119,C118,119,company118
120,C119,120,company119
121,C120,121,company120
122,C121,122,company121
123,C122,123,company122
124,C123,124,company123
125,C124,125,company124
126,C125,126,company125
127,C126,127,company126
128,C127,128,company127
129,C128,129,company128
130,C129,130,company129
131,C130,131,company130
132,C131,132,company131
133,C132,133,company132
134,C133,134,company133
135,C134,135,company134
136,C135,136,company135
137,C136,137,company136
138,C137,138,company137
139,C138,139,company138
140,C139,140,company139
141,C140,141,company140
142,C141,142,company141
143,C142,143,company142
144,C143,144,company143
145,C144,145,company144
146,C145,146,company145
147,C146,147,company146
148,C147,148,company147
149,C148,149,company148
150,C149,150,company149
151,C150,151,company150
152,C151,152,company151
153,C152,153,company152
154,C153,154,company153
155,C154,155,company154
156,C155,156,company155
157,C156,157,company156
158,C157,158,company157
159,C158,159,company158
160,C159,160,company159
161,C160,161,company160
162,C161,162,company161
163,C162,163,company162
164,C163,164,company163
165,C164,165,company164
166,C165,166,company165
167,C166,167,company166
168,C167,168,company167
169,C168,169,company168
170,C169,170,company169
171,C170,171,company170
172,C171,172,company171
173,C172,173,company172
174,C173,174,company173
175,C174,175,company174
176,C175,176,company175
177,C176,177,company176
178,C177,178,company177
179,C178,179,company178
180,C179,180,company179
181,C180,181,company180
182,C181,182,company181
183,C182,183,company182
184,C183,184,company183
185,C184,185,company184
186,C185,186,company185
187,C186,187,company186
188,C187,188,company187
189,C188,189,company188
190,C189,190,company189
191,C190,191,company190
192,C191,192,company191
193,C192,193,company192
194,C193,194,company193
195,C194,195,company194
196,C195,196,company195
197,C196,197,company196
198,C197,198,company197
199,C198,199,company198
200,C199,200,company199
201,C200,201,company200
202,C201,202,company201
203,C202,203,company202
204,C203,204,company203
205,C204,205,company204
206,C205,206,company205
207,C206,207,company206
208,C207,208,company207
209,C208,209,company208
210,C209,210,company209
211,C210,211,company210
212,C211,212,company211
213,C212,213,company212
214,C213,214,company213
215,C214,215,company214
216,C215,216,company215
217,C216,217,company216
218,C217,218,company217
219,C218,219,company218
220,C219,220,company219
221,C220,221,company220
222,C221,222,company221
223,C222,223,company222
224,C223,224,company223
225,C224,225,company224
226,C225,226,company225
227,C226,227,company226
228,C227,228,company227
229,C228,229,company228
230,C229,230,company229
231,C230,231,company230
232,C231,232,company231
233,C232,233,company232
234,C233,234,company233
235,C234,235,company234
236,C235,236,company235
237,C236,237,company236
238,C237,238,company237
239,C238,239,company238
240,C239,240,company239
241,C240,241,company240
242,C241,242,company241
243,C242,243,company242
244,C243,244,company243
245,C244,245,company244
246,C245,246,company245
247,C246,247,company246
248,C247,248,company247
249,C248,249,company248
250,C249,250,company249
251,C250,251,company250
252,C251,252,company251
253,C252,253,company252
254,C253,254,company253
255,C254,255,company254
256,C255,256,company255
257,C256,257,company256
258,C257,258,company257
259,C258,259,company258
260,C259,260,company259
261,C260,261,company260
262,C261,262,company261
263,C262,263,company262
264,C263,264,company263
265,C264,265,company264
266,C265,266,company265
267,C266,267,company266
268,C267,268,company267
269,C268,269,company268
270,C269,270,company269
271,C270,271,company270
272,C271,272,company271
273,C272,273,company272
274,C273,274,company273
275,C274,275,company274
276,C275,276,company275
277,C276,277,company276
278,C277,278,company277
279,C278,279,company278
280,C279,280,company279
281,C280,281,company280
282,C281,282,company281
283,C282,283,company282
284,C283,284,company283
285,C284,285,company284
286,C285,286,company285
287,C286,287,company286
288,C287,288,company287
289,C288,289,company288
290,C289,290,company289
291,C290,291,company290
292,C291,292,company291
293,C292,293,company292
294,C293,294,company293
295,C294,295,company294
296,C295,296,company295
297,C296,297,company296
298,C297,298,company297
299,C298,299,company298
300,C299,300,company299
301,C300,301,company300
302,C301,302,company301
303,C302,303,company302
304,C303,304,company303
305,C304,305,company304
306,C305,306,company305
307,C306,307,company306
308,C307,308,company307
309,C308,309,company308
310,C309,310,company309
311,C310,311,company310
312,C311,312,company311
313,C312,313,company312
314,C313,314,company313
315,C314,315,company314
316,C315,316,company315
317,C316,317,company316
318,C317,318,company317
319,C318,319,company318
320,C319,320,company319
321,C320,321,company320
322,C321,322,company321
323,C322,323,company322
324,C323,324,company323
325,C324,325,company324
326,C325,326,company325
327,C326,327,company326
328,C327,328,company327
329,C328,329,company328
330,C329,330,company329
331,C330,331,company330
332,C331,332,company331
333,C332,333,company332
334,C333,334,company333
335,C334,335,company334
336,C335,336,company335
337,C336,337,company336
338,C337,338,company337
339,C338,339,company338
340,C339,340,company339
341,C340,341,company340
342,C341,342,company341
343,C342,343,company342
344,C343,344,company343
345,C344,345,company344
346,C345,346,company345
347,C346,347,company346
348,C347,348,company347
349,C348,349,company348
350,C349,350,company349
351,C350,351,company350
352,C351,352,company351
353,C352,353,company352
354,C353,354,company353
355,C354,355,company354
356,C355,356,company355
357,C356,357,company356
358,C357,358,company357
359,C358,359,company358
360,C359,360,company359
361,C360,361,company360
362,C361,362,company361
363,C362,363,company362
364,C363,364,company363
365,C364,365,company364
366,C365,366,company365
367,C366,367,company366
368,C367,368,company367
369,C368,369,company368
370,C369,370,company369
371,C370,371,company370
372,C371,372,company371
373,C372,373,company372
374,C373,374,company373
375,C374,375,company374
376,C375,376,company375
377,C376,377,company376
378,C377,378,company377
379,C378,379,company378
380,C379,380,company379
381,C380,381,company380
382,C381,382,company381
383,C382,383,company382
384,C383,384,company383
385,C384,385,company384
386,C385,386,company385
387,C386,387,company386
388,C387,388,company387
389,C388,389,company388
390,C389,390,company389
391,C390,391,company390
392,C391,392,company391
393,C392,393,company392
394,C393,394,company393
395,C394,395,company394
396,C395,396,company395
397,C396,397,company396
398,C397,398,company397
399,C398,399,company398
400,C399,400,company399
401,C400,401,company400
402,C401,402,company401
403,C402,403,company402
404,C403,404,company403
405,C404,405,company404
406,C405,406,company405
407,C406,407,company406
408,C407,408,company407
409,C408,409,company408
410,C409,410,company409
411,C410,411,company410
412,C411,412,company411
413,C412,413,company412
414,C413,414,company413
415,C414,415,company414
416,C415,416,company415
417,C416,417,company416
418,C417,418,company417
419,C418,419,company418
420,C419,420,company419
421,C420,421,company420
422,C421,422,company421
423,C422,423,company422
424,C423,424,company423
425,C424,425,company424
426,C425,426,company425
427,C426,427,company426
428,C427,428,company427
429,C428,429,company428
430,C429,430,company429
431,C430,431,company430
432,C431,432,company431
433,C432,433,company432
434,C433,434,company433
435,C434,435,company434
436,C435,436,company435
437,C436,437,company436
438,C437,438,company437
439,C438,439,company438
440,C439,440,company439
441,C440,441,company440
442,C441,442,company441
443,C442,443,company442
444,C443,444,company443
445,C444,445,company444
446,C445,446,company445
447,C446,447,company446
448,C447,448,company447
449,C448,449,company448
450,C449,450,company449
451,C450,451,company450
452,C451,452,company451
453,C452,453,company452
454,C453,454,company453
455,C454,455,company454
456,C455,456,company455
457,C456,457,company456
458,C457,458,company457
459,C458,459,company458
460,C459,460,company459
461,C460,461,company460
462,C461,462,company461
463,C462,463,company462
464,C463,464,company463
465,C464,465,company464
466,C465,466,company465
467,C466,467,company466
468,C467,468,company467
469,C468,469,company468
470,C469,470,company469
471,C470,471,company470
472,C471,472,company471
473,C472,473,company472
474,C473,474,company473
475,C474,475,company474
476,C475,476,company475
477,C476,477,company476
478,C477,478,company477
479,C478,479,company478
480,C479,480,company479
481,C480,481,company480
482,C481,482,company481
483,C482,483,company482
484,C483,484,company483
485,C484,485,company484
486,C485,486,company485
487,C486,487,company486
488,C487,488,company487
489,C488,489,company488
490,C489,490,company489
491,C490,491,company490
492,C491,492,company491
493,C492,493,company492
494,C493,494,company493
495,C494,495,company494
496,C495,496,company495
497,C496,497,company496
498,C497,498,company497
499,C498,499,company498
500,C499,500,company499
501,C500,501,company500
502,C501,502,company501
503,C502,503,company502
504,C503,504,company503
505,C504,505,company504
506,C505,506,company505
507,C506,507,company506
508,C507,508,company507
509,C508,509,company508
510,C509,510,company509
511,C510,511,company510
512,C511,512,company511
513,C512,513,company512
514,C513,514,company513
515,C514,515,company514
516,C515,516,company515
517,C516,517,company516
518,C517,518,company517
519,C518,519,company518
520,C519,520,company519
521,C520,521,company520
522,C521,522,company521
523,C522,523,company522
524,C523,524,company523
525,C524,525,company524
526,C525,526,company525
527,C526,527,company526
528,C527,528,company527
529,C528,529,company528
530,C529,530,company529
531,C530,531,company530
532,C531,532,company531
533,C532,533,company532
534,C533,534,company533
535,C534,535,company534
536,C535,536,company535
537,C536,537,company536
538,C537,538,company537
539,C538,539,company538
540,C539,540,company539
541,C540,541,company540
542,C541,542,company541
543,C542,543,company542
544,C543,544,company543
545,C544,545,company544
546,C545,546,company545
547,C546,547,company546
548,C547,548,company547
549,C548,549,company548
550,C549,550,company549
551,C550,551,company550
552,C551,552,company551
553,C552,553,company552
554,C553,554,company553
555,C554,555,company554
556,C555,556,company555
557,C556,557,company556
558,C557,558,company557
559,C558,559,company558
560,C559,560,company559
561,C560,561,company560
562,C561,562,company561
563,C562,563,company562
564,C563,564,company563
565,C564,565,company564
566,C565,566,company565
567,C566,567,company566
568,C567,568,company567
569,C568,569,company568
570,C569,570,company569
571,C570,571,company570
572,C571,572,company571
573,C572,573,company572
574,C573,574,company573
575,C574,575,company574
576,C575,576,company575
577,C576,577,company576
578,C577,578,company577
579,C578,579,company578
580,C579,580,company579
581,C580,581,company580
582,C581,582,company581
583,C582,583,company582
584,C583,584,company583
585,C584,585,company584
586,C585,586,company585
587,C586,587,company586
588,C587,588,company587
589,C588,589,company588
590,C589,590,company589
591,C590,591,company590
592,C591,592,company591
593,C592,593,company592
594,C593,594,company593
595,C594,595,company594
596,C595,596,company595
597,C596,597,company596
598,C597,598,company597
599,C598,599,company598
600,C599,600,company599
601,C600,601,company600
602,C601,602,company601
603,C602,603,company602
604,C603,604,company603
605,C604,605,company604
606,C605,606,company605
607,C606,607,company606
608,C607,608,company607
609,C608,609,company608
610,C609,610,company609
611,C610,611,company610
612,C611,612,company611
613,C612,613,company612
614,C613,614,company613
615,C614,615,company614
616,C615,616,company615
617,C616,617,company616
618,C617,618,company617
619,C618,619,company618
620,C619,620,company619
621,C620,621,company620
622,C621,622,company621
623,C622,623,company622
624,C623,624,company623
625,C624,625,company624
626,C625,626,company625
627,C626,627,company626
628,C627,628,company627
629,C628,629,company628
630,C629,630,company629
631,C630,631,company630
632,C631,632,company631
633,C632,633,company632
634,C633,634,company633
635,C634,635,company634
636,C635,636,company635
637,C636,637,company636
638,C637,638,company637
639,C638,639,company638
640,C639,640,company639
641,C640,641,company640
642,C641,642,company641
643,C642,643,company642
644,C643,644,company643
645,C644,645,company644
646,C645,646,company645
647,C646,647,company646
648,C647,648,company647
649,C648,649,company648
650,C649,650,company649
651,C650,651,company650
652,C651,652,company651
653,C652,653,company652
654,C653,654,company653
655,C654,655,company654
656,C655,656,company655
657,C656,657,company656
658,C657,658,company657
659,C658,659,company658
660,C659,660,company659
661,C660,661,company660
662,C661,662,company661
663,C662,663,company662
664,C663,664,company663
665,C664,665,company664
666,C665,666,company665
667,C666,667,company666
668,C667,668,company667
669,C668,669,company668
670,C669,670,company669
671,C670,671,company670
672,C671,672,company671
673,C672,673,company672
674,C673,674,company673
675,C674,675,company674