id,location,start_time,end_time,company_id,project_id
1,,6/1/22 17:57,6/1/22 0:18,252,285
2,,6/1/22 11:42,5/31/22 21:32,544,716
3,,6/1/22 7:18,6/1/22 12:15,473,128
4,,6/1/22 0:40,6/1/22 16:19,114,635
5,,5/31/22 22:08,6/1/22 0:06,130,671
6,,6/1/22 1:29,5/31/22 23:16,80,542
7,,6/1/22 6:06,6/1/22 17:11,38,204
8,,6/1/22 13:13,6/1/22 8:05,559,355
9,,6/1/22 17:55,6/1/22 5:57,316,794
10,,6/1/22 11:34,6/1/22 9:03,78,818
11,,6/1/22 13:34,6/1/22 3:14,123,682
12,,6/1/22 3:11,5/31/22 23:52,368,607
13,,5/31/22 21:08,6/1/22 6:47,636,841
14,,5/31/22 21:14,5/31/22 21:31,489,418
15,,5/31/22 23:33,6/1/22 19:12,14,121
16,,6/1/22 19:59,6/1/22 11:44,67,47
17,,6/1/22 3:03,6/1/22 16:53,545,960
18,,6/1/22 17:44,6/1/22 3:09,271,50
19,,6/1/22 17:33,6/1/22 9:26,557,179
20,,6/1/22 16:11,6/1/22 10:36,473,128
21,,6/1/22 14:14,6/1/22 12:23,66,714
22,,6/1/22 7:36,5/31/22 22:46,252,906
23,,5/31/22 20:15,6/1/22 9:44,474,212
24,,6/1/22 15:22,6/1/22 17:26,429,372
25,,5/31/22 21:35,6/1/22 9:56,516,393
26,,6/1/22 15:56,6/1/22 19:57,532,469
27,,6/1/22 15:09,6/1/22 15:54,124,779
28,,6/1/22 11:33,6/1/22 5:23,662,654
29,,6/1/22 8:30,6/1/22 18:09,30,487
30,,6/1/22 16:13,6/1/22 17:16,421,430
31,,6/1/22 3:03,6/1/22 7:24,224,886
32,,6/1/22 14:28,5/31/22 22:38,382,807
33,,6/1/22 17:43,6/1/22 2:50,585,135
34,,6/1/22 8:37,6/1/22 15:40,669,923
35,,6/1/22 1:21,6/1/22 11:39,576,969
36,,6/1/22 5:58,6/1/22 1:02,389,556
37,,6/1/22 15:56,6/1/22 17:01,37,357
38,,6/1/22 10:14,6/1/22 6:46,18,167
39,,6/1/22 14:09,6/1/22 15:23,385,385
40,,6/1/22 0:33,6/1/22 11:40,20,441
41,,6/1/22 9:39,6/1/22 13:26,632,504
42,,6/1/22 14:59,6/1/22 12:05,195,789
43,,6/1/22 4:01,6/1/22 15:54,305,193
44,,6/1/22 6:32,6/1/22 16:15,188,934
45,,6/1/22 17:33,6/1/22 16:38,405,162
46,,6/1/22 0:02,5/31/22 21:54,68,289
47,,6/1/22 5:17,6/1/22 11:21,485,95
48,,6/1/22 14:37,5/31/22 22:12,470,919
49,,6/1/22 1:23,6/1/22 14:11,387,341
50,,6/1/22 15:19,6/1/22 1:43,137,726
51,,5/31/22 22:54,6/1/22 3:00,194,205
52,,5/31/22 21:29,6/1/22 11:42,602,437
53,,6/1/22 8:00,5/31/22 21:37,4,892
54,,6/1/22 13:24,6/1/22 3:57,253,823
55,,6/1/22 4:04,6/1/22 4:56,138,407
56,,6/1/22 17:42,6/1/22 0:01,238,812
57,,6/1/22 10:48,6/1/22 9:37,124,779
58,,6/1/22 11:19,5/31/22 21:40,66,279
59,,6/1/22 11:45,6/1/22 13:38,218,967
60,,6/1/22 11:03,5/31/22 22:24,371,620
61,,6/1/22 7:02,6/1/22 12:40,616,843
62,,6/1/22 9:00,5/31/22 22:42,12,685
63,,6/1/22 12:06,6/1/22 5:24,337,740
64,,5/31/22 22:13,6/1/22 13:31,432,236
65,,6/1/22 14:42,5/31/22 21:29,517,49
66,,6/1/22 9:37,6/1/22 8:23,177,562
67,,6/1/22 19:56,5/31/22 23:14,573,275
68,,6/1/22 11:39,6/1/22 17:35,272,16
69,,6/1/22 9:07,6/1/22 16:30,274,390
70,,6/1/22 3:33,6/1/22 6:55,8,894
71,,6/1/22 3:01,6/1/22 9:25,470,919
72,,6/1/22 15:51,6/1/22 5:19,181,679
73,,6/1/22 12:33,6/1/22 8:04,637,715
74,,6/1/22 14:49,5/31/22 23:52,335,937
75,,5/31/22 20:31,6/1/22 1:30,640,872
76,,6/1/22 6:05,5/31/22 22:48,128,924
77,,6/1/22 18:51,6/1/22 2:01,480,425
78,,5/31/22 21:44,5/31/22 21:33,195,124
79,,6/1/22 15:45,6/1/22 19:51,242,523
80,,6/1/22 9:55,6/1/22 17:07,575,46
81,,6/1/22 4:25,6/1/22 9:13,422,520
82,,6/1/22 10:04,6/1/22 13:18,450,68
83,,6/1/22 9:26,6/1/22 4:57,416,222
84,,6/1/22 9:42,5/31/22 23:51,373,577
85,,6/1/22 3:17,6/1/22 9:03,650,107
86,,6/1/22 19:54,6/1/22 15:59,565,734
87,,6/1/22 17:24,6/1/22 0:11,230,112
88,,5/31/22 23:40,5/31/22 23:45,279,769
89,,6/1/22 5:48,6/1/22 3:36,403,521
90,,6/1/22 8:01,5/31/22 22:30,68,289
91,,5/31/22 22:10,6/1/22 12:00,333,951
92,,6/1/22 7:10,6/1/22 11:48,200,254
93,,5/31/22 20:49,5/31/22 23:09,121,398
94,,6/1/22 10:02,6/1/22 14:56,286,389
95,,6/1/22 0:40,5/31/22 22:27,618,316
96,,5/31/22 20:52,6/1/22 9:24,180,220
97,,6/1/22 9:26,6/1/22 6:57,334,13
98,,6/1/22 15:14,6/1/22 5:47,374,930
99,,6/1/22 8:01,6/1/22 8:36,260,655
100,,5/31/22 22:21,6/1/22 7:27,630,346
101,,5/31/22 21:39,5/31/22 20:14,394,705
102,,6/1/22 3:26,6/1/22 19:37,421,430
103,,5/31/22 23:29,6/1/22 6:15,229,453
104,,6/1/22 9:41,6/1/22 1:07,191,579
105,,6/1/22 3:46,6/1/22 7:35,418,183
106,,6/1/22 6:17,6/1/22 3:47,316,794
107,,6/1/22 15:14,6/1/22 6:31,376,877
108,,6/1/22 4:17,6/1/22 18:52,561,647
109,,6/1/22 17:32,5/31/22 21:10,260,655
110,,6/1/22 9:58,6/1/22 1:08,10,58
111,,6/1/22 11:45,6/1/22 2:37,276,31
112,,6/1/22 3:55,5/31/22 21:05,41,697
113,,6/1/22 13:18,6/1/22 2:44,404,972
114,,6/1/22 0:36,5/31/22 21:35,28,749
115,,6/1/22 10:59,6/1/22 19:06,521,271
116,,6/1/22 10:16,6/1/22 4:14,547,281
117,,5/31/22 22:40,6/1/22 3:03,153,144
118,,6/1/22 6:13,6/1/22 9:56,305,561
119,,6/1/22 12:40,6/1/22 5:11,39,750
120,,6/1/22 15:49,6/1/22 5:19,272,16
121,,6/1/22 20:04,6/1/22 12:23,669,923
122,,6/1/22 2:33,5/31/22 23:37,399,157
123,,6/1/22 10:37,6/1/22 19:34,41,199
124,,6/1/22 13:12,6/1/22 0:20,242,955
125,,6/1/22 3:14,5/31/22 22:38,478,681
126,,6/1/22 8:08,6/1/22 19:15,105,610
127,,6/1/22 18:50,6/1/22 15:12,645,319
128,,6/1/22 14:36,6/1/22 15:57,582,817
129,,6/1/22 18:08,6/1/22 11:13,628,904
130,,6/1/22 2:28,6/1/22 11:56,372,998
131,,6/1/22 2:53,6/1/22 5:52,555,898
132,,6/1/22 4:54,6/1/22 10:12,415,838
133,,6/1/22 17:05,6/1/22 3:17,290,318
134,,6/1/22 11:21,6/1/22 10:36,142,242
135,,6/1/22 7:56,6/1/22 15:51,615,678
136,,6/1/22 14:13,6/1/22 5:17,209,335
137,,6/1/22 13:48,6/1/22 1:57,185,364
138,,6/1/22 6:08,5/31/22 23:57,516,393
139,,6/1/22 13:14,6/1/22 3:58,432,650
140,,6/1/22 3:30,6/1/22 7:39,273,267
141,,6/1/22 2:22,6/1/22 3:40,587,92
142,,6/1/22 15:42,5/31/22 21:38,10,58
143,,6/1/22 1:32,6/1/22 7:32,675,601
144,,6/1/22 18:00,6/1/22 2:45,580,528
145,,6/1/22 8:38,6/1/22 8:56,271,996
146,,6/1/22 2:39,6/1/22 8:52,530,730
147,,6/1/22 5:26,6/1/22 3:06,587,45
148,,5/31/22 21:52,6/1/22 7:10,152,381
149,,6/1/22 10:33,6/1/22 1:27,79,108
150,,6/1/22 14:02,5/31/22 21:54,126,360
151,,5/31/22 23:25,6/1/22 19:39,224,886
152,,6/1/22 18:33,6/1/22 8:04,552,981
153,,5/31/22 23:49,6/1/22 10:07,333,237
154,,6/1/22 16:17,6/1/22 16:26,415,927
155,,6/1/22 17:06,6/1/22 8:29,237,116
156,,6/1/22 6:24,5/31/22 22:22,285,86
157,,6/1/22 2:14,5/31/22 23:33,45,948
158,,6/1/22 13:27,6/1/22 19:20,221,75
159,,6/1/22 9:26,6/1/22 5:19,194,131
160,,6/1/22 14:03,5/31/22 21:54,313,470
161,,6/1/22 2:36,6/1/22 16:25,182,143
162,,5/31/22 22:45,6/1/22 12:48,44,834
163,,6/1/22 3:00,6/1/22 8:15,220,569
164,,6/1/22 8:13,6/1/22 14:15,44,195
165,,6/1/22 1:49,5/31/22 21:49,186,64
166,,6/1/22 3:49,6/1/22 4:16,478,681
167,,5/31/22 23:02,6/1/22 0:27,387,879
168,,6/1/22 17:33,6/1/22 6:10,67,887
169,,6/1/22 19:38,6/1/22 6:49,289,757
170,,6/1/22 7:27,6/1/22 16:34,249,339
171,,6/1/22 4:54,6/1/22 17:12,12,685
172,,6/1/22 1:28,6/1/22 6:44,114,388
173,,6/1/22 19:17,6/1/22 18:10,148,663
174,,6/1/22 12:49,6/1/22 2:54,540,206
175,,5/31/22 23:27,6/1/22 9:52,257,132
176,,6/1/22 3:38,6/1/22 1:49,472,307
177,,5/31/22 22:13,6/1/22 0:24,35,489
178,,6/1/22 4:55,6/1/22 8:48,129,457
179,,6/1/22 10:18,6/1/22 11:39,296,445
180,,6/1/22 19:25,6/1/22 19:16,414,481
181,,6/1/22 18:07,5/31/22 20:10,113,868
182,,5/31/22 20:16,6/1/22 19:40,393,153
183,,6/1/22 7:43,6/1/22 18:23,584,686
184,,6/1/22 1:01,6/1/22 2:49,27,226
185,,6/1/22 8:53,6/1/22 13:16,276,31
186,,6/1/22 1:33,6/1/22 9:29,399,302
187,,5/31/22 20:36,6/1/22 5:17,666,115
188,,6/1/22 19:07,5/31/22 22:54,357,317
189,,6/1/22 16:49,6/1/22 14:24,300,574
190,,6/1/22 7:42,6/1/22 14:17,555,580
191,,6/1/22 12:23,6/1/22 14:26,514,854
192,,5/31/22 20:43,6/1/22 15:44,142,294
193,,6/1/22 10:36,6/1/22 18:46,528,221
194,,6/1/22 9:03,6/1/22 15:36,565,734
195,,6/1/22 5:27,5/31/22 21:22,210,473
196,,6/1/22 18:38,6/1/22 19:39,22,119
197,,6/1/22 4:13,6/1/22 0:49,635,597
198,,6/1/22 11:36,6/1/22 14:08,290,318
199,,6/1/22 17:09,6/1/22 19:18,41,697
200,,5/31/22 23:02,6/1/22 0:47,482,138
201,,6/1/22 8:30,6/1/22 7:23,297,486
202,,6/1/22 8:56,6/1/22 8:22,519,646
203,,6/1/22 7:49,6/1/22 19:01,652,539
204,,5/31/22 20:44,6/1/22 5:39,29,362
205,,5/31/22 22:35,6/1/22 12:25,190,541
206,,6/1/22 13:26,5/31/22 21:35,622,392
207,,6/1/22 0:34,6/1/22 8:12,80,510
208,,5/31/22 22:36,6/1/22 1:22,276,513
209,,5/31/22 21:59,6/1/22 19:38,500,751
210,,6/1/22 16:26,5/31/22 22:34,433,786
211,,6/1/22 17:46,6/1/22 2:50,417,464
212,,6/1/22 13:37,6/1/22 11:49,554,447
213,,6/1/22 2:50,6/1/22 1:12,236,233
214,,5/31/22 21:14,5/31/22 20:29,353,172
215,,6/1/22 6:11,6/1/22 2:47,124,779
216,,6/1/22 9:03,5/31/22 20:43,361,931
217,,6/1/22 1:02,6/1/22 17:57,115,311
218,,6/1/22 5:24,6/1/22 9:07,167,891
219,,6/1/22 19:29,6/1/22 3:11,489,478
220,,6/1/22 1:39,6/1/22 11:11,156,406
221,,6/1/22 14:09,6/1/22 11:23,582,817
222,,6/1/22 4:41,6/1/22 12:18,242,523
223,,5/31/22 21:23,6/1/22 10:44,219,821
224,,6/1/22 11:46,6/1/22 5:52,214,893
225,,6/1/22 5:47,6/1/22 5:05,493,96
226,,6/1/22 19:15,6/1/22 12:02,442,683
227,,6/1/22 6:33,6/1/22 17:43,489,280
228,,6/1/22 18:15,6/1/22 3:38,552,333
229,,6/1/22 2:20,6/1/22 9:10,79,376
230,,6/1/22 9:42,6/1/22 18:07,48,592
231,,6/1/22 0:20,6/1/22 0:38,163,995
232,,6/1/22 10:57,6/1/22 3:12,39,750
233,,6/1/22 16:53,5/31/22 20:50,390,659
234,,5/31/22 22:33,5/31/22 23:51,432,650
235,,6/1/22 7:38,6/1/22 7:24,300,574
236,,6/1/22 12:32,6/1/22 12:28,66,780
237,,6/1/22 8:42,6/1/22 7:30,482,185
238,,6/1/22 19:51,6/1/22 2:52,210,191
239,,6/1/22 11:08,6/1/22 18:26,192,897
240,,6/1/22 11:05,6/1/22 8:38,222,249
241,,6/1/22 16:23,6/1/22 13:05,170,211
242,,5/31/22 20:08,6/1/22 6:52,251,993
243,,6/1/22 5:22,6/1/22 1:33,251,657
244,,5/31/22 21:20,6/1/22 9:03,66,780
245,,6/1/22 14:09,6/1/22 17:21,425,661
246,,6/1/22 5:46,6/1/22 10:49,460,427
247,,6/1/22 9:42,6/1/22 10:55,502,461
248,,6/1/22 18:09,6/1/22 0:19,667,618
249,,6/1/22 6:28,6/1/22 4:27,191,579
250,,6/1/22 5:26,6/1/22 18:38,573,836
251,,6/1/22 19:00,6/1/22 2:44,455,36
252,,6/1/22 9:07,6/1/22 11:44,121,173
253,,6/1/22 5:48,5/31/22 22:29,312,970
254,,6/1/22 1:42,6/1/22 14:23,421,563
255,,6/1/22 13:52,6/1/22 8:36,533,356
256,,6/1/22 4:51,6/1/22 6:56,478,129
257,,6/1/22 19:15,6/1/22 19:33,472,938
258,,6/1/22 12:32,6/1/22 10:12,67,887
259,,6/1/22 8:59,6/1/22 1:53,309,735
260,,6/1/22 13:00,6/1/22 8:04,53,855
261,,5/31/22 20:41,6/1/22 8:28,441,165
262,,6/1/22 19:27,6/1/22 8:01,257,415
263,,6/1/22 5:40,6/1/22 7:04,279,769
264,,6/1/22 18:42,6/1/22 1:22,413,873
265,,6/1/22 9:59,6/1/22 2:59,37,534
266,,6/1/22 10:02,5/31/22 21:18,549,702
267,,6/1/22 11:42,6/1/22 6:37,417,464
268,,6/1/22 6:44,5/31/22 22:20,221,964
269,,6/1/22 5:18,6/1/22 12:02,128,924
270,,6/1/22 5:59,6/1/22 0:55,210,126
271,,6/1/22 19:44,6/1/22 18:48,489,280
272,,6/1/22 7:25,6/1/22 15:16,134,567
273,,6/1/22 1:44,6/1/22 2:48,328,723
274,,6/1/22 8:11,6/1/22 9:53,357,658
275,,6/1/22 13:42,6/1/22 19:33,153,144
276,,5/31/22 21:34,6/1/22 10:27,663,775
277,,6/1/22 4:33,6/1/22 14:10,443,53
278,,6/1/22 18:48,6/1/22 13:49,581,766
279,,5/31/22 22:33,5/31/22 23:25,667,693
280,,6/1/22 5:05,6/1/22 8:17,504,674
281,,5/31/22 22:19,5/31/22 23:49,251,733
282,,6/1/22 9:07,6/1/22 0:23,212,324
283,,5/31/22 21:10,6/1/22 14:11,641,426
284,,6/1/22 11:18,6/1/22 11:01,196,554
285,,6/1/22 4:47,6/1/22 17:10,124,581
286,,6/1/22 15:11,5/31/22 22:52,592,110
287,,5/31/22 21:10,5/31/22 23:37,12,685
288,,6/1/22 13:49,6/1/22 5:22,6,741
289,,5/31/22 21:45,5/31/22 20:53,66,397
290,,5/31/22 23:27,6/1/22 13:15,504,674
291,,6/1/22 15:33,6/1/22 15:04,10,58
292,,6/1/22 1:42,6/1/22 3:58,428,432
293,,6/1/22 17:44,6/1/22 5:06,108,12
294,,6/1/22 0:47,6/1/22 3:43,600,315
295,,6/1/22 8:41,6/1/22 0:52,628,91
296,,6/1/22 5:52,6/1/22 6:00,341,928
297,,6/1/22 7:07,6/1/22 15:17,11,208
298,,6/1/22 7:57,6/1/22 2:44,571,729
299,,6/1/22 17:29,6/1/22 9:51,635,597
300,,6/1/22 0:21,6/1/22 10:41,619,974
301,,6/1/22 2:07,6/1/22 19:49,333,377
302,,5/31/22 21:03,6/1/22 15:18,104,7
303,,6/1/22 15:00,6/1/22 15:10,222,634
304,,6/1/22 7:10,6/1/22 16:57,320,604
305,,5/31/22 23:10,6/1/22 7:26,598,867
306,,5/31/22 20:09,6/1/22 7:04,666,564
307,,5/31/22 22:36,6/1/22 7:26,91,825
308,,6/1/22 19:16,6/1/22 8:43,675,601
309,,6/1/22 13:49,6/1/22 13:29,64,2
310,,6/1/22 17:21,5/31/22 20:15,501,600
311,,6/1/22 15:27,6/1/22 18:58,516,264
312,,6/1/22 7:15,6/1/22 10:26,209,335
313,,6/1/22 12:06,6/1/22 8:33,581,496
314,,6/1/22 17:05,5/31/22 23:21,101,813
315,,5/31/22 23:51,6/1/22 18:20,578,499
316,,6/1/22 0:44,6/1/22 15:33,164,864
317,,6/1/22 7:15,6/1/22 1:13,286,299
318,,6/1/22 12:39,6/1/22 18:19,41,199
319,,5/31/22 23:13,6/1/22 7:02,571,729
320,,6/1/22 6:51,5/31/22 21:27,412,428
321,,6/1/22 9:29,6/1/22 16:27,344,403
322,,6/1/22 13:56,6/1/22 6:02,345,301
323,,6/1/22 3:30,6/1/22 5:50,333,237
324,,6/1/22 17:51,6/1/22 16:31,69,502
325,,6/1/22 1:46,6/1/22 1:27,210,191