demo_id,client_id
161,1137
161,735
161,1226
161,272
161,1074
161,227
161,611
161,422
161,925
161,1006
161,66
161,655
161,81
161,1048
161,1173
161,259
161,416
161,213
161,1250
161,1065
161,482
161,445
161,939
161,751
161,1233
161,320
161,644
161,587
161,488
161,464
161,1024
161,186
161,940
161,382
161,411
161,881
161,306
161,343
161,850
161,533
161,146
161,918
161,579
161,255
161,1197
161,921
161,818
161,803
161,1228
161,1098
161,462
161,1105
161,372
161,142
161,477
161,684
161,408
161,632
161,133
161,501
161,699
161,315
161,206
161,662
161,175
161,1161
161,768
161,65
161,220
161,1128
161,437
161,998
161,843
161,748
161,877
161,298
161,994
161,887
161,89
161,169
161,692
161,1037
161,807
161,1174
161,326
161,129
161,1072
161,1058
161,1186
161,8
161,856
161,893
161,1041
161,557
161,371
161,951
161,1066
161,1078
161,540
161,436
161,73
161,178
161,556
161,202
161,624
161,120
161,541
161,924
161,345
161,524
161,294
161,674
161,143
161,265
161,432
161,471
161,744
161,103
161,590
161,433
161,1030
161,628
161,114
161,211
161,144
161,425
161,176
161,919
161,36
161,969
161,167
161,387
161,528
161,83
161,623
161,786
161,1015
161,351
161,593
161,1008
161,1247
161,1246
161,1064
161,101
161,367
161,51
161,987
161,393
161,282
161,322
161,755
161,1117
161,154
161,1181
161,1191
161,542
161,505
161,698
161,566
161,837
161,1211
161,1100
161,815
161,853
161,480
161,235
161,773
161,866
161,555
161,309
161,811
161,680
161,889
161,61
161,936
161,894
161,237
161,898
161,681
161,1239
161,941
161,472
161,519
161,261
161,399
161,496
161,867
161,99
161,276
161,77
161,564
161,796
161,139
161,778
161,752
161,733
161,709
161,1223
161,565
161,38
161,1189
161,1025
161,870
161,223
161,355
161,627
161,415
161,26
161,798
161,902
161,929
161,765
161,728
161,168
161,1152
161,1089
161,454
161,1121
161,886
161,938
161,43
161,677
161,1051
161,1208
161,273
161,1090
161,845
161,1218
161,848
161,916
161,170
161,1198
161,571
161,771
161,821
161,708
161,805
161,242
161,1135
161,665
161,749
161,1122
161,597
161,1136
161,470
161,475
161,431
161,152
161,201
161,189
161,1115
161,491
161,912
161,466
161,384
161,383
161,1177
161,909
161,858
161,162
161,1050
161,656
161,654
161,1031
161,532
161,316
161,28
161,311
161,1071
161,1001
161,633
161,756
161,932
161,956
161,1010
161,269
161,468
161,344
161,3
161,95
161,217
161,131
161,999
161,554
161,617
161,1213
161,132
161,874
161,1168
161,688
161,1082
161,1116
161,671
161,1109
161,1222
161,1028
161,664
161,49
161,706
161,638
161,19
161,233
161,876
161,795
161,407
161,1014
161,721
161,1054
161,1047
161,646
161,669
161,200
161,134
161,547
161,187
161,820
161,291
161,868
161,266
161,762
161,16
161,892
161,1179
161,1133
161,1087
161,639
161,878
161,750
161,112
161,270
161,27
161,539
161,946
161,161
161,1038
161,838
161,465
161,731
161,589
161,314
161,971
161,397
161,287
161,379
161,822
161,1156
161,88
161,835
161,2
161,117
161,739
161,184
161,783
161,45
161,70
161,297
161,523
161,799
161,976
161,145
161,456
161,109
161,230
161,703
161,788
161,6
161,494
161,392
161,31
161,514
161,1172
161,1129
161,1176
161,672
161,594
161,1099
161,1206
161,434
161,229
161,963
161,922
161,151
161,630
161,42
161,198
161,1245
161,1081
161,105
161,110
161,1183
161,35
161,652
161,224
161,588
161,906
161,690
161,9
161,855
161,900
161,704
161,420
161,1236
161,123
161,336
161,592
161,712
161,1063
161,986
161,342
161,1164
161,863
161,116
161,330
161,352
161,538
161,560
161,841
161,1234
161,913
161,789
161,1018
161,966
161,760
161,11
161,403
161,904
161,779
161,400
161,1059
161,759
161,509
161,513
161,952
161,380
161,57
161,1140
161,113
161,753
161,1049
161,1033
161,958
161,15
161,1180
161,905
161,879
161,401
161,1088
161,234
161,39
161,549
161,648
161,378
161,1021
161,802
161,137
161,333
161,1108
161,1027
161,386
161,725
161,1039
161,689
161,12
161,181
161,702
161,792
161,391
161,1144
161,890
161,678
161,972
161,840
161,1214
161,992
161,413
161,429
161,163
161,1139
161,426
161,13
161,960
161,844
161,793
161,634
161,394
161,467
161,613
161,1056
161,10
161,1046
161,718
161,1130
161,258
161,461
161,130
161,943
161,711
161,819
161,106
161,601
161,1068
161,296
161,196
161,832
161,375
161,585
161,687
161,720
161,854
161,312
161,188
161,141
161,717
161,531
161,115
161,747
161,69
161,421
161,368
161,240
161,203
161,525
161,72
161,332
161,862
161,483
161,32
161,953
161,244
161,897
161,165
161,968
161,279
161,136
161,1035
161,1242
161,517
161,548
161,806
161,443
161,295
161,670
161,1194
161,562
161,683
161,1086
161,334
161,995
161,1076
161,444
161,341
161,984
161,1154
161,1125
161,59
161,931
161,1119
161,253
161,204
161,346
161,246
161,1053
161,1107
161,826
161,331
161,944
161,985
161,156
161,484
161,1104
161,174
161,713
161,1169
161,506
161,1148
161,920
161,694
161,631
161,374
161,1102
161,581
161,1075
161,1244
161,442
161,1013
161,173
161,54
161,1131
161,1227
161,353
161,810
161,851
161,521
161,955
161,546
161,1141
161,1241
161,1084
161,140
161,736
161,447
161,871
161,329
161,1060
161,1162
161,1077
161,647
161,1166
161,576
161,25
161,164
161,412
161,406
161,1092
161,642
161,1225
161,679
161,370
161,292
161,37
161,1160
161,568
161,979
161,340
161,402
161,529
161,895
161,71
161,361
161,1002
161,138
161,285
161,1219
161,767
161,828
161,405
161,254
161,552
161,1145
161,787
161,643
161,873
161,1000
161,359
161,790
161,989
161,915
161,812
161,949
161,1093
161,76
161,930
161,605
161,205
161,962
161,418
161,446
161,682
161,724
161,1055
161,1061
161,673
161,271
161,723
161,414
161,903
161,1149
161,18
161,1199
161,507
161,1003
161,84
161,473
161,896
161,192
161,313
161,814
161,741
161,111
161,782
161,14
161,1091
161,78
161,1070
161,880
161,1005
161,948
161,160
161,118
161,96
161,435
161,714
161,586
161,1069
161,852
161,438
161,685
161,479
161,209
161,860
161,607
161,660
161,763
161,325
161,493
161,836
161,1155
161,363
161,598
161,781
161,124
161,1170
161,666
161,973
161,833
161,335
161,651
161,94
161,153
161,82
161,318
161,686
161,1165
161,239
161,961
161,1220
161,791
161,157
161,980
161,559
161,504
161,1163
161,245
161,1112
161,1215
161,569
161,808
161,1057
161,816
161,604
161,981
161,875
161,252
161,746
161,661
161,701
161,1196
161,982
161,1201
161,290
161,570
161,614
161,231
161,934
161,455
161,1231
161,119
161,957
161,974
161,1034
161,926
161,1012
161,498
161,1073
161,92
161,251
161,1200
161,390
161,1019
161,262
161,510
161,1151
161,1043
161,551
161,308
161,1209
161,1157
161,636
161,349
161,449
161,1184
161,794
161,582
161,908
161,764
161,603
161,453
161,373
161,1009
161,1124
161,458
161,194
161,609
161,869
161,988
161,423
161,267
161,107
161,649
161,653
161,964
161,283
161,274
161,885
161,459
161,126
161,20
161,545
161,1217
161,775
161,758
161,301
161,543
161,86
161,427
161,337
161,645
161,268
161,338
161,1032
161,530
161,191
161,398
161,487
161,7
161,612
161,260
161,965
161,780
161,620
161,535
161,1235
161,302
161,745
161,177
161,993
161,990
161,34
161,307
161,891
161,247
161,492
161,729
161,1113
161,508
161,641
161,536
161,46
161,388
161,511
161,769
161,503
161,218
161,29
161,357
161,41
161,208
161,288
161,249
161,719
161,232
161,558
161,817
161,147
161,883
161,171
161,323
161,478
161,657
161,553
161,85
161,567
161,1230
161,1026
161,214
161,1080
161,1094
161,104
161,128
161,737
161,195
161,857
161,800
161,485
161,286
161,216
161,1248
161,608
161,693
161,742
161,40
161,1106
161,901
161,732
161,809
161,67
161,347
161,324
161,150
161,515
161,572
161,207
161,1017
161,722
161,135
161,899
161,846
161,149
161,381
161,1243
161,47
161,839
161,97
161,497
161,448
161,574
161,1045
161,596
161,339
161,317
161,950
161,1216
161,376
161,697
161,385
161,486
161,248
161,417
161,804
161,945
161,396
161,1188
161,64
161,1187
161,738
161,1146
161,236
161,705
161,80
161,1207
161,707
161,4
161,923
161,947
161,215
161,53
161,937
161,813
161,1067
161,1052
161,1097
161,1110
161,1023
161,389
161,304
161,395
161,23
161,75
161,1007
161,369
161,256
161,354
161,5
161,463
161,56
161,79
161,831
161,743
161,1042
161,537
161,910
161,303
161,516
161,629
161,785
161,797
161,1221
161,595
161,102
161,30
161,451
161,60
161,221
161,299
161,98
161,734
161,640
161,1096
161,1
161,1205
161,847
161,1036
161,696
161,33
161,927
161,544
161,872
161,1210
161,100
161,659
161,228
161,212
161,350
161,580
161,622
161,1062
161,933
161,24
161,1240
161,63
161,197
161,801
161,710
161,619
161,21
161,578
161,424
161,849
161,481
161,222
161,1103
161,180
161,777
161,280
161,499
161,776
161,460
161,1249
161,284
161,362
161,625
161,159
161,1195
161,830
161,158
161,1118
161,91
161,618
161,668
161,824
161,1182
161,606
161,225
161,1004
161,573
161,512
161,179
161,155
161,635
161,125
161,1204
161,1202
161,740
161,281
161,58
161,108
161,561
161,864
161,911
161,1212
161,825
161,356
161,1185
161,859
161,457
161,1153
161,172
161,991
161,293
161,550
161,328
161,305
161,490
161,22
161,183
161,967
161,321
161,770
161,1111
161,602
161,428
161,823
161,1158
161,409
161,1171
161,440
161,599
161,757
161,275
161,700
161,917
161,121
161,610
161,518
161,527
161,784
161,667
161,1159
161,1079
161,695
161,1123
161,1022
161,1224
161,193
161,954
161,1120
161,935
161,726
161,441
161,68
161,754
161,616
161,48
161,1101
161,210
161,959
161,1192
161,1044
161,1175
161,44
161,1229
161,364
161,439
161,1020
161,526
161,1016
161,615
161,17
161,90
161,842
161,52
161,257
161,882
161,1029
161,264
161,970
161,1142
161,241
161,650
161,365
161,977
161,884
161,1132
161,377
161,522
161,489
161,637
161,55
161,716
161,1083
161,1167
161,430
161,358
161,591
161,327
161,250
161,1238
161,827
161,1134
161,1147
161,691
161,93
161,148
161,1138
161,575
161,520
161,185
161,243
161,1203
161,1040
161,127
161,1193
161,774
161,469
161,238
161,450
161,199
161,997
161,410
161,1190
161,310
161,1085
161,907
161,476
161,289
161,626
161,87
161,474
161,166
161,663
161,584
161,360