id,first_name,last_name,years_of_experience,company_id
1,fp0,lp0,1,38
2,fp1,lp1,2,52
3,fp2,lp2,3,425
4,fp3,lp3,4,361
5,fp4,lp4,5,200
6,fp5,lp5,6,656
7,fp6,lp6,7,611
8,fp7,lp7,8,385
9,fp8,lp8,9,617
10,fp9,lp9,10,567
11,fp10,lp10,11,572
12,fp11,lp11,1,158
13,fp12,lp12,2,200
14,fp13,lp13,3,335
15,fp14,lp14,4,507
16,fp15,lp15,5,144
17,fp16,lp16,6,241
18,fp17,lp17,7,330
19,fp18,lp18,8,133
20,fp19,lp19,9,519
21,fp20,lp20,10,514
22,fp21,lp21,11,62
23,fp22,lp22,1,451
24,fp23,lp23,2,146
25,fp24,lp24,3,326
26,fp25,lp25,4,294
27,fp26,lp26,5,438
28,fp27,lp27,6,76
29,fp28,lp28,7,553
30,fp29,lp29,8,557
31,fp30,lp30,9,301
32,fp31,lp31,10,119
33,fp32,lp32,11,210
34,fp33,lp33,1,497
35,fp34,lp34,2,173
36,fp35,lp35,3,191
37,fp36,lp36,4,292
38,fp37,lp37,5,376
39,fp38,lp38,6,342
40,fp39,lp39,7,7
41,fp40,lp40,8,268
42,fp41,lp41,9,651
43,fp42,lp42,10,362
44,fp43,lp43,11,534
45,fp44,lp44,1,38
46,fp45,lp45,2,533
47,fp46,lp46,3,536
48,fp47,lp47,4,435
49,fp48,lp48,5,294
50,fp49,lp49,6,594
51,fp50,lp50,7,54
52,fp51,lp51,8,167
53,fp52,lp52,9,535
54,fp53,lp53,10,561
55,fp54,lp54,11,322
56,fp55,lp55,1,591
57,fp56,lp56,2,19
58,fp57,lp57,3,322
59,fp58,lp58,4,565
60,fp59,lp59,5,133
61,fp60,lp60,6,318
62,fp61,lp61,7,41
63,fp62,lp62,8,651
64,fp63,lp63,9,91
65,fp64,lp64,10,583
66,fp65,lp65,11,341
67,fp66,lp66,1,662
68,fp67,lp67,2,324
69,fp68,lp68,3,375
70,fp69,lp69,4,393
71,fp70,lp70,5,542
72,fp71,lp71,6,15
73,fp72,lp72,7,216
74,fp73,lp73,8,157
75,fp74,lp74,9,540
76,fp75,lp75,10,466
77,fp76,lp76,11,463
78,fp77,lp77,1,321
79,fp78,lp78,2,116
80,fp79,lp79,3,224
81,fp80,lp80,4,2
82,fp81,lp81,5,18
83,fp82,lp82,6,345
84,fp83,lp83,7,144
85,fp84,lp84,8,409
86,fp85,lp85,9,302
87,fp86,lp86,10,289
88,fp87,lp87,11,333
89,fp88,lp88,1,53
90,fp89,lp89,2,566
91,fp90,lp90,3,269
92,fp91,lp91,4,634
93,fp92,lp92,5,532
94,fp93,lp93,6,110
95,fp94,lp94,7,467
96,fp95,lp95,8,155
97,fp96,lp96,9,34
98,fp97,lp97,10,661
99,fp98,lp98,11,100
100,fp99,lp99,1,320
101,fp100,lp100,2,641
102,fp101,lp101,3,264
103,fp102,lp102,4,649
104,fp103,lp103,5,579
105,fp104,lp104,6,395
106,fp105,lp105,7,391
107,fp106,lp106,8,84
108,fp107,lp107,9,207
109,fp108,lp108,10,531
110,fp109,lp109,11,246
111,fp110,lp110,1,222
112,fp111,lp111,2,672
113,fp112,lp112,3,501
114,fp113,lp113,4,87
115,fp114,lp114,5,27
116,fp115,lp115,6,556
117,fp116,lp116,7,41
118,fp117,lp117,8,222
119,fp118,lp118,9,409
120,fp119,lp119,10,163
121,fp120,lp120,11,41
122,fp121,lp121,1,370
123,fp122,lp122,2,571
124,fp123,lp123,3,620
125,fp124,lp124,4,653
126,fp125,lp125,5,447
127,fp126,lp126,6,504
128,fp127,lp127,7,651
129,fp128,lp128,8,219
130,fp129,lp129,9,297
131,fp130,lp130,10,306
132,fp131,lp131,11,646
133,fp132,lp132,1,157
134,fp133,lp133,2,259
135,fp134,lp134,3,335
136,fp135,lp135,4,396
137,fp136,lp136,5,394
138,fp137,lp137,6,243
139,fp138,lp138,7,473
140,fp139,lp139,8,148
141,fp140,lp140,9,186
142,fp141,lp141,10,124
143,fp142,lp142,11,280
144,fp143,lp143,1,520
145,fp144,lp144,2,523
146,fp145,lp145,3,97
147,fp146,lp146,4,18
148,fp147,lp147,5,468
149,fp148,lp148,6,258
150,fp149,lp149,7,451
151,fp150,lp150,8,544
152,fp151,lp151,9,135
153,fp152,lp152,10,363
154,fp153,lp153,11,155
155,fp154,lp154,1,618
156,fp155,lp155,2,298
157,fp156,lp156,3,433
158,fp157,lp157,4,605
159,fp158,lp158,5,170
160,fp159,lp159,6,299
161,fp160,lp160,7,358
162,fp161,lp161,8,228
163,fp162,lp162,9,105
164,fp163,lp163,10,579
165,fp164,lp164,11,563
166,fp165,lp165,1,88
167,fp166,lp166,2,425
168,fp167,lp167,3,582
169,fp168,lp168,4,534
170,fp169,lp169,5,279
171,fp170,lp170,6,535
172,fp171,lp171,7,39
173,fp172,lp172,8,8
174,fp173,lp173,9,140
175,fp174,lp174,10,16
176,fp175,lp175,11,589
177,fp176,lp176,1,476
178,fp177,lp177,2,71
179,fp178,lp178,3,207
180,fp179,lp179,4,35
181,fp180,lp180,5,99
182,fp181,lp181,6,249
183,fp182,lp182,7,614
184,fp183,lp183,8,184
185,fp184,lp184,9,134
186,fp185,lp185,10,555
187,fp186,lp186,11,623
188,fp187,lp187,1,25
189,fp188,lp188,2,613
190,fp189,lp189,3,367
191,fp190,lp190,4,339
192,fp191,lp191,5,308
193,fp192,lp192,6,304
194,fp193,lp193,7,599
195,fp194,lp194,8,133
196,fp195,lp195,9,428
197,fp196,lp196,10,561
198,fp197,lp197,11,251
199,fp198,lp198,1,56
200,fp199,lp199,2,301
201,fp200,lp200,3,160
202,fp201,lp201,4,570
203,fp202,lp202,5,620
204,fp203,lp203,6,503
205,fp204,lp204,7,388
206,fp205,lp205,8,290
207,fp206,lp206,9,263
208,fp207,lp207,10,528
209,fp208,lp208,11,423
210,fp209,lp209,1,68
211,fp210,lp210,2,81
212,fp211,lp211,3,492
213,fp212,lp212,4,239
214,fp213,lp213,5,588
215,fp214,lp214,6,265
216,fp215,lp215,7,409
217,fp216,lp216,8,102
218,fp217,lp217,9,51
219,fp218,lp218,10,266
220,fp219,lp219,11,544
221,fp220,lp220,1,580
222,fp221,lp221,2,428
223,fp222,lp222,3,136
224,fp223,lp223,4,636
225,fp224,lp224,5,378
226,fp225,lp225,6,544
227,fp226,lp226,7,22
228,fp227,lp227,8,80
229,fp228,lp228,9,3
230,fp229,lp229,10,291
231,fp230,lp230,11,542
232,fp231,lp231,1,627
233,fp232,lp232,2,489
234,fp233,lp233,3,168
235,fp234,lp234,4,408
236,fp235,lp235,5,59
237,fp236,lp236,6,603
238,fp237,lp237,7,54
239,fp238,lp238,8,85
240,fp239,lp239,9,83
241,fp240,lp240,10,254
242,fp241,lp241,11,173
243,fp242,lp242,1,502
244,fp243,lp243,2,159
245,fp244,lp244,3,208
246,fp245,lp245,4,225
247,fp246,lp246,5,7
248,fp247,lp247,6,38
249,fp248,lp248,7,535
250,fp249,lp249,8,591
251,fp250,lp250,9,463
252,fp251,lp251,10,494
253,fp252,lp252,11,299
254,fp253,lp253,1,114
255,fp254,lp254,2,427
256,fp255,lp255,3,530
257,fp256,lp256,4,205
258,fp257,lp257,5,402
259,fp258,lp258,6,391
260,fp259,lp259,7,624
261,fp260,lp260,8,480
262,fp261,lp261,9,223
263,fp262,lp262,10,652
264,fp263,lp263,11,131
265,fp264,lp264,1,30
266,fp265,lp265,2,502
267,fp266,lp266,3,31
268,fp267,lp267,4,37
269,fp268,lp268,5,286
270,fp269,lp269,6,419
271,fp270,lp270,7,590
272,fp271,lp271,8,669
273,fp272,lp272,9,327
274,fp273,lp273,10,368
275,fp274,lp274,11,623
276,fp275,lp275,1,652
277,fp276,lp276,2,541
278,fp277,lp277,3,640
279,fp278,lp278,4,441
280,fp279,lp279,5,520
281,fp280,lp280,6,647
282,fp281,lp281,7,131
283,fp282,lp282,8,20
284,fp283,lp283,9,552
285,fp284,lp284,10,437
286,fp285,lp285,11,506
287,fp286,lp286,1,389
288,fp287,lp287,2,177
289,fp288,lp288,3,138
290,fp289,lp289,4,431
291,fp290,lp290,5,316
292,fp291,lp291,6,580
293,fp292,lp292,7,359
294,fp293,lp293,8,405
295,fp294,lp294,9,374
296,fp295,lp295,10,634
297,fp296,lp296,11,584
298,fp297,lp297,1,68
299,fp298,lp298,2,445
300,fp299,lp299,3,398
301,fp300,lp300,4,170
302,fp301,lp301,5,143
303,fp302,lp302,6,386
304,fp303,lp303,7,587
305,fp304,lp304,8,454
306,fp305,lp305,9,46
307,fp306,lp306,10,602
308,fp307,lp307,11,620
309,fp308,lp308,1,390
310,fp309,lp309,2,180
311,fp310,lp310,3,157
312,fp311,lp311,4,51
313,fp312,lp312,5,411
314,fp313,lp313,6,509
315,fp314,lp314,7,122
316,fp315,lp315,8,595
317,fp316,lp316,9,106
318,fp317,lp317,10,175
319,fp318,lp318,11,404
320,fp319,lp319,1,41
321,fp320,lp320,2,116
322,fp321,lp321,3,427
323,fp322,lp322,4,316
324,fp323,lp323,5,455
325,fp324,lp324,6,335
326,fp325,lp325,7,199
327,fp326,lp326,8,258
328,fp327,lp327,9,395
329,fp328,lp328,10,178
330,fp329,lp329,11,384
331,fp330,lp330,1,279
332,fp331,lp331,2,116
333,fp332,lp332,3,25
334,fp333,lp333,4,105
335,fp334,lp334,5,217
336,fp335,lp335,6,483
337,fp336,lp336,7,213
338,fp337,lp337,8,375
339,fp338,lp338,9,462
340,fp339,lp339,10,104
341,fp340,lp340,11,553
342,fp341,lp341,1,477
343,fp342,lp342,2,313
344,fp343,lp343,3,96
345,fp344,lp344,4,12
346,fp345,lp345,5,543
347,fp346,lp346,6,524
348,fp347,lp347,7,672
349,fp348,lp348,8,515
350,fp349,lp349,9,434
351,fp350,lp350,10,242
352,fp351,lp351,11,615
353,fp352,lp352,1,374
354,fp353,lp353,2,647
355,fp354,lp354,3,235
356,fp355,lp355,4,385
357,fp356,lp356,5,221
358,fp357,lp357,6,497
359,fp358,lp358,7,213
360,fp359,lp359,8,490
361,fp360,lp360,9,67
362,fp361,lp361,10,104
363,fp362,lp362,11,376
364,fp363,lp363,1,509
365,fp364,lp364,2,572
366,fp365,lp365,3,598
367,fp366,lp366,4,229
368,fp367,lp367,5,197
369,fp368,lp368,6,166
370,fp369,lp369,7,452
371,fp370,lp370,8,554
372,fp371,lp371,9,23
373,fp372,lp372,10,31
374,fp373,lp373,11,556
375,fp374,lp374,1,249
376,fp375,lp375,2,19
377,fp376,lp376,3,142
378,fp377,lp377,4,187
379,fp378,lp378,5,152
380,fp379,lp379,6,204
381,fp380,lp380,7,243
382,fp381,lp381,8,149
383,fp382,lp382,9,411
384,fp383,lp383,10,285
385,fp384,lp384,11,516
386,fp385,lp385,1,122
387,fp386,lp386,2,483
388,fp387,lp387,3,569
389,fp388,lp388,4,458
390,fp389,lp389,5,158
391,fp390,lp390,6,434
392,fp391,lp391,7,582
393,fp392,lp392,8,156
394,fp393,lp393,9,534
395,fp394,lp394,10,275
396,fp395,lp395,11,234
397,fp396,lp396,1,243
398,fp397,lp397,2,15
399,fp398,lp398,3,117
400,fp399,lp399,4,569
401,fp400,lp400,5,445
402,fp401,lp401,6,492
403,fp402,lp402,7,537
404,fp403,lp403,8,478
405,fp404,lp404,9,620
406,fp405,lp405,10,337
407,fp406,lp406,11,336
408,fp407,lp407,1,500
409,fp408,lp408,2,116
410,fp409,lp409,3,387
411,fp410,lp410,4,80
412,fp411,lp411,5,459
413,fp412,lp412,6,93
414,fp413,lp413,7,509
415,fp414,lp414,8,117
416,fp415,lp415,9,346
417,fp416,lp416,10,625
418,fp417,lp417,11,369
419,fp418,lp418,1,167
420,fp419,lp419,2,482
421,fp420,lp420,3,152
422,fp421,lp421,4,329
423,fp422,lp422,5,304
424,fp423,lp423,6,254
425,fp424,lp424,7,201
426,fp425,lp425,8,274
427,fp426,lp426,9,357
428,fp427,lp427,10,571
429,fp428,lp428,11,9
430,fp429,lp429,1,21
431,fp430,lp430,2,485
432,fp431,lp431,3,490
433,fp432,lp432,4,13
434,fp433,lp433,5,276
435,fp434,lp434,6,171
436,fp435,lp435,7,260
437,fp436,lp436,8,246
438,fp437,lp437,9,180
439,fp438,lp438,10,421
440,fp439,lp439,11,185
441,fp440,lp440,1,442
442,fp441,lp441,2,430
443,fp442,lp442,3,47
444,fp443,lp443,4,239
445,fp444,lp444,5,466
446,fp445,lp445,6,342
447,fp446,lp446,7,633
448,fp447,lp447,8,272
449,fp448,lp448,9,58
450,fp449,lp449,10,196
451,fp450,lp450,11,441
452,fp451,lp451,1,23
453,fp452,lp452,2,422
454,fp453,lp453,3,598
455,fp454,lp454,4,226
456,fp455,lp455,5,265
457,fp456,lp456,6,383
458,fp457,lp457,7,54
459,fp458,lp458,8,541
460,fp459,lp459,9,330
461,fp460,lp460,10,230
462,fp461,lp461,11,214
463,fp462,lp462,1,559
464,fp463,lp463,2,319
465,fp464,lp464,3,617
466,fp465,lp465,4,116
467,fp466,lp466,5,334
468,fp467,lp467,6,622
469,fp468,lp468,7,383
470,fp469,lp469,8,10
471,fp470,lp470,9,630
472,fp471,lp471,10,60
473,fp472,lp472,11,399
474,fp473,lp473,1,8
475,fp474,lp474,2,366
476,fp475,lp475,3,216
477,fp476,lp476,4,675
478,fp477,lp477,5,621
479,fp478,lp478,6,152
480,fp479,lp479,7,666
481,fp480,lp480,8,191
482,fp481,lp481,9,580
483,fp482,lp482,10,83
484,fp483,lp483,11,129
485,fp484,lp484,1,328
486,fp485,lp485,2,29
487,fp486,lp486,3,18
488,fp487,lp487,4,11
489,fp488,lp488,5,180
490,fp489,lp489,6,39
491,fp490,lp490,7,159
492,fp491,lp491,8,353
493,fp492,lp492,9,348
494,fp493,lp493,10,142
495,fp494,lp494,11,86
496,fp495,lp495,1,291
497,fp496,lp496,2,118
498,fp497,lp497,3,169
499,fp498,lp498,4,345
500,fp499,lp499,5,221
501,fp500,lp500,6,186
502,fp501,lp501,7,349
503,fp502,lp502,8,450
504,fp503,lp503,9,288
505,fp504,lp504,10,231
506,fp505,lp505,11,138
507,fp506,lp506,1,192
508,fp507,lp507,2,354
509,fp508,lp508,3,448
510,fp509,lp509,4,97
511,fp510,lp510,5,463
512,fp511,lp511,6,301
513,fp512,lp512,7,83
514,fp513,lp513,8,383
515,fp514,lp514,9,145
516,fp515,lp515,10,25
517,fp516,lp516,11,453
518,fp517,lp517,1,47
519,fp518,lp518,2,354
520,fp519,lp519,3,627
521,fp520,lp520,4,273
522,fp521,lp521,5,647
523,fp522,lp522,6,320
524,fp523,lp523,7,653
525,fp524,lp524,8,488
526,fp525,lp525,9,200
527,fp526,lp526,10,508
528,fp527,lp527,11,467
529,fp528,lp528,1,238
530,fp529,lp529,2,582
531,fp530,lp530,3,102
532,fp531,lp531,4,461
533,fp532,lp532,5,631
534,fp533,lp533,6,566
535,fp534,lp534,7,402
536,fp535,lp535,8,321
537,fp536,lp536,9,369
538,fp537,lp537,10,350
539,fp538,lp538,11,324
540,fp539,lp539,1,40
541,fp540,lp540,2,592
542,fp541,lp541,3,453
543,fp542,lp542,4,151
544,fp543,lp543,5,403
545,fp544,lp544,6,516
546,fp545,lp545,7,341
547,fp546,lp546,8,155
548,fp547,lp547,9,225
549,fp548,lp548,10,226
550,fp549,lp549,11,264
551,fp550,lp550,1,393
552,fp551,lp551,2,212
553,fp552,lp552,3,204
554,fp553,lp553,4,459
555,fp554,lp554,5,352
556,fp555,lp555,6,394
557,fp556,lp556,7,514
558,fp557,lp557,8,666
559,fp558,lp558,9,16
560,fp559,lp559,10,303
561,fp560,lp560,11,414
562,fp561,lp561,1,258
563,fp562,lp562,2,208
564,fp563,lp563,3,105
565,fp564,lp564,4,86
566,fp565,lp565,5,218
567,fp566,lp566,6,660
568,fp567,lp567,7,220
569,fp568,lp568,8,640
570,fp569,lp569,9,541
571,fp570,lp570,10,341
572,fp571,lp571,11,426
573,fp572,lp572,1,673
574,fp573,lp573,2,468
575,fp574,lp574,3,168
576,fp575,lp575,4,366
577,fp576,lp576,5,333
578,fp577,lp577,6,108
579,fp578,lp578,7,554
580,fp579,lp579,8,533
581,fp580,lp580,9,281
582,fp581,lp581,10,305
583,fp582,lp582,11,642
584,fp583,lp583,1,283
585,fp584,lp584,2,502
586,fp585,lp585,3,112
587,fp586,lp586,4,466
588,fp587,lp587,5,284
589,fp588,lp588,6,512
590,fp589,lp589,7,240
591,fp590,lp590,8,383
592,fp591,lp591,9,1
593,fp592,lp592,10,307
594,fp593,lp593,11,555
595,fp594,lp594,1,65
596,fp595,lp595,2,609
597,fp596,lp596,3,129
598,fp597,lp597,4,322
599,fp598,lp598,5,653
600,fp599,lp599,6,191
601,fp600,lp600,7,77
602,fp601,lp601,8,177
603,fp602,lp602,9,469
604,fp603,lp603,10,138
605,fp604,lp604,11,45
606,fp605,lp605,1,262
607,fp606,lp606,2,96
608,fp607,lp607,3,441
609,fp608,lp608,4,259
610,fp609,lp609,5,671
611,fp610,lp610,6,306
612,fp611,lp611,7,578
613,fp612,lp612,8,128
614,fp613,lp613,9,391
615,fp614,lp614,10,125
616,fp615,lp615,11,609
617,fp616,lp616,1,309
618,fp617,lp617,2,281
619,fp618,lp618,3,438
620,fp619,lp619,4,413
621,fp620,lp620,5,85
622,fp621,lp621,6,39
623,fp622,lp622,7,182
624,fp623,lp623,8,433
625,fp624,lp624,9,674
626,fp625,lp625,10,184
627,fp626,lp626,11,170
628,fp627,lp627,1,419
629,fp628,lp628,2,353
630,fp629,lp629,3,493
631,fp630,lp630,4,234
632,fp631,lp631,5,99
633,fp632,lp632,6,464
634,fp633,lp633,7,472
635,fp634,lp634,8,311
636,fp635,lp635,9,259
637,fp636,lp636,10,84
638,fp637,lp637,11,274
639,fp638,lp638,1,378
640,fp639,lp639,2,482
641,fp640,lp640,3,672
642,fp641,lp641,4,285
643,fp642,lp642,5,498
644,fp643,lp643,6,363
645,fp644,lp644,7,327
646,fp645,lp645,8,93
647,fp646,lp646,9,538
648,fp647,lp647,10,137
649,fp648,lp648,11,72
650,fp649,lp649,1,533
651,fp650,lp650,2,258
652,fp651,lp651,3,25
653,fp652,lp652,4,138
654,fp653,lp653,5,125
655,fp654,lp654,6,472
656,fp655,lp655,7,304
657,fp656,lp656,8,112
658,fp657,lp657,9,197
659,fp658,lp658,10,345
660,fp659,lp659,11,365
661,fp660,lp660,1,463
662,fp661,lp661,2,186
663,fp662,lp662,3,602
664,fp663,lp663,4,231
665,fp664,lp664,5,618
666,fp665,lp665,6,481
667,fp666,lp666,7,78
668,fp667,lp667,8,262
669,fp668,lp668,9,393
670,fp669,lp669,10,21
671,fp670,lp670,11,72
672,fp671,lp671,1,63
673,fp672,lp672,2,578
674,fp673,lp673,3,410
675,fp674,lp674,4,275
676,fp675,lp675,5,562
677,fp676,lp676,6,119
678,fp677,lp677,7,188
679,fp678,lp678,8,72
680,fp679,lp679,9,30
681,fp680,lp680,10,249
682,fp681,lp681,11,225
683,fp682,lp682,1,184
684,fp683,lp683,2,339
685,fp684,lp684,3,481
686,fp685,lp685,4,163
687,fp686,lp686,5,181
688,fp687,lp687,6,448
689,fp688,lp688,7,588
690,fp689,lp689,8,644
691,fp690,lp690,9,38
692,fp691,lp691,10,352
693,fp692,lp692,11,153
694,fp693,lp693,1,344
695,fp694,lp694,2,161
696,fp695,lp695,3,334
697,fp696,lp696,4,485
698,fp697,lp697,5,411
699,fp698,lp698,6,388
700,fp699,lp699,7,459
701,fp700,lp700,8,567
702,fp701,lp701,9,163
703,fp702,lp702,10,26
704,fp703,lp703,11,66
705,fp704,lp704,1,373
706,fp705,lp705,2,213
707,fp706,lp706,3,456
708,fp707,lp707,4,640
709,fp708,lp708,5,89
710,fp709,lp709,6,459
711,fp710,lp710,7,320
712,fp711,lp711,8,20
713,fp712,lp712,9,291
714,fp713,lp713,10,11
715,fp714,lp714,11,274
716,fp715,lp715,1,321
717,fp716,lp716,2,111
718,fp717,lp717,3,593
719,fp718,lp718,4,321
720,fp719,lp719,5,412
721,fp720,lp720,6,666
722,fp721,lp721,7,121
723,fp722,lp722,8,480
724,fp723,lp723,9,428
725,fp724,lp724,10,190
726,fp725,lp725,11,80
727,fp726,lp726,1,427
728,fp727,lp727,2,197
729,fp728,lp728,3,163
730,fp729,lp729,4,290
731,fp730,lp730,5,576
732,fp731,lp731,6,71
733,fp732,lp732,7,212
734,fp733,lp733,8,246
735,fp734,lp734,9,667
736,fp735,lp735,10,120
737,fp736,lp736,11,217
738,fp737,lp737,1,296
739,fp738,lp738,2,190
740,fp739,lp739,3,395
741,fp740,lp740,4,176
742,fp741,lp741,5,179
743,fp742,lp742,6,191
744,fp743,lp743,7,336
745,fp744,lp744,8,9
746,fp745,lp745,9,238
747,fp746,lp746,10,352
748,fp747,lp747,11,622
749,fp748,lp748,1,351
750,fp749,lp749,2,401
751,fp750,lp750,3,69
752,fp751,lp751,4,91
753,fp752,lp752,5,384
754,fp753,lp753,6,34
755,fp754,lp754,7,625
756,fp755,lp755,8,581
757,fp756,lp756,9,56
758,fp757,lp757,10,570
759,fp758,lp758,11,318
760,fp759,lp759,1,554
761,fp760,lp760,2,493
762,fp761,lp761,3,451
763,fp762,lp762,4,368
764,fp763,lp763,5,451
765,fp764,lp764,6,417
766,fp765,lp765,7,654
767,fp766,lp766,8,38
768,fp767,lp767,9,654
769,fp768,lp768,10,9
770,fp769,lp769,11,339
771,fp770,lp770,1,32
772,fp771,lp771,2,307
773,fp772,lp772,3,466
774,fp773,lp773,4,47
775,fp774,lp774,5,275
776,fp775,lp775,6,399
777,fp776,lp776,7,62
778,fp777,lp777,8,577
779,fp778,lp778,9,142
780,fp779,lp779,10,314
781,fp780,lp780,11,227
782,fp781,lp781,1,76
783,fp782,lp782,2,231
784,fp783,lp783,3,270
785,fp784,lp784,4,404
786,fp785,lp785,5,400
787,fp786,lp786,6,62
788,fp787,lp787,7,334
789,fp788,lp788,8,632
790,fp789,lp789,9,474
791,fp790,lp790,10,597
792,fp791,lp791,11,439
793,fp792,lp792,1,52
794,fp793,lp793,2,325
795,fp794,lp794,3,634
796,fp795,lp795,4,144
797,fp796,lp796,5,70
798,fp797,lp797,6,318
799,fp798,lp798,7,263
800,fp799,lp799,8,30
801,fp800,lp800,9,395
802,fp801,lp801,10,486
803,fp802,lp802,11,553
804,fp803,lp803,1,12
805,fp804,lp804,2,236
806,fp805,lp805,3,333
807,fp806,lp806,4,144
808,fp807,lp807,5,385
809,fp808,lp808,6,354
810,fp809,lp809,7,632
811,fp810,lp810,8,315
812,fp811,lp811,9,74
813,fp812,lp812,10,59
814,fp813,lp813,11,578
815,fp814,lp814,1,486
816,fp815,lp815,2,39
817,fp816,lp816,3,177
818,fp817,lp817,4,636
819,fp818,lp818,5,645
820,fp819,lp819,6,227
821,fp820,lp820,7,462
822,fp821,lp821,8,253
823,fp822,lp822,9,593
824,fp823,lp823,10,364
825,fp824,lp824,11,185
826,fp825,lp825,1,623
827,fp826,lp826,2,32
828,fp827,lp827,3,174
829,fp828,lp828,4,383
830,fp829,lp829,5,33
831,fp830,lp830,6,485
832,fp831,lp831,7,504
833,fp832,lp832,8,564
834,fp833,lp833,9,377
835,fp834,lp834,10,327
836,fp835,lp835,11,264
837,fp836,lp836,1,181
838,fp837,lp837,2,512
839,fp838,lp838,3,518
840,fp839,lp839,4,524
841,fp840,lp840,5,74
842,fp841,lp841,6,217
843,fp842,lp842,7,519
844,fp843,lp843,8,185
845,fp844,lp844,9,47
846,fp845,lp845,10,86
847,fp846,lp846,11,307
848,fp847,lp847,1,229
849,fp848,lp848,2,151
850,fp849,lp849,3,362
851,fp850,lp850,4,33
852,fp851,lp851,5,481
853,fp852,lp852,6,348
854,fp853,lp853,7,555
855,fp854,lp854,8,393
856,fp855,lp855,9,301
857,fp856,lp856,10,566
858,fp857,lp857,11,105
859,fp858,lp858,1,411
860,fp859,lp859,2,549
861,fp860,lp860,3,366
862,fp861,lp861,4,59
863,fp862,lp862,5,59
864,fp863,lp863,6,609
865,fp864,lp864,7,363
866,fp865,lp865,8,163
867,fp866,lp866,9,535
868,fp867,lp867,10,450
869,fp868,lp868,11,422
870,fp869,lp869,1,17
871,fp870,lp870,2,536
872,fp871,lp871,3,56
873,fp872,lp872,4,333
874,fp873,lp873,5,284
875,fp874,lp874,6,23
876,fp875,lp875,7,610
877,fp876,lp876,8,505
878,fp877,lp877,9,41
879,fp878,lp878,10,14
880,fp879,lp879,11,664
881,fp880,lp880,1,600
882,fp881,lp881,2,37
883,fp882,lp882,3,250
884,fp883,lp883,4,532
885,fp884,lp884,5,11
886,fp885,lp885,6,62
887,fp886,lp886,7,335
888,fp887,lp887,8,187
889,fp888,lp888,9,672
890,fp889,lp889,10,452
891,fp890,lp890,11,504
892,fp891,lp891,1,307
893,fp892,lp892,2,194
894,fp893,lp893,3,623
895,fp894,lp894,4,607
896,fp895,lp895,5,164
897,fp896,lp896,6,341
898,fp897,lp897,7,138
899,fp898,lp898,8,453
900,fp899,lp899,9,77
901,fp900,lp900,10,36
902,fp901,lp901,11,281
903,fp902,lp902,1,434
904,fp903,lp903,2,333
905,fp904,lp904,3,572
906,fp905,lp905,4,598
907,fp906,lp906,5,341
908,fp907,lp907,6,526
909,fp908,lp908,7,651
910,fp909,lp909,8,27
911,fp910,lp910,9,73
912,fp911,lp911,10,173
913,fp912,lp912,11,499
914,fp913,lp913,1,259
915,fp914,lp914,2,3
916,fp915,lp915,3,516
917,fp916,lp916,4,590
918,fp917,lp917,5,526
919,fp918,lp918,6,289
920,fp919,lp919,7,596
921,fp920,lp920,8,150
922,fp921,lp921,9,116
923,fp922,lp922,10,511
924,fp923,lp923,11,564
925,fp924,lp924,1,342
926,fp925,lp925,2,638
927,fp926,lp926,3,289
928,fp927,lp927,4,592
929,fp928,lp928,5,82
930,fp929,lp929,6,184
931,fp930,lp930,7,322
932,fp931,lp931,8,566
933,fp932,lp932,9,544
934,fp933,lp933,10,52
935,fp934,lp934,11,364
936,fp935,lp935,1,244
937,fp936,lp936,2,396
938,fp937,lp937,3,435
939,fp938,lp938,4,672
940,fp939,lp939,5,635
941,fp940,lp940,6,425
942,fp941,lp941,7,165
943,fp942,lp942,8,15
944,fp943,lp943,9,392
945,fp944,lp944,10,634
946,fp945,lp945,11,403
947,fp946,lp946,1,197
948,fp947,lp947,2,659
949,fp948,lp948,3,270
950,fp949,lp949,4,359
951,fp950,lp950,5,248
952,fp951,lp951,6,530
953,fp952,lp952,7,162
954,fp953,lp953,8,25
955,fp954,lp954,9,518
956,fp955,lp955,10,245
957,fp956,lp956,11,212
958,fp957,lp957,1,219
959,fp958,lp958,2,129
960,fp959,lp959,3,179
961,fp960,lp960,4,523
962,fp961,lp961,5,345
963,fp962,lp962,6,305
964,fp963,lp963,7,284
965,fp964,lp964,8,464
966,fp965,lp965,9,28
967,fp966,lp966,10,360
968,fp967,lp967,11,393
969,fp968,lp968,1,621
970,fp969,lp969,2,135
971,fp970,lp970,3,276
972,fp971,lp971,4,397
973,fp972,lp972,5,477
974,fp973,lp973,6,557
975,fp974,lp974,7,154
976,fp975,lp975,8,398
977,fp976,lp976,9,338
978,fp977,lp977,10,267
979,fp978,lp978,11,245
980,fp979,lp979,1,410
981,fp980,lp980,2,191
982,fp981,lp981,3,666
983,fp982,lp982,4,121
984,fp983,lp983,5,547
985,fp984,lp984,6,417
986,fp985,lp985,7,531
987,fp986,lp986,8,49
988,fp987,lp987,9,95
989,fp988,lp988,10,226
990,fp989,lp989,11,41
991,fp990,lp990,1,267
992,fp991,lp991,2,458
993,fp992,lp992,3,439
994,fp993,lp993,4,639
995,fp994,lp994,5,78
996,fp995,lp995,6,368
997,fp996,lp996,7,581
998,fp997,lp997,8,646
999,fp998,lp998,9,323
1000,fp999,lp999,10,79
1001,fp1000,lp1000,11,392
1002,fp1001,lp1001,1,569
1003,fp1002,lp1002,2,653
1004,fp1003,lp1003,3,248
1005,fp1004,lp1004,4,213
1006,fp1005,lp1005,5,568
1007,fp1006,lp1006,6,585
1008,fp1007,lp1007,7,347
1009,fp1008,lp1008,8,83
1010,fp1009,lp1009,9,78
1011,fp1010,lp1010,10,65
1012,fp1011,lp1011,11,16
1013,fp1012,lp1012,1,566
1014,fp1013,lp1013,2,10
1015,fp1014,lp1014,3,142
1016,fp1015,lp1015,4,476
1017,fp1016,lp1016,5,607
1018,fp1017,lp1017,6,205
1019,fp1018,lp1018,7,112
1020,fp1019,lp1019,8,440
1021,fp1020,lp1020,9,502
1022,fp1021,lp1021,10,461
1023,fp1022,lp1022,11,387
1024,fp1023,lp1023,1,148
1025,fp1024,lp1024,2,316
1026,fp1025,lp1025,3,593
1027,fp1026,lp1026,4,438
1028,fp1027,lp1027,5,555
1029,fp1028,lp1028,6,516
1030,fp1029,lp1029,7,280
1031,fp1030,lp1030,8,2
1032,fp1031,lp1031,9,279
1033,fp1032,lp1032,10,53
1034,fp1033,lp1033,11,301
1035,fp1034,lp1034,1,647
1036,fp1035,lp1035,2,634
1037,fp1036,lp1036,3,161
1038,fp1037,lp1037,4,465
1039,fp1038,lp1038,5,368
1040,fp1039,lp1039,6,89
1041,fp1040,lp1040,7,20
1042,fp1041,lp1041,8,521
1043,fp1042,lp1042,9,578
1044,fp1043,lp1043,10,553
1045,fp1044,lp1044,11,279
1046,fp1045,lp1045,1,61
1047,fp1046,lp1046,2,106
1048,fp1047,lp1047,3,653
1049,fp1048,lp1048,4,583
1050,fp1049,lp1049,5,215
1051,fp1050,lp1050,6,34
1052,fp1051,lp1051,7,394
1053,fp1052,lp1052,8,563
1054,fp1053,lp1053,9,291
1055,fp1054,lp1054,10,553
1056,fp1055,lp1055,11,67
1057,fp1056,lp1056,1,374
1058,fp1057,lp1057,2,512
1059,fp1058,lp1058,3,305
1060,fp1059,lp1059,4,326
1061,fp1060,lp1060,5,507
1062,fp1061,lp1061,6,364
1063,fp1062,lp1062,7,203
1064,fp1063,lp1063,8,577
1065,fp1064,lp1064,9,341
1066,fp1065,lp1065,10,535
1067,fp1066,lp1066,11,516
1068,fp1067,lp1067,1,556
1069,fp1068,lp1068,2,342
1070,fp1069,lp1069,3,542
1071,fp1070,lp1070,4,64
1072,fp1071,lp1071,5,588
1073,fp1072,lp1072,6,244
1074,fp1073,lp1073,7,15
1075,fp1074,lp1074,8,31
1076,fp1075,lp1075,9,26
1077,fp1076,lp1076,10,6
1078,fp1077,lp1077,11,51
1079,fp1078,lp1078,1,465
1080,fp1079,lp1079,2,376
1081,fp1080,lp1080,3,281
1082,fp1081,lp1081,4,214
1083,fp1082,lp1082,5,284
1084,fp1083,lp1083,6,269
1085,fp1084,lp1084,7,585
1086,fp1085,lp1085,8,351
1087,fp1086,lp1086,9,435
1088,fp1087,lp1087,10,607
1089,fp1088,lp1088,11,597
1090,fp1089,lp1089,1,574
1091,fp1090,lp1090,2,319
1092,fp1091,lp1091,3,35
1093,fp1092,lp1092,4,116
1094,fp1093,lp1093,5,555
1095,fp1094,lp1094,6,12
1096,fp1095,lp1095,7,628
1097,fp1096,lp1096,8,66
1098,fp1097,lp1097,9,373
1099,fp1098,lp1098,10,224
1100,fp1099,lp1099,11,338
1101,fp1100,lp1100,1,229
1102,fp1101,lp1101,2,450
1103,fp1102,lp1102,3,36
1104,fp1103,lp1103,4,22
1105,fp1104,lp1104,5,5
1106,fp1105,lp1105,6,428
1107,fp1106,lp1106,7,373
1108,fp1107,lp1107,8,642
1109,fp1108,lp1108,9,64
1110,fp1109,lp1109,10,386
1111,fp1110,lp1110,11,15
1112,fp1111,lp1111,1,22
1113,fp1112,lp1112,2,503
1114,fp1113,lp1113,3,536
1115,fp1114,lp1114,4,240
1116,fp1115,lp1115,5,553
1117,fp1116,lp1116,6,191
1118,fp1117,lp1117,7,486
1119,fp1118,lp1118,8,3
1120,fp1119,lp1119,9,326
1121,fp1120,lp1120,10,406
1122,fp1121,lp1121,11,447
1123,fp1122,lp1122,1,558
1124,fp1123,lp1123,2,306
1125,fp1124,lp1124,3,243
1126,fp1125,lp1125,4,497
1127,fp1126,lp1126,5,56
1128,fp1127,lp1127,6,14
1129,fp1128,lp1128,7,11
1130,fp1129,lp1129,8,422
1131,fp1130,lp1130,9,533
1132,fp1131,lp1131,10,578
1133,fp1132,lp1132,11,48
1134,fp1133,lp1133,1,601
1135,fp1134,lp1134,2,511
1136,fp1135,lp1135,3,503
1137,fp1136,lp1136,4,170
1138,fp1137,lp1137,5,420
1139,fp1138,lp1138,6,267
1140,fp1139,lp1139,7,475
1141,fp1140,lp1140,8,482
1142,fp1141,lp1141,9,251
1143,fp1142,lp1142,10,551
1144,fp1143,lp1143,11,3
1145,fp1144,lp1144,1,630
1146,fp1145,lp1145,2,630
1147,fp1146,lp1146,3,68
1148,fp1147,lp1147,4,138
1149,fp1148,lp1148,5,646
1150,fp1149,lp1149,6,194
1151,fp1150,lp1150,7,508
1152,fp1151,lp1151,8,446
1153,fp1152,lp1152,9,513
1154,fp1153,lp1153,10,472
1155,fp1154,lp1154,11,446
1156,fp1155,lp1155,1,48
1157,fp1156,lp1156,2,290
1158,fp1157,lp1157,3,310
1159,fp1158,lp1158,4,182
1160,fp1159,lp1159,5,127
1161,fp1160,lp1160,6,508
1162,fp1161,lp1161,7,341
1163,fp1162,lp1162,8,628
1164,fp1163,lp1163,9,461
1165,fp1164,lp1164,10,577
1166,fp1165,lp1165,11,510
1167,fp1166,lp1166,1,331
1168,fp1167,lp1167,2,137
1169,fp1168,lp1168,3,11
1170,fp1169,lp1169,4,89
1171,fp1170,lp1170,5,407
1172,fp1171,lp1171,6,398
1173,fp1172,lp1172,7,230
1174,fp1173,lp1173,8,364
1175,fp1174,lp1174,9,585
1176,fp1175,lp1175,10,328
1177,fp1176,lp1176,11,148
1178,fp1177,lp1177,1,436
1179,fp1178,lp1178,2,608
1180,fp1179,lp1179,3,506
1181,fp1180,lp1180,4,100
1182,fp1181,lp1181,5,384
1183,fp1182,lp1182,6,57
1184,fp1183,lp1183,7,385
1185,fp1184,lp1184,8,11
1186,fp1185,lp1185,9,388
1187,fp1186,lp1186,10,193
1188,fp1187,lp1187,11,97
1189,fp1188,lp1188,1,433
1190,fp1189,lp1189,2,307
1191,fp1190,lp1190,3,142
1192,fp1191,lp1191,4,647
1193,fp1192,lp1192,5,607
1194,fp1193,lp1193,6,353
1195,fp1194,lp1194,7,638
1196,fp1195,lp1195,8,10
1197,fp1196,lp1196,9,242
1198,fp1197,lp1197,10,309
1199,fp1198,lp1198,11,301
1200,fp1199,lp1199,1,536
1201,fp1200,lp1200,2,190
1202,fp1201,lp1201,3,85
1203,fp1202,lp1202,4,107
1204,fp1203,lp1203,5,460
1205,fp1204,lp1204,6,444
1206,fp1205,lp1205,7,445
1207,fp1206,lp1206,8,70
1208,fp1207,lp1207,9,544
1209,fp1208,lp1208,10,641
1210,fp1209,lp1209,11,91
1211,fp1210,lp1210,1,318
1212,fp1211,lp1211,2,449
1213,fp1212,lp1212,3,290
1214,fp1213,lp1213,4,328
1215,fp1214,lp1214,5,246
1216,fp1215,lp1215,6,298
1217,fp1216,lp1216,7,199
1218,fp1217,lp1217,8,483
1219,fp1218,lp1218,9,161
1220,fp1219,lp1219,10,671
1221,fp1220,lp1220,11,283
1222,fp1221,lp1221,1,420
1223,fp1222,lp1222,2,222
1224,fp1223,lp1223,3,271
1225,fp1224,lp1224,4,270
1226,fp1225,lp1225,5,561
1227,fp1226,lp1226,6,474
1228,fp1227,lp1227,7,238
1229,fp1228,lp1228,8,666
1230,fp1229,lp1229,9,55
1231,fp1230,lp1230,10,255
1232,fp1231,lp1231,11,127
1233,fp1232,lp1232,1,509
1234,fp1233,lp1233,2,487
1235,fp1234,lp1234,3,437
1236,fp1235,lp1235,4,61
1237,fp1236,lp1236,5,662
1238,fp1237,lp1237,6,180
1239,fp1238,lp1238,7,417
1240,fp1239,lp1239,8,394
1241,fp1240,lp1240,9,341
1242,fp1241,lp1241,10,347
1243,fp1242,lp1242,11,527
1244,fp1243,lp1243,1,320
1245,fp1244,lp1244,2,495
1246,fp1245,lp1245,3,361
1247,fp1246,lp1246,4,544
1248,fp1247,lp1247,5,290
1249,fp1248,lp1248,6,210
1250,fp1249,lp1249,7,538
1251,fp1250,lp1250,8,534
1252,fp1251,lp1251,9,92
1253,fp1252,lp1252,10,654
1254,fp1253,lp1253,11,361
1255,fp1254,lp1254,1,257
1256,fp1255,lp1255,2,300
1257,fp1256,lp1256,3,346
1258,fp1257,lp1257,4,390
1259,fp1258,lp1258,5,373
1260,fp1259,lp1259,6,324
1261,fp1260,lp1260,7,97
1262,fp1261,lp1261,8,504
1263,fp1262,lp1262,9,266
1264,fp1263,lp1263,10,642
1265,fp1264,lp1264,11,514
1266,fp1265,lp1265,1,603
1267,fp1266,lp1266,2,521
1268,fp1267,lp1267,3,626
1269,fp1268,lp1268,4,623
1270,fp1269,lp1269,5,209
1271,fp1270,lp1270,6,208
1272,fp1271,lp1271,7,234
1273,fp1272,lp1272,8,480
1274,fp1273,lp1273,9,607
1275,fp1274,lp1274,10,232
1276,fp1275,lp1275,11,141
1277,fp1276,lp1276,1,291
1278,fp1277,lp1277,2,210
1279,fp1278,lp1278,3,633
1280,fp1279,lp1279,4,278
1281,fp1280,lp1280,5,418
1282,fp1281,lp1281,6,427
1283,fp1282,lp1282,7,177
1284,fp1283,lp1283,8,73
1285,fp1284,lp1284,9,272
1286,fp1285,lp1285,10,324
1287,fp1286,lp1286,11,344
1288,fp1287,lp1287,1,269
1289,fp1288,lp1288,2,369
1290,fp1289,lp1289,3,73
1291,fp1290,lp1290,4,618
1292,fp1291,lp1291,5,662
1293,fp1292,lp1292,6,176
1294,fp1293,lp1293,7,489
1295,fp1294,lp1294,8,356
1296,fp1295,lp1295,9,69
1297,fp1296,lp1296,10,430
1298,fp1297,lp1297,11,327
1299,fp1298,lp1298,1,224
1300,fp1299,lp1299,2,115
1301,fp1300,lp1300,3,513
1302,fp1301,lp1301,4,569
1303,fp1302,lp1302,5,477
1304,fp1303,lp1303,6,636
1305,fp1304,lp1304,7,309
1306,fp1305,lp1305,8,389
1307,fp1306,lp1306,9,72
1308,fp1307,lp1307,10,200
1309,fp1308,lp1308,11,252
1310,fp1309,lp1309,1,611
1311,fp1310,lp1310,2,367
1312,fp1311,lp1311,3,629
1313,fp1312,lp1312,4,232
1314,fp1313,lp1313,5,325
1315,fp1314,lp1314,6,113
1316,fp1315,lp1315,7,77
1317,fp1316,lp1316,8,435
1318,fp1317,lp1317,9,467
1319,fp1318,lp1318,10,57
1320,fp1319,lp1319,11,572
1321,fp1320,lp1320,1,281
1322,fp1321,lp1321,2,34
1323,fp1322,lp1322,3,507
1324,fp1323,lp1323,4,428
1325,fp1324,lp1324,5,529
1326,fp1325,lp1325,6,182
1327,fp1326,lp1326,7,349
1328,fp1327,lp1327,8,237
1329,fp1328,lp1328,9,362
1330,fp1329,lp1329,10,243
1331,fp1330,lp1330,11,432
1332,fp1331,lp1331,1,663
1333,fp1332,lp1332,2,497
1334,fp1333,lp1333,3,597
1335,fp1334,lp1334,4,605
1336,fp1335,lp1335,5,69
1337,fp1336,lp1336,6,341
1338,fp1337,lp1337,7,297
1339,fp1338,lp1338,8,269
1340,fp1339,lp1339,9,528
1341,fp1340,lp1340,10,197
1342,fp1341,lp1341,11,369
1343,fp1342,lp1342,1,568
1344,fp1343,lp1343,2,533
1345,fp1344,lp1344,3,15
1346,fp1345,lp1345,4,318
1347,fp1346,lp1346,5,550
1348,fp1347,lp1347,6,422
1349,fp1348,lp1348,7,662
1350,fp1349,lp1349,8,49
1351,fp1350,lp1350,9,341
1352,fp1351,lp1351,10,7
1353,fp1352,lp1352,11,336
1354,fp1353,lp1353,1,402
1355,fp1354,lp1354,2,514
1356,fp1355,lp1355,3,474
1357,fp1356,lp1356,4,266
1358,fp1357,lp1357,5,341
1359,fp1358,lp1358,6,86
1360,fp1359,lp1359,7,643
1361,fp1360,lp1360,8,597
1362,fp1361,lp1361,9,324
1363,fp1362,lp1362,10,387
1364,fp1363,lp1363,11,541
1365,fp1364,lp1364,1,124
1366,fp1365,lp1365,2,271
1367,fp1366,lp1366,3,500
1368,fp1367,lp1367,4,249
1369,fp1368,lp1368,5,218
1370,fp1369,lp1369,6,194
1371,fp1370,lp1370,7,503
1372,fp1371,lp1371,8,657
1373,fp1372,lp1372,9,55
1374,fp1373,lp1373,10,584
1375,fp1374,lp1374,11,378
1376,fp1375,lp1375,1,417
1377,fp1376,lp1376,2,574
1378,fp1377,lp1377,3,341
1379,fp1378,lp1378,4,45
1380,fp1379,lp1379,5,29
1381,fp1380,lp1380,6,514
1382,fp1381,lp1381,7,57
1383,fp1382,lp1382,8,301
1384,fp1383,lp1383,9,521
1385,fp1384,lp1384,10,273
1386,fp1385,lp1385,11,140
1387,fp1386,lp1386,1,287
1388,fp1387,lp1387,2,639
1389,fp1388,lp1388,3,234
1390,fp1389,lp1389,4,421
1391,fp1390,lp1390,5,23
1392,fp1391,lp1391,6,474
1393,fp1392,lp1392,7,673
1394,fp1393,lp1393,8,524
1395,fp1394,lp1394,9,290
1396,fp1395,lp1395,10,613
1397,fp1396,lp1396,11,389
1398,fp1397,lp1397,1,332
1399,fp1398,lp1398,2,208
1400,fp1399,lp1399,3,177
1401,fp1400,lp1400,4,195
1402,fp1401,lp1401,5,603
1403,fp1402,lp1402,6,21
1404,fp1403,lp1403,7,17
1405,fp1404,lp1404,8,592
1406,fp1405,lp1405,9,259
1407,fp1406,lp1406,10,35
1408,fp1407,lp1407,11,58
1409,fp1408,lp1408,1,129
1410,fp1409,lp1409,2,248
1411,fp1410,lp1410,3,317
1412,fp1411,lp1411,4,141
1413,fp1412,lp1412,5,281
1414,fp1413,lp1413,6,186
1415,fp1414,lp1414,7,80
1416,fp1415,lp1415,8,434
1417,fp1416,lp1416,9,48
1418,fp1417,lp1417,10,203
1419,fp1418,lp1418,11,525
1420,fp1419,lp1419,1,367
1421,fp1420,lp1420,2,42
1422,fp1421,lp1421,3,247
1423,fp1422,lp1422,4,326
1424,fp1423,lp1423,5,652
1425,fp1424,lp1424,6,181
1426,fp1425,lp1425,7,383
1427,fp1426,lp1426,8,527
1428,fp1427,lp1427,9,621
1429,fp1428,lp1428,10,647
1430,fp1429,lp1429,11,319
1431,fp1430,lp1430,1,175
1432,fp1431,lp1431,2,120
1433,fp1432,lp1432,3,411
1434,fp1433,lp1433,4,620
1435,fp1434,lp1434,5,227
1436,fp1435,lp1435,6,503
1437,fp1436,lp1436,7,51
1438,fp1437,lp1437,8,209
1439,fp1438,lp1438,9,459
1440,fp1439,lp1439,10,331
1441,fp1440,lp1440,11,90
1442,fp1441,lp1441,1,453
1443,fp1442,lp1442,2,675
1444,fp1443,lp1443,3,254
1445,fp1444,lp1444,4,2
1446,fp1445,lp1445,5,433
1447,fp1446,lp1446,6,415
1448,fp1447,lp1447,7,346
1449,fp1448,lp1448,8,324
1450,fp1449,lp1449,9,579
1451,fp1450,lp1450,10,460
1452,fp1451,lp1451,11,620
1453,fp1452,lp1452,1,298
1454,fp1453,lp1453,2,67
1455,fp1454,lp1454,3,521
1456,fp1455,lp1455,4,470
1457,fp1456,lp1456,5,406
1458,fp1457,lp1457,6,434
1459,fp1458,lp1458,7,479
1460,fp1459,lp1459,8,84
1461,fp1460,lp1460,9,176
1462,fp1461,lp1461,10,159
1463,fp1462,lp1462,11,341
1464,fp1463,lp1463,1,551
1465,fp1464,lp1464,2,217
1466,fp1465,lp1465,3,14
1467,fp1466,lp1466,4,646
1468,fp1467,lp1467,5,167
1469,fp1468,lp1468,6,224
1470,fp1469,lp1469,7,57
1471,fp1470,lp1470,8,342
1472,fp1471,lp1471,9,232
1473,fp1472,lp1472,10,346
1474,fp1473,lp1473,11,55
1475,fp1474,lp1474,1,275
1476,fp1475,lp1475,2,407
1477,fp1476,lp1476,3,579
1478,fp1477,lp1477,4,244
1479,fp1478,lp1478,5,253
1480,fp1479,lp1479,6,118
1481,fp1480,lp1480,7,37
1482,fp1481,lp1481,8,474
1483,fp1482,lp1482,9,539
1484,fp1483,lp1483,10,588
1485,fp1484,lp1484,11,21
1486,fp1485,lp1485,1,494
1487,fp1486,lp1486,2,286
1488,fp1487,lp1487,3,293
1489,fp1488,lp1488,4,584
1490,fp1489,lp1489,5,92
1491,fp1490,lp1490,6,183
1492,fp1491,lp1491,7,42
1493,fp1492,lp1492,8,181
1494,fp1493,lp1493,9,213
1495,fp1494,lp1494,10,542
1496,fp1495,lp1495,11,505
1497,fp1496,lp1496,1,186
1498,fp1497,lp1497,2,657
1499,fp1498,lp1498,3,469
1500,fp1499,lp1499,4,432
1501,fp1500,lp1500,5,593
1502,fp1501,lp1501,6,387
1503,fp1502,lp1502,7,340
1504,fp1503,lp1503,8,278
1505,fp1504,lp1504,9,272
1506,fp1505,lp1505,10,298
1507,fp1506,lp1506,11,140
1508,fp1507,lp1507,1,610
1509,fp1508,lp1508,2,306
1510,fp1509,lp1509,3,136
1511,fp1510,lp1510,4,636
1512,fp1511,lp1511,5,113
1513,fp1512,lp1512,6,130
1514,fp1513,lp1513,7,298
1515,fp1514,lp1514,8,70
1516,fp1515,lp1515,9,37
1517,fp1516,lp1516,10,631
1518,fp1517,lp1517,11,145
1519,fp1518,lp1518,1,459
1520,fp1519,lp1519,2,554
1521,fp1520,lp1520,3,516
1522,fp1521,lp1521,4,47
1523,fp1522,lp1522,5,301
1524,fp1523,lp1523,6,92
1525,fp1524,lp1524,7,68
1526,fp1525,lp1525,8,637
1527,fp1526,lp1526,9,120
1528,fp1527,lp1527,10,421
1529,fp1528,lp1528,11,576
1530,fp1529,lp1529,1,123
1531,fp1530,lp1530,2,599
1532,fp1531,lp1531,3,543
1533,fp1532,lp1532,4,517
1534,fp1533,lp1533,5,297
1535,fp1534,lp1534,6,310
1536,fp1535,lp1535,7,523
1537,fp1536,lp1536,8,179
1538,fp1537,lp1537,9,322
1539,fp1538,lp1538,10,75
1540,fp1539,lp1539,11,445
1541,fp1540,lp1540,1,136
1542,fp1541,lp1541,2,344
1543,fp1542,lp1542,3,62
1544,fp1543,lp1543,4,255
1545,fp1544,lp1544,5,77
1546,fp1545,lp1545,6,272
1547,fp1546,lp1546,7,216
1548,fp1547,lp1547,8,93
1549,fp1548,lp1548,9,376
1550,fp1549,lp1549,10,224
1551,fp1550,lp1550,11,291
1552,fp1551,lp1551,1,512
1553,fp1552,lp1552,2,268
1554,fp1553,lp1553,3,419
1555,fp1554,lp1554,4,437
1556,fp1555,lp1555,5,182
1557,fp1556,lp1556,6,106
1558,fp1557,lp1557,7,637
1559,fp1558,lp1558,8,53
1560,fp1559,lp1559,9,593
1561,fp1560,lp1560,10,529
1562,fp1561,lp1561,11,659
1563,fp1562,lp1562,1,588
1564,fp1563,lp1563,2,582
1565,fp1564,lp1564,3,106
1566,fp1565,lp1565,4,237
1567,fp1566,lp1566,5,537
1568,fp1567,lp1567,6,467
1569,fp1568,lp1568,7,370
1570,fp1569,lp1569,8,567
1571,fp1570,lp1570,9,222
1572,fp1571,lp1571,10,292
1573,fp1572,lp1572,11,348
1574,fp1573,lp1573,1,35
1575,fp1574,lp1574,2,587
1576,fp1575,lp1575,3,422
1577,fp1576,lp1576,4,13
1578,fp1577,lp1577,5,371
1579,fp1578,lp1578,6,143
1580,fp1579,lp1579,7,509
1581,fp1580,lp1580,8,65
1582,fp1581,lp1581,9,626
1583,fp1582,lp1582,10,577
1584,fp1583,lp1583,11,235
1585,fp1584,lp1584,1,557
1586,fp1585,lp1585,2,257
1587,fp1586,lp1586,3,53
1588,fp1587,lp1587,4,632
1589,fp1588,lp1588,5,38
1590,fp1589,lp1589,6,528
1591,fp1590,lp1590,7,185
1592,fp1591,lp1591,8,389
1593,fp1592,lp1592,9,587
1594,fp1593,lp1593,10,464
1595,fp1594,lp1594,11,130
1596,fp1595,lp1595,1,389
1597,fp1596,lp1596,2,198
1598,fp1597,lp1597,3,140
1599,fp1598,lp1598,4,132
1600,fp1599,lp1599,5,86
1601,fp1600,lp1600,6,228
1602,fp1601,lp1601,7,145
1603,fp1602,lp1602,8,298
1604,fp1603,lp1603,9,69
1605,fp1604,lp1604,10,455
1606,fp1605,lp1605,11,144
1607,fp1606,lp1606,1,529
1608,fp1607,lp1607,2,654
1609,fp1608,lp1608,3,103
1610,fp1609,lp1609,4,94
1611,fp1610,lp1610,5,529
1612,fp1611,lp1611,6,133
1613,fp1612,lp1612,7,280
1614,fp1613,lp1613,8,245
1615,fp1614,lp1614,9,530
1616,fp1615,lp1615,10,455
1617,fp1616,lp1616,11,245
1618,fp1617,lp1617,1,331
1619,fp1618,lp1618,2,589
1620,fp1619,lp1619,3,1
1621,fp1620,lp1620,4,316
1622,fp1621,lp1621,5,159
1623,fp1622,lp1622,6,144
1624,fp1623,lp1623,7,382
1625,fp1624,lp1624,8,72
1626,fp1625,lp1625,9,644
1627,fp1626,lp1626,10,279
1628,fp1627,lp1627,11,305
1629,fp1628,lp1628,1,310
1630,fp1629,lp1629,2,619
1631,fp1630,lp1630,3,27
1632,fp1631,lp1631,4,573
1633,fp1632,lp1632,5,100
1634,fp1633,lp1633,6,220
1635,fp1634,lp1634,7,330
1636,fp1635,lp1635,8,135
1637,fp1636,lp1636,9,14
1638,fp1637,lp1637,10,631
1639,fp1638,lp1638,11,511
1640,fp1639,lp1639,1,52
1641,fp1640,lp1640,2,272
1642,fp1641,lp1641,3,504
1643,fp1642,lp1642,4,522
1644,fp1643,lp1643,5,647
1645,fp1644,lp1644,6,238
1646,fp1645,lp1645,7,146
1647,fp1646,lp1646,8,672
1648,fp1647,lp1647,9,10
1649,fp1648,lp1648,10,173
1650,fp1649,lp1649,11,533
1651,fp1650,lp1650,1,552
1652,fp1651,lp1651,2,558
1653,fp1652,lp1652,3,502
1654,fp1653,lp1653,4,78
1655,fp1654,lp1654,5,639
1656,fp1655,lp1655,6,538
1657,fp1656,lp1656,7,633
1658,fp1657,lp1657,8,331
1659,fp1658,lp1658,9,81
1660,fp1659,lp1659,10,143
1661,fp1660,lp1660,11,400
1662,fp1661,lp1661,1,392
1663,fp1662,lp1662,2,589
1664,fp1663,lp1663,3,397
1665,fp1664,lp1664,4,366
1666,fp1665,lp1665,5,593
1667,fp1666,lp1666,6,313
1668,fp1667,lp1667,7,187
1669,fp1668,lp1668,8,401
1670,fp1669,lp1669,9,588
1671,fp1670,lp1670,10,378
1672,fp1671,lp1671,11,462
1673,fp1672,lp1672,1,649
1674,fp1673,lp1673,2,547
1675,fp1674,lp1674,3,223
1676,fp1675,lp1675,4,465
1677,fp1676,lp1676,5,519
1678,fp1677,lp1677,6,198
1679,fp1678,lp1678,7,262
1680,fp1679,lp1679,8,90
1681,fp1680,lp1680,9,442
1682,fp1681,lp1681,10,21
1683,fp1682,lp1682,11,156
1684,fp1683,lp1683,1,411
1685,fp1684,lp1684,2,486
1686,fp1685,lp1685,3,36
1687,fp1686,lp1686,4,41
1688,fp1687,lp1687,5,161
1689,fp1688,lp1688,6,401
1690,fp1689,lp1689,7,593
1691,fp1690,lp1690,8,93
1692,fp1691,lp1691,9,304
1693,fp1692,lp1692,10,674
1694,fp1693,lp1693,11,249
1695,fp1694,lp1694,1,285
1696,fp1695,lp1695,2,232
1697,fp1696,lp1696,3,171
1698,fp1697,lp1697,4,19
1699,fp1698,lp1698,5,325
1700,fp1699,lp1699,6,601
1701,fp1700,lp1700,7,421
1702,fp1701,lp1701,8,397
1703,fp1702,lp1702,9,648
1704,fp1703,lp1703,10,520
1705,fp1704,lp1704,11,274
1706,fp1705,lp1705,1,512
1707,fp1706,lp1706,2,628
1708,fp1707,lp1707,3,55
1709,fp1708,lp1708,4,10
1710,fp1709,lp1709,5,402
1711,fp1710,lp1710,6,417
1712,fp1711,lp1711,7,4
1713,fp1712,lp1712,8,16
1714,fp1713,lp1713,9,250
1715,fp1714,lp1714,10,148
1716,fp1715,lp1715,11,53
1717,fp1716,lp1716,1,404
1718,fp1717,lp1717,2,77
1719,fp1718,lp1718,3,433
1720,fp1719,lp1719,4,209
1721,fp1720,lp1720,5,383
1722,fp1721,lp1721,6,344
1723,fp1722,lp1722,7,258
1724,fp1723,lp1723,8,592
1725,fp1724,lp1724,9,38
1726,fp1725,lp1725,10,412
1727,fp1726,lp1726,11,610
1728,fp1727,lp1727,1,529
1729,fp1728,lp1728,2,632
1730,fp1729,lp1729,3,416
1731,fp1730,lp1730,4,591
1732,fp1731,lp1731,5,265
1733,fp1732,lp1732,6,626
1734,fp1733,lp1733,7,594
1735,fp1734,lp1734,8,399
1736,fp1735,lp1735,9,301
1737,fp1736,lp1736,10,565
1738,fp1737,lp1737,11,347
1739,fp1738,lp1738,1,403
1740,fp1739,lp1739,2,607
1741,fp1740,lp1740,3,666
1742,fp1741,lp1741,4,616
1743,fp1742,lp1742,5,535
1744,fp1743,lp1743,6,328
1745,fp1744,lp1744,7,571
1746,fp1745,lp1745,8,176
1747,fp1746,lp1746,9,389
1748,fp1747,lp1747,10,92
1749,fp1748,lp1748,11,89
1750,fp1749,lp1749,1,502
1751,fp1750,lp1750,2,501
1752,fp1751,lp1751,3,390
1753,fp1752,lp1752,4,275
1754,fp1753,lp1753,5,237
1755,fp1754,lp1754,6,264
1756,fp1755,lp1755,7,161
1757,fp1756,lp1756,8,233
1758,fp1757,lp1757,9,249
1759,fp1758,lp1758,10,510
1760,fp1759,lp1759,11,358
1761,fp1760,lp1760,1,185
1762,fp1761,lp1761,2,34
1763,fp1762,lp1762,3,402
1764,fp1763,lp1763,4,606
1765,fp1764,lp1764,5,163
1766,fp1765,lp1765,6,451
1767,fp1766,lp1766,7,291
1768,fp1767,lp1767,8,317
1769,fp1768,lp1768,9,625
1770,fp1769,lp1769,10,602
1771,fp1770,lp1770,11,649
1772,fp1771,lp1771,1,164
1773,fp1772,lp1772,2,277
1774,fp1773,lp1773,3,75
1775,fp1774,lp1774,4,93
1776,fp1775,lp1775,5,437
1777,fp1776,lp1776,6,378
1778,fp1777,lp1777,7,88
1779,fp1778,lp1778,8,637
1780,fp1779,lp1779,9,154
1781,fp1780,lp1780,10,6
1782,fp1781,lp1781,11,203
1783,fp1782,lp1782,1,121
1784,fp1783,lp1783,2,416
1785,fp1784,lp1784,3,200
1786,fp1785,lp1785,4,23
1787,fp1786,lp1786,5,446
1788,fp1787,lp1787,6,20
1789,fp1788,lp1788,7,174
1790,fp1789,lp1789,8,355
1791,fp1790,lp1790,9,194
1792,fp1791,lp1791,10,65
1793,fp1792,lp1792,11,217
1794,fp1793,lp1793,1,124
1795,fp1794,lp1794,2,144
1796,fp1795,lp1795,3,445
1797,fp1796,lp1796,4,449
1798,fp1797,lp1797,5,585
1799,fp1798,lp1798,6,71
1800,fp1799,lp1799,7,136
1801,fp1800,lp1800,8,343
1802,fp1801,lp1801,9,351
1803,fp1802,lp1802,10,460
1804,fp1803,lp1803,11,160
1805,fp1804,lp1804,1,663
1806,fp1805,lp1805,2,394
1807,fp1806,lp1806,3,298
1808,fp1807,lp1807,4,128
1809,fp1808,lp1808,5,265
1810,fp1809,lp1809,6,338
1811,fp1810,lp1810,7,109
1812,fp1811,lp1811,8,480
1813,fp1812,lp1812,9,336
1814,fp1813,lp1813,10,347
1815,fp1814,lp1814,11,434
1816,fp1815,lp1815,1,340
1817,fp1816,lp1816,2,40
1818,fp1817,lp1817,3,404
1819,fp1818,lp1818,4,558
1820,fp1819,lp1819,5,212
1821,fp1820,lp1820,6,300
1822,fp1821,lp1821,7,367
1823,fp1822,lp1822,8,393
1824,fp1823,lp1823,9,394
1825,fp1824,lp1824,10,5
1826,fp1825,lp1825,11,399
1827,fp1826,lp1826,1,620
1828,fp1827,lp1827,2,551
1829,fp1828,lp1828,3,199
1830,fp1829,lp1829,4,544
1831,fp1830,lp1830,5,389
1832,fp1831,lp1831,6,54
1833,fp1832,lp1832,7,537
1834,fp1833,lp1833,8,1
1835,fp1834,lp1834,9,502
1836,fp1835,lp1835,10,432
1837,fp1836,lp1836,11,267
1838,fp1837,lp1837,1,121
1839,fp1838,lp1838,2,652
1840,fp1839,lp1839,3,128
1841,fp1840,lp1840,4,330
1842,fp1841,lp1841,5,318
1843,fp1842,lp1842,6,314
1844,fp1843,lp1843,7,467
1845,fp1844,lp1844,8,350
1846,fp1845,lp1845,9,70
1847,fp1846,lp1846,10,80
1848,fp1847,lp1847,11,73
1849,fp1848,lp1848,1,252
1850,fp1849,lp1849,2,649
1851,fp1850,lp1850,3,379
1852,fp1851,lp1851,4,431
1853,fp1852,lp1852,5,6
1854,fp1853,lp1853,6,20
1855,fp1854,lp1854,7,288
1856,fp1855,lp1855,8,179
1857,fp1856,lp1856,9,556
1858,fp1857,lp1857,10,571
1859,fp1858,lp1858,11,348
1860,fp1859,lp1859,1,311
1861,fp1860,lp1860,2,464
1862,fp1861,lp1861,3,377
1863,fp1862,lp1862,4,547
1864,fp1863,lp1863,5,432
1865,fp1864,lp1864,6,231
1866,fp1865,lp1865,7,654
1867,fp1866,lp1866,8,555
1868,fp1867,lp1867,9,218
1869,fp1868,lp1868,10,343
1870,fp1869,lp1869,11,88
1871,fp1870,lp1870,1,169
1872,fp1871,lp1871,2,14
1873,fp1872,lp1872,3,560
1874,fp1873,lp1873,4,303
1875,fp1874,lp1874,5,290
1876,fp1875,lp1875,6,82
1877,fp1876,lp1876,7,252
1878,fp1877,lp1877,8,317
1879,fp1878,lp1878,9,192
1880,fp1879,lp1879,10,58
1881,fp1880,lp1880,11,255
1882,fp1881,lp1881,1,167
1883,fp1882,lp1882,2,523
1884,fp1883,lp1883,3,94
1885,fp1884,lp1884,4,586
1886,fp1885,lp1885,5,253
1887,fp1886,lp1886,6,452
1888,fp1887,lp1887,7,81
1889,fp1888,lp1888,8,572
1890,fp1889,lp1889,9,563
1891,fp1890,lp1890,10,640
1892,fp1891,lp1891,11,532
1893,fp1892,lp1892,1,358
1894,fp1893,lp1893,2,353
1895,fp1894,lp1894,3,661
1896,fp1895,lp1895,4,429
1897,fp1896,lp1896,5,614
1898,fp1897,lp1897,6,415
1899,fp1898,lp1898,7,533
1900,fp1899,lp1899,8,638
1901,fp1900,lp1900,9,134
1902,fp1901,lp1901,10,500
1903,fp1902,lp1902,11,109
1904,fp1903,lp1903,1,662
1905,fp1904,lp1904,2,531
1906,fp1905,lp1905,3,193
1907,fp1906,lp1906,4,55
1908,fp1907,lp1907,5,643
1909,fp1908,lp1908,6,547
1910,fp1909,lp1909,7,184
1911,fp1910,lp1910,8,489
1912,fp1911,lp1911,9,649
1913,fp1912,lp1912,10,382
1914,fp1913,lp1913,11,162
1915,fp1914,lp1914,1,463
1916,fp1915,lp1915,2,448
1917,fp1916,lp1916,3,565
1918,fp1917,lp1917,4,80
1919,fp1918,lp1918,5,306
1920,fp1919,lp1919,6,105
1921,fp1920,lp1920,7,200
1922,fp1921,lp1921,8,5
1923,fp1922,lp1922,9,578
1924,fp1923,lp1923,10,51
1925,fp1924,lp1924,11,399
1926,fp1925,lp1925,1,217
1927,fp1926,lp1926,2,398
1928,fp1927,lp1927,3,330
1929,fp1928,lp1928,4,508
1930,fp1929,lp1929,5,501
1931,fp1930,lp1930,6,368
1932,fp1931,lp1931,7,265
1933,fp1932,lp1932,8,160
1934,fp1933,lp1933,9,547
1935,fp1934,lp1934,10,6
1936,fp1935,lp1935,11,624
1937,fp1936,lp1936,1,612
1938,fp1937,lp1937,2,656
1939,fp1938,lp1938,3,564
1940,fp1939,lp1939,4,459
1941,fp1940,lp1940,5,43
1942,fp1941,lp1941,6,544
1943,fp1942,lp1942,7,316
1944,fp1943,lp1943,8,453
1945,fp1944,lp1944,9,112
1946,fp1945,lp1945,10,237
1947,fp1946,lp1946,11,343
1948,fp1947,lp1947,1,503
1949,fp1948,lp1948,2,419
1950,fp1949,lp1949,3,555
1951,fp1950,lp1950,4,417
1952,fp1951,lp1951,5,289
1953,fp1952,lp1952,6,479
1954,fp1953,lp1953,7,485
1955,fp1954,lp1954,8,282
1956,fp1955,lp1955,9,131
1957,fp1956,lp1956,10,567
1958,fp1957,lp1957,11,632
1959,fp1958,lp1958,1,132
1960,fp1959,lp1959,2,226
1961,fp1960,lp1960,3,597
1962,fp1961,lp1961,4,350
1963,fp1962,lp1962,5,235
1964,fp1963,lp1963,6,469
1965,fp1964,lp1964,7,605
1966,fp1965,lp1965,8,185
1967,fp1966,lp1966,9,38
1968,fp1967,lp1967,10,106
1969,fp1968,lp1968,11,291
1970,fp1969,lp1969,1,360
1971,fp1970,lp1970,2,331
1972,fp1971,lp1971,3,665
1973,fp1972,lp1972,4,432
1974,fp1973,lp1973,5,202
1975,fp1974,lp1974,6,500
1976,fp1975,lp1975,7,670
1977,fp1976,lp1976,8,54
1978,fp1977,lp1977,9,143
1979,fp1978,lp1978,10,107
1980,fp1979,lp1979,11,341
1981,fp1980,lp1980,1,509
1982,fp1981,lp1981,2,96
1983,fp1982,lp1982,3,147
1984,fp1983,lp1983,4,280
1985,fp1984,lp1984,5,563
1986,fp1985,lp1985,6,256
1987,fp1986,lp1986,7,184
1988,fp1987,lp1987,8,98
1989,fp1988,lp1988,9,557
1990,fp1989,lp1989,10,362
1991,fp1990,lp1990,11,208
1992,fp1991,lp1991,1,482
1993,fp1992,lp1992,2,513
1994,fp1993,lp1993,3,191
1995,fp1994,lp1994,4,484
1996,fp1995,lp1995,5,534
1997,fp1996,lp1996,6,293
1998,fp1997,lp1997,7,602
1999,fp1998,lp1998,8,368
2000,fp1999,lp1999,9,639