id,first_name,last_name,age
1,fs0,ls0,32
2,fs1,ls1,82
3,fs2,ls2,39
4,fs3,ls3,11
5,fs4,ls4,79
6,fs5,ls5,69
7,fs6,ls6,61
8,fs7,ls7,43
9,fs8,ls8,78
10,fs9,ls9,38
11,fs10,ls10,48
12,fs11,ls11,78
13,fs12,ls12,60
14,fs13,ls13,25
15,fs14,ls14,85
16,fs15,ls15,32
17,fs16,ls16,94
18,fs17,ls17,70
19,fs18,ls18,79
20,fs19,ls19,10
21,fs20,ls20,78
22,fs21,ls21,57
23,fs22,ls22,49
24,fs23,ls23,61
25,fs24,ls24,19
26,fs25,ls25,71
27,fs26,ls26,70
28,fs27,ls27,54
29,fs28,ls28,17
30,fs29,ls29,6
31,fs30,ls30,77
32,fs31,ls31,35
33,fs32,ls32,61
34,fs33,ls33,5
35,fs34,ls34,51
36,fs35,ls35,88
37,fs36,ls36,43
38,fs37,ls37,55
39,fs38,ls38,73
40,fs39,ls39,29
41,fs40,ls40,79
42,fs41,ls41,45
43,fs42,ls42,75
44,fs43,ls43,27
45,fs44,ls44,36
46,fs45,ls45,7
47,fs46,ls46,23
48,fs47,ls47,50
49,fs48,ls48,58
50,fs49,ls49,50
51,fs50,ls50,43
52,fs51,ls51,76
53,fs52,ls52,91
54,fs53,ls53,12
55,fs54,ls54,66
56,fs55,ls55,38
57,fs56,ls56,94
58,fs57,ls57,42
59,fs58,ls58,55
60,fs59,ls59,28
61,fs60,ls60,82
62,fs61,ls61,73
63,fs62,ls62,91
64,fs63,ls63,48
65,fs64,ls64,71
66,fs65,ls65,14
67,fs66,ls66,22
68,fs67,ls67,86
69,fs68,ls68,57
70,fs69,ls69,15
71,fs70,ls70,98
72,fs71,ls71,36
73,fs72,ls72,14
74,fs73,ls73,99
75,fs74,ls74,29
76,fs75,ls75,84
77,fs76,ls76,91
78,fs77,ls77,56
79,fs78,ls78,67
80,fs79,ls79,52
81,fs80,ls80,82
82,fs81,ls81,97
83,fs82,ls82,69
84,fs83,ls83,25
85,fs84,ls84,53
86,fs85,ls85,53
87,fs86,ls86,8
88,fs87,ls87,54
89,fs88,ls88,92
90,fs89,ls89,11
91,fs90,ls90,47
92,fs91,ls91,44
93,fs92,ls92,13
94,fs93,ls93,98
95,fs94,ls94,20
96,fs95,ls95,73
97,fs96,ls96,48
98,fs97,ls97,74
99,fs98,ls98,38
100,fs99,ls99,27
101,fs100,ls100,92
102,fs101,ls101,68
103,fs102,ls102,34
104,fs103,ls103,8
105,fs104,ls104,58
106,fs105,ls105,85
107,fs106,ls106,56
108,fs107,ls107,35
109,fs108,ls108,18
110,fs109,ls109,7
111,fs110,ls110,17
112,fs111,ls111,68
113,fs112,ls112,78
114,fs113,ls113,47
115,fs114,ls114,94
116,fs115,ls115,52
117,fs116,ls116,41
118,fs117,ls117,80
119,fs118,ls118,71
120,fs119,ls119,87
121,fs120,ls120,10
122,fs121,ls121,23
123,fs122,ls122,19
124,fs123,ls123,41
125,fs124,ls124,38
126,fs125,ls125,97
127,fs126,ls126,55
128,fs127,ls127,11
129,fs128,ls128,8
130,fs129,ls129,99
131,fs130,ls130,70
132,fs131,ls131,57
133,fs132,ls132,73
134,fs133,ls133,67
135,fs134,ls134,88
136,fs135,ls135,70
137,fs136,ls136,20
138,fs137,ls137,30
139,fs138,ls138,14
140,fs139,ls139,89
141,fs140,ls140,38
142,fs141,ls141,38
143,fs142,ls142,87
144,fs143,ls143,42
145,fs144,ls144,32
146,fs145,ls145,22
147,fs146,ls146,59
148,fs147,ls147,30
149,fs148,ls148,79
150,fs149,ls149,13
151,fs150,ls150,69
152,fs151,ls151,43
153,fs152,ls152,59
154,fs153,ls153,84
155,fs154,ls154,18
156,fs155,ls155,34
157,fs156,ls156,97
158,fs157,ls157,77
159,fs158,ls158,81
160,fs159,ls159,90
161,fs160,ls160,28
162,fs161,ls161,71
163,fs162,ls162,46
164,fs163,ls163,38
165,fs164,ls164,91
166,fs165,ls165,52
167,fs166,ls166,21
168,fs167,ls167,59
169,fs168,ls168,5
170,fs169,ls169,51
171,fs170,ls170,34
172,fs171,ls171,85
173,fs172,ls172,19
174,fs173,ls173,42
175,fs174,ls174,71
176,fs175,ls175,92
177,fs176,ls176,15
178,fs177,ls177,31
179,fs178,ls178,63
180,fs179,ls179,52
181,fs180,ls180,68
182,fs181,ls181,59
183,fs182,ls182,72
184,fs183,ls183,43
185,fs184,ls184,34
186,fs185,ls185,95
187,fs186,ls186,35
188,fs187,ls187,83
189,fs188,ls188,34
190,fs189,ls189,89
191,fs190,ls190,71
192,fs191,ls191,11
193,fs192,ls192,81
194,fs193,ls193,31
195,fs194,ls194,82
196,fs195,ls195,87
197,fs196,ls196,73
198,fs197,ls197,31
199,fs198,ls198,91
200,fs199,ls199,94
201,fs200,ls200,57
202,fs201,ls201,60
203,fs202,ls202,9
204,fs203,ls203,98
205,fs204,ls204,99
206,fs205,ls205,56
207,fs206,ls206,56
208,fs207,ls207,17
209,fs208,ls208,45
210,fs209,ls209,95
211,fs210,ls210,60
212,fs211,ls211,57
213,fs212,ls212,83
214,fs213,ls213,98
215,fs214,ls214,49
216,fs215,ls215,65
217,fs216,ls216,70
218,fs217,ls217,71
219,fs218,ls218,40
220,fs219,ls219,14
221,fs220,ls220,57
222,fs221,ls221,18
223,fs222,ls222,53
224,fs223,ls223,55
225,fs224,ls224,61
226,fs225,ls225,68
227,fs226,ls226,75
228,fs227,ls227,24
229,fs228,ls228,79
230,fs229,ls229,17
231,fs230,ls230,89
232,fs231,ls231,61
233,fs232,ls232,8
234,fs233,ls233,43
235,fs234,ls234,91
236,fs235,ls235,15
237,fs236,ls236,11
238,fs237,ls237,78
239,fs238,ls238,7
240,fs239,ls239,84
241,fs240,ls240,81
242,fs241,ls241,5
243,fs242,ls242,80
244,fs243,ls243,6
245,fs244,ls244,85
246,fs245,ls245,60
247,fs246,ls246,19
248,fs247,ls247,76
249,fs248,ls248,40
250,fs249,ls249,88
251,fs250,ls250,82
252,fs251,ls251,10
253,fs252,ls252,14
254,fs253,ls253,65
255,fs254,ls254,49
256,fs255,ls255,34
257,fs256,ls256,65
258,fs257,ls257,26
259,fs258,ls258,94
260,fs259,ls259,22
261,fs260,ls260,9
262,fs261,ls261,93
263,fs262,ls262,84
264,fs263,ls263,99
265,fs264,ls264,37
266,fs265,ls265,22
267,fs266,ls266,96
268,fs267,ls267,48
269,fs268,ls268,97
270,fs269,ls269,77
271,fs270,ls270,10
272,fs271,ls271,8
273,fs272,ls272,65
274,fs273,ls273,85
275,fs274,ls274,55
276,fs275,ls275,90
277,fs276,ls276,21
278,fs277,ls277,78
279,fs278,ls278,34
280,fs279,ls279,65
281,fs280,ls280,54
282,fs281,ls281,95
283,fs282,ls282,82
284,fs283,ls283,15
285,fs284,ls284,43
286,fs285,ls285,79
287,fs286,ls286,96
288,fs287,ls287,25
289,fs288,ls288,89
290,fs289,ls289,41
291,fs290,ls290,23
292,fs291,ls291,81
293,fs292,ls292,94
294,fs293,ls293,47
295,fs294,ls294,13
296,fs295,ls295,28
297,fs296,ls296,64
298,fs297,ls297,48
299,fs298,ls298,32
300,fs299,ls299,92
301,fs300,ls300,67
302,fs301,ls301,30
303,fs302,ls302,24
304,fs303,ls303,98
305,fs304,ls304,63
306,fs305,ls305,60
307,fs306,ls306,49
308,fs307,ls307,47
309,fs308,ls308,34
310,fs309,ls309,46
311,fs310,ls310,93
312,fs311,ls311,15
313,fs312,ls312,80
314,fs313,ls313,94
315,fs314,ls314,20
316,fs315,ls315,67
317,fs316,ls316,83
318,fs317,ls317,96
319,fs318,ls318,72
320,fs319,ls319,38
321,fs320,ls320,30
322,fs321,ls321,25
323,fs322,ls322,29
324,fs323,ls323,42
325,fs324,ls324,36
326,fs325,ls325,39
327,fs326,ls326,86
328,fs327,ls327,36
329,fs328,ls328,9
330,fs329,ls329,98
331,fs330,ls330,57
332,fs331,ls331,6
333,fs332,ls332,82
334,fs333,ls333,78
335,fs334,ls334,64
336,fs335,ls335,31
337,fs336,ls336,50
338,fs337,ls337,82
339,fs338,ls338,30
340,fs339,ls339,11
341,fs340,ls340,10
342,fs341,ls341,56
343,fs342,ls342,73
344,fs343,ls343,23
345,fs344,ls344,63
346,fs345,ls345,67
347,fs346,ls346,23
348,fs347,ls347,63
349,fs348,ls348,17
350,fs349,ls349,93
351,fs350,ls350,22
352,fs351,ls351,7
353,fs352,ls352,57
354,fs353,ls353,90
355,fs354,ls354,87
356,fs355,ls355,18
357,fs356,ls356,70
358,fs357,ls357,60
359,fs358,ls358,98
360,fs359,ls359,10
361,fs360,ls360,26
362,fs361,ls361,16
363,fs362,ls362,80
364,fs363,ls363,68
365,fs364,ls364,20
366,fs365,ls365,49
367,fs366,ls366,58
368,fs367,ls367,62
369,fs368,ls368,43
370,fs369,ls369,90
371,fs370,ls370,25
372,fs371,ls371,63
373,fs372,ls372,13
374,fs373,ls373,77
375,fs374,ls374,30
376,fs375,ls375,59
377,fs376,ls376,93
378,fs377,ls377,44
379,fs378,ls378,5
380,fs379,ls379,44
381,fs380,ls380,19
382,fs381,ls381,93
383,fs382,ls382,17
384,fs383,ls383,79
385,fs384,ls384,46
386,fs385,ls385,18
387,fs386,ls386,52
388,fs387,ls387,19
389,fs388,ls388,13
390,fs389,ls389,72
391,fs390,ls390,16
392,fs391,ls391,41
393,fs392,ls392,38
394,fs393,ls393,10
395,fs394,ls394,10
396,fs395,ls395,81
397,fs396,ls396,94
398,fs397,ls397,83
399,fs398,ls398,58
400,fs399,ls399,57
401,fs400,ls400,96
402,fs401,ls401,22
403,fs402,ls402,81
404,fs403,ls403,45
405,fs404,ls404,35
406,fs405,ls405,76
407,fs406,ls406,40
408,fs407,ls407,37
409,fs408,ls408,44
410,fs409,ls409,55
411,fs410,ls410,88
412,fs411,ls411,47
413,fs412,ls412,51
414,fs413,ls413,99
415,fs414,ls414,50
416,fs415,ls415,39
417,fs416,ls416,32
418,fs417,ls417,41
419,fs418,ls418,57
420,fs419,ls419,79
421,fs420,ls420,95
422,fs421,ls421,70
423,fs422,ls422,37
424,fs423,ls423,40
425,fs424,ls424,95
426,fs425,ls425,19
427,fs426,ls426,97
428,fs427,ls427,48
429,fs428,ls428,20
430,fs429,ls429,54
431,fs430,ls430,96
432,fs431,ls431,69
433,fs432,ls432,10
434,fs433,ls433,91
435,fs434,ls434,65
436,fs435,ls435,5
437,fs436,ls436,80
438,fs437,ls437,57
439,fs438,ls438,43
440,fs439,ls439,88
441,fs440,ls440,24
442,fs441,ls441,61
443,fs442,ls442,10
444,fs443,ls443,83
445,fs444,ls444,11
446,fs445,ls445,24
447,fs446,ls446,47
448,fs447,ls447,50
449,fs448,ls448,19
450,fs449,ls449,62
451,fs450,ls450,36
452,fs451,ls451,63
453,fs452,ls452,46
454,fs453,ls453,58
455,fs454,ls454,98
456,fs455,ls455,33
457,fs456,ls456,56
458,fs457,ls457,99
459,fs458,ls458,39
460,fs459,ls459,57
461,fs460,ls460,19
462,fs461,ls461,25
463,fs462,ls462,66
464,fs463,ls463,95
465,fs464,ls464,50
466,fs465,ls465,49
467,fs466,ls466,97
468,fs467,ls467,44
469,fs468,ls468,42
470,fs469,ls469,61
471,fs470,ls470,79
472,fs471,ls471,70
473,fs472,ls472,11
474,fs473,ls473,10
475,fs474,ls474,37
476,fs475,ls475,87
477,fs476,ls476,77
478,fs477,ls477,66
479,fs478,ls478,83
480,fs479,ls479,53
481,fs480,ls480,9
482,fs481,ls481,6
483,fs482,ls482,43
484,fs483,ls483,73
485,fs484,ls484,69
486,fs485,ls485,26
487,fs486,ls486,13
488,fs487,ls487,50
489,fs488,ls488,29
490,fs489,ls489,76
491,fs490,ls490,98
492,fs491,ls491,60
493,fs492,ls492,77
494,fs493,ls493,67
495,fs494,ls494,64
496,fs495,ls495,73
497,fs496,ls496,93
498,fs497,ls497,18
499,fs498,ls498,50
500,fs499,ls499,41
501,fs500,ls500,54
502,fs501,ls501,97
503,fs502,ls502,16
504,fs503,ls503,98
505,fs504,ls504,96
506,fs505,ls505,26
507,fs506,ls506,80
508,fs507,ls507,15
509,fs508,ls508,44
510,fs509,ls509,95
511,fs510,ls510,66
512,fs511,ls511,76
513,fs512,ls512,90
514,fs513,ls513,46
515,fs514,ls514,68
516,fs515,ls515,99
517,fs516,ls516,21
518,fs517,ls517,79
519,fs518,ls518,97
520,fs519,ls519,24
521,fs520,ls520,84
522,fs521,ls521,60
523,fs522,ls522,39
524,fs523,ls523,33
525,fs524,ls524,39
526,fs525,ls525,8
527,fs526,ls526,8
528,fs527,ls527,18
529,fs528,ls528,28
530,fs529,ls529,94
531,fs530,ls530,8
532,fs531,ls531,67
533,fs532,ls532,17
534,fs533,ls533,55
535,fs534,ls534,83
536,fs535,ls535,36
537,fs536,ls536,96
538,fs537,ls537,47
539,fs538,ls538,25
540,fs539,ls539,94
541,fs540,ls540,52
542,fs541,ls541,49
543,fs542,ls542,72
544,fs543,ls543,69
545,fs544,ls544,89
546,fs545,ls545,23
547,fs546,ls546,32
548,fs547,ls547,25
549,fs548,ls548,13
550,fs549,ls549,47
551,fs550,ls550,73
552,fs551,ls551,95
553,fs552,ls552,67
554,fs553,ls553,33
555,fs554,ls554,41
556,fs555,ls555,20
557,fs556,ls556,80
558,fs557,ls557,15
559,fs558,ls558,98
560,fs559,ls559,70
561,fs560,ls560,91
562,fs561,ls561,61
563,fs562,ls562,5
564,fs563,ls563,72
565,fs564,ls564,40
566,fs565,ls565,73
567,fs566,ls566,73
568,fs567,ls567,49
569,fs568,ls568,9
570,fs569,ls569,22
571,fs570,ls570,68
572,fs571,ls571,72
573,fs572,ls572,63
574,fs573,ls573,12
575,fs574,ls574,32
576,fs575,ls575,40
577,fs576,ls576,68
578,fs577,ls577,79
579,fs578,ls578,42
580,fs579,ls579,48
581,fs580,ls580,67
582,fs581,ls581,78
583,fs582,ls582,60
584,fs583,ls583,69
585,fs584,ls584,57
586,fs585,ls585,63
587,fs586,ls586,23
588,fs587,ls587,53
589,fs588,ls588,42
590,fs589,ls589,30
591,fs590,ls590,85
592,fs591,ls591,9
593,fs592,ls592,55
594,fs593,ls593,40
595,fs594,ls594,31
596,fs595,ls595,52
597,fs596,ls596,5
598,fs597,ls597,27
599,fs598,ls598,83
600,fs599,ls599,83
601,fs600,ls600,78
602,fs601,ls601,20
603,fs602,ls602,66
604,fs603,ls603,14
605,fs604,ls604,8
606,fs605,ls605,97
607,fs606,ls606,79
608,fs607,ls607,61
609,fs608,ls608,46
610,fs609,ls609,65
611,fs610,ls610,99
612,fs611,ls611,61
613,fs612,ls612,89
614,fs613,ls613,85
615,fs614,ls614,63
616,fs615,ls615,5
617,fs616,ls616,36
618,fs617,ls617,12
619,fs618,ls618,33
620,fs619,ls619,77
621,fs620,ls620,67
622,fs621,ls621,64
623,fs622,ls622,66
624,fs623,ls623,36
625,fs624,ls624,7
626,fs625,ls625,85
627,fs626,ls626,78
628,fs627,ls627,60
629,fs628,ls628,16
630,fs629,ls629,71
631,fs630,ls630,94
632,fs631,ls631,19
633,fs632,ls632,17
634,fs633,ls633,38
635,fs634,ls634,40
636,fs635,ls635,51
637,fs636,ls636,42
638,fs637,ls637,46
639,fs638,ls638,69
640,fs639,ls639,50
641,fs640,ls640,95
642,fs641,ls641,43
643,fs642,ls642,32
644,fs643,ls643,43
645,fs644,ls644,55
646,fs645,ls645,12
647,fs646,ls646,32
648,fs647,ls647,9
649,fs648,ls648,13
650,fs649,ls649,96
651,fs650,ls650,66
652,fs651,ls651,79
653,fs652,ls652,22
654,fs653,ls653,55
655,fs654,ls654,15
656,fs655,ls655,32
657,fs656,ls656,68
658,fs657,ls657,88
659,fs658,ls658,43
660,fs659,ls659,42
661,fs660,ls660,40
662,fs661,ls661,80
663,fs662,ls662,82
664,fs663,ls663,7
665,fs664,ls664,33
666,fs665,ls665,88
667,fs666,ls666,78
668,fs667,ls667,90
669,fs668,ls668,72
670,fs669,ls669,44
671,fs670,ls670,39
672,fs671,ls671,59
673,fs672,ls672,25
674,fs673,ls673,18
675,fs674,ls674,69
676,fs675,ls675,80
677,fs676,ls676,63
678,fs677,ls677,78
679,fs678,ls678,44
680,fs679,ls679,77
681,fs680,ls680,86
682,fs681,ls681,10
683,fs682,ls682,60
684,fs683,ls683,81
685,fs684,ls684,39
686,fs685,ls685,41
687,fs686,ls686,35
688,fs687,ls687,76
689,fs688,ls688,97
690,fs689,ls689,98
691,fs690,ls690,43
692,fs691,ls691,16
693,fs692,ls692,44
694,fs693,ls693,44
695,fs694,ls694,27
696,fs695,ls695,56
697,fs696,ls696,90
698,fs697,ls697,48
699,fs698,ls698,13
700,fs699,ls699,24
701,fs700,ls700,57
702,fs701,ls701,41
703,fs702,ls702,84
704,fs703,ls703,18
705,fs704,ls704,91
706,fs705,ls705,6
707,fs706,ls706,86
708,fs707,ls707,40
709,fs708,ls708,22
710,fs709,ls709,37
711,fs710,ls710,37
712,fs711,ls711,97
713,fs712,ls712,38
714,fs713,ls713,56
715,fs714,ls714,50
716,fs715,ls715,16
717,fs716,ls716,22
718,fs717,ls717,8
719,fs718,ls718,83
720,fs719,ls719,79
721,fs720,ls720,60
722,fs721,ls721,42
723,fs722,ls722,28
724,fs723,ls723,86
725,fs724,ls724,14
726,fs725,ls725,63
727,fs726,ls726,97
728,fs727,ls727,52
729,fs728,ls728,45
730,fs729,ls729,73
731,fs730,ls730,76
732,fs731,ls731,43
733,fs732,ls732,15
734,fs733,ls733,33
735,fs734,ls734,29
736,fs735,ls735,94
737,fs736,ls736,10
738,fs737,ls737,76
739,fs738,ls738,50
740,fs739,ls739,78
741,fs740,ls740,32
742,fs741,ls741,15
743,fs742,ls742,23
744,fs743,ls743,22
745,fs744,ls744,86
746,fs745,ls745,84
747,fs746,ls746,78
748,fs747,ls747,26
749,fs748,ls748,30
750,fs749,ls749,38
751,fs750,ls750,78
752,fs751,ls751,17
753,fs752,ls752,83
754,fs753,ls753,84
755,fs754,ls754,86
756,fs755,ls755,88
757,fs756,ls756,41
758,fs757,ls757,92
759,fs758,ls758,43
760,fs759,ls759,33
761,fs760,ls760,6
762,fs761,ls761,60
763,fs762,ls762,43
764,fs763,ls763,26
765,fs764,ls764,89
766,fs765,ls765,51
767,fs766,ls766,54
768,fs767,ls767,25
769,fs768,ls768,64
770,fs769,ls769,62
771,fs770,ls770,6
772,fs771,ls771,67
773,fs772,ls772,76
774,fs773,ls773,38
775,fs774,ls774,89
776,fs775,ls775,86
777,fs776,ls776,60
778,fs777,ls777,30
779,fs778,ls778,39
780,fs779,ls779,59
781,fs780,ls780,87
782,fs781,ls781,34
783,fs782,ls782,98
784,fs783,ls783,19
785,fs784,ls784,85
786,fs785,ls785,66
787,fs786,ls786,39
788,fs787,ls787,44
789,fs788,ls788,67
790,fs789,ls789,39
791,fs790,ls790,27
792,fs791,ls791,92
793,fs792,ls792,41
794,fs793,ls793,11
795,fs794,ls794,55
796,fs795,ls795,38
797,fs796,ls796,65
798,fs797,ls797,42
799,fs798,ls798,40
800,fs799,ls799,90
801,fs800,ls800,68
802,fs801,ls801,23
803,fs802,ls802,35
804,fs803,ls803,26
805,fs804,ls804,16
806,fs805,ls805,25
807,fs806,ls806,41
808,fs807,ls807,26
809,fs808,ls808,13
810,fs809,ls809,14
811,fs810,ls810,8
812,fs811,ls811,81
813,fs812,ls812,36
814,fs813,ls813,20
815,fs814,ls814,93
816,fs815,ls815,44
817,fs816,ls816,52
818,fs817,ls817,27
819,fs818,ls818,94
820,fs819,ls819,79
821,fs820,ls820,95
822,fs821,ls821,59
823,fs822,ls822,31
824,fs823,ls823,79
825,fs824,ls824,50
826,fs825,ls825,58
827,fs826,ls826,79
828,fs827,ls827,12
829,fs828,ls828,31
830,fs829,ls829,64
831,fs830,ls830,63
832,fs831,ls831,42
833,fs832,ls832,5
834,fs833,ls833,32
835,fs834,ls834,33
836,fs835,ls835,8
837,fs836,ls836,14
838,fs837,ls837,60
839,fs838,ls838,9
840,fs839,ls839,80
841,fs840,ls840,71
842,fs841,ls841,38
843,fs842,ls842,37
844,fs843,ls843,54
845,fs844,ls844,24
846,fs845,ls845,25
847,fs846,ls846,98
848,fs847,ls847,25
849,fs848,ls848,47
850,fs849,ls849,34
851,fs850,ls850,87
852,fs851,ls851,93
853,fs852,ls852,6
854,fs853,ls853,38
855,fs854,ls854,20
856,fs855,ls855,86
857,fs856,ls856,79
858,fs857,ls857,68
859,fs858,ls858,75
860,fs859,ls859,76
861,fs860,ls860,42
862,fs861,ls861,73
863,fs862,ls862,46
864,fs863,ls863,63
865,fs864,ls864,74
866,fs865,ls865,45
867,fs866,ls866,58
868,fs867,ls867,18
869,fs868,ls868,40
870,fs869,ls869,42
871,fs870,ls870,23
872,fs871,ls871,28
873,fs872,ls872,70
874,fs873,ls873,38
875,fs874,ls874,80
876,fs875,ls875,75
877,fs876,ls876,20
878,fs877,ls877,82
879,fs878,ls878,60
880,fs879,ls879,76
881,fs880,ls880,37
882,fs881,ls881,14
883,fs882,ls882,46
884,fs883,ls883,42
885,fs884,ls884,61
886,fs885,ls885,86
887,fs886,ls886,10
888,fs887,ls887,32
889,fs888,ls888,96
890,fs889,ls889,53
891,fs890,ls890,32
892,fs891,ls891,93
893,fs892,ls892,37
894,fs893,ls893,52
895,fs894,ls894,48
896,fs895,ls895,47
897,fs896,ls896,60
898,fs897,ls897,7
899,fs898,ls898,75
900,fs899,ls899,52
901,fs900,ls900,57
902,fs901,ls901,71
903,fs902,ls902,60
904,fs903,ls903,94
905,fs904,ls904,41
906,fs905,ls905,96
907,fs906,ls906,16
908,fs907,ls907,97
909,fs908,ls908,77
910,fs909,ls909,27
911,fs910,ls910,11
912,fs911,ls911,6
913,fs912,ls912,8
914,fs913,ls913,55
915,fs914,ls914,65
916,fs915,ls915,38
917,fs916,ls916,58
918,fs917,ls917,70
919,fs918,ls918,25
920,fs919,ls919,55
921,fs920,ls920,82
922,fs921,ls921,25
923,fs922,ls922,56
924,fs923,ls923,65
925,fs924,ls924,98
926,fs925,ls925,97
927,fs926,ls926,70
928,fs927,ls927,31
929,fs928,ls928,45
930,fs929,ls929,80
931,fs930,ls930,97
932,fs931,ls931,79
933,fs932,ls932,27
934,fs933,ls933,37
935,fs934,ls934,18
936,fs935,ls935,11
937,fs936,ls936,50
938,fs937,ls937,40
939,fs938,ls938,48
940,fs939,ls939,28
941,fs940,ls940,69
942,fs941,ls941,56
943,fs942,ls942,19
944,fs943,ls943,14
945,fs944,ls944,65
946,fs945,ls945,37
947,fs946,ls946,65
948,fs947,ls947,41
949,fs948,ls948,75
950,fs949,ls949,43
951,fs950,ls950,20
952,fs951,ls951,31
953,fs952,ls952,66
954,fs953,ls953,27
955,fs954,ls954,97
956,fs955,ls955,70
957,fs956,ls956,10
958,fs957,ls957,83
959,fs958,ls958,14
960,fs959,ls959,75
961,fs960,ls960,51
962,fs961,ls961,11
963,fs962,ls962,93
964,fs963,ls963,52
965,fs964,ls964,54
966,fs965,ls965,99
967,fs966,ls966,8
968,fs967,ls967,90
969,fs968,ls968,74
970,fs969,ls969,95
971,fs970,ls970,85
972,fs971,ls971,34
973,fs972,ls972,90
974,fs973,ls973,73
975,fs974,ls974,42
976,fs975,ls975,43
977,fs976,ls976,7
978,fs977,ls977,28
979,fs978,ls978,20
980,fs979,ls979,80
981,fs980,ls980,17
982,fs981,ls981,32
983,fs982,ls982,58
984,fs983,ls983,20
985,fs984,ls984,11
986,fs985,ls985,57
987,fs986,ls986,63
988,fs987,ls987,6
989,fs988,ls988,48
990,fs989,ls989,68
991,fs990,ls990,31
992,fs991,ls991,12
993,fs992,ls992,92
994,fs993,ls993,38
995,fs994,ls994,52
996,fs995,ls995,38
997,fs996,ls996,79
998,fs997,ls997,78
999,fs998,ls998,37
1000,fs999,ls999,82
1001,fs1000,ls1000,35
1002,fs1001,ls1001,96
1003,fs1002,ls1002,85
1004,fs1003,ls1003,29
1005,fs1004,ls1004,11
1006,fs1005,ls1005,99
1007,fs1006,ls1006,21
1008,fs1007,ls1007,99
1009,fs1008,ls1008,14
1010,fs1009,ls1009,47
1011,fs1010,ls1010,26
1012,fs1011,ls1011,43
1013,fs1012,ls1012,99
1014,fs1013,ls1013,51
1015,fs1014,ls1014,62
1016,fs1015,ls1015,17
1017,fs1016,ls1016,34
1018,fs1017,ls1017,80
1019,fs1018,ls1018,53
1020,fs1019,ls1019,96
1021,fs1020,ls1020,74
1022,fs1021,ls1021,36
1023,fs1022,ls1022,22
1024,fs1023,ls1023,56
1025,fs1024,ls1024,15
1026,fs1025,ls1025,14
1027,fs1026,ls1026,65
1028,fs1027,ls1027,25
1029,fs1028,ls1028,66
1030,fs1029,ls1029,26
1031,fs1030,ls1030,80
1032,fs1031,ls1031,66
1033,fs1032,ls1032,41
1034,fs1033,ls1033,89
1035,fs1034,ls1034,65
1036,fs1035,ls1035,95
1037,fs1036,ls1036,60
1038,fs1037,ls1037,85
1039,fs1038,ls1038,63
1040,fs1039,ls1039,52
1041,fs1040,ls1040,23
1042,fs1041,ls1041,50
1043,fs1042,ls1042,95
1044,fs1043,ls1043,39
1045,fs1044,ls1044,86
1046,fs1045,ls1045,66
1047,fs1046,ls1046,83
1048,fs1047,ls1047,63
1049,fs1048,ls1048,35
1050,fs1049,ls1049,92
1051,fs1050,ls1050,59
1052,fs1051,ls1051,81
1053,fs1052,ls1052,74
1054,fs1053,ls1053,79
1055,fs1054,ls1054,62
1056,fs1055,ls1055,90
1057,fs1056,ls1056,16
1058,fs1057,ls1057,43
1059,fs1058,ls1058,96
1060,fs1059,ls1059,76
1061,fs1060,ls1060,90
1062,fs1061,ls1061,9
1063,fs1062,ls1062,12
1064,fs1063,ls1063,90
1065,fs1064,ls1064,49
1066,fs1065,ls1065,17
1067,fs1066,ls1066,31
1068,fs1067,ls1067,73
1069,fs1068,ls1068,27
1070,fs1069,ls1069,57
1071,fs1070,ls1070,70
1072,fs1071,ls1071,61
1073,fs1072,ls1072,13
1074,fs1073,ls1073,23
1075,fs1074,ls1074,60
1076,fs1075,ls1075,27
1077,fs1076,ls1076,45
1078,fs1077,ls1077,84
1079,fs1078,ls1078,33
1080,fs1079,ls1079,6
1081,fs1080,ls1080,42
1082,fs1081,ls1081,37
1083,fs1082,ls1082,50
1084,fs1083,ls1083,10
1085,fs1084,ls1084,69
1086,fs1085,ls1085,49
1087,fs1086,ls1086,72
1088,fs1087,ls1087,70
1089,fs1088,ls1088,30
1090,fs1089,ls1089,65
1091,fs1090,ls1090,31
1092,fs1091,ls1091,47
1093,fs1092,ls1092,52
1094,fs1093,ls1093,84
1095,fs1094,ls1094,29
1096,fs1095,ls1095,95
1097,fs1096,ls1096,89
1098,fs1097,ls1097,91
1099,fs1098,ls1098,11
1100,fs1099,ls1099,25
1101,fs1100,ls1100,59
1102,fs1101,ls1101,48
1103,fs1102,ls1102,18
1104,fs1103,ls1103,28
1105,fs1104,ls1104,97
1106,fs1105,ls1105,21
1107,fs1106,ls1106,70
1108,fs1107,ls1107,64
1109,fs1108,ls1108,95
1110,fs1109,ls1109,70
1111,fs1110,ls1110,65
1112,fs1111,ls1111,46
1113,fs1112,ls1112,79
1114,fs1113,ls1113,34
1115,fs1114,ls1114,95
1116,fs1115,ls1115,60
1117,fs1116,ls1116,76
1118,fs1117,ls1117,33
1119,fs1118,ls1118,30
1120,fs1119,ls1119,69
1121,fs1120,ls1120,15
1122,fs1121,ls1121,89
1123,fs1122,ls1122,96
1124,fs1123,ls1123,62
1125,fs1124,ls1124,56
1126,fs1125,ls1125,58
1127,fs1126,ls1126,14
1128,fs1127,ls1127,69
1129,fs1128,ls1128,82
1130,fs1129,ls1129,15
1131,fs1130,ls1130,44
1132,fs1131,ls1131,5
1133,fs1132,ls1132,53
1134,fs1133,ls1133,75
1135,fs1134,ls1134,98
1136,fs1135,ls1135,64
1137,fs1136,ls1136,5
1138,fs1137,ls1137,26
1139,fs1138,ls1138,86
1140,fs1139,ls1139,39
1141,fs1140,ls1140,17
1142,fs1141,ls1141,73
1143,fs1142,ls1142,17
1144,fs1143,ls1143,69
1145,fs1144,ls1144,10
1146,fs1145,ls1145,28
1147,fs1146,ls1146,39
1148,fs1147,ls1147,46
1149,fs1148,ls1148,64
1150,fs1149,ls1149,99
1151,fs1150,ls1150,7
1152,fs1151,ls1151,9
1153,fs1152,ls1152,5
1154,fs1153,ls1153,89
1155,fs1154,ls1154,27
1156,fs1155,ls1155,28
1157,fs1156,ls1156,69
1158,fs1157,ls1157,54
1159,fs1158,ls1158,74
1160,fs1159,ls1159,83
1161,fs1160,ls1160,30
1162,fs1161,ls1161,34
1163,fs1162,ls1162,30
1164,fs1163,ls1163,15
1165,fs1164,ls1164,74
1166,fs1165,ls1165,33
1167,fs1166,ls1166,70
1168,fs1167,ls1167,30
1169,fs1168,ls1168,72
1170,fs1169,ls1169,28
1171,fs1170,ls1170,67
1172,fs1171,ls1171,82
1173,fs1172,ls1172,14
1174,fs1173,ls1173,58
1175,fs1174,ls1174,67
1176,fs1175,ls1175,54
1177,fs1176,ls1176,29
1178,fs1177,ls1177,29
1179,fs1178,ls1178,68
1180,fs1179,ls1179,70
1181,fs1180,ls1180,51
1182,fs1181,ls1181,64
1183,fs1182,ls1182,98
1184,fs1183,ls1183,98
1185,fs1184,ls1184,5
1186,fs1185,ls1185,68
1187,fs1186,ls1186,85
1188,fs1187,ls1187,38
1189,fs1188,ls1188,29
1190,fs1189,ls1189,22
1191,fs1190,ls1190,10
1192,fs1191,ls1191,57
1193,fs1192,ls1192,25
1194,fs1193,ls1193,90
1195,fs1194,ls1194,39
1196,fs1195,ls1195,43
1197,fs1196,ls1196,88
1198,fs1197,ls1197,96
1199,fs1198,ls1198,32
1200,fs1199,ls1199,47
1201,fs1200,ls1200,70
1202,fs1201,ls1201,25
1203,fs1202,ls1202,94
1204,fs1203,ls1203,11
1205,fs1204,ls1204,83
1206,fs1205,ls1205,54
1207,fs1206,ls1206,97
1208,fs1207,ls1207,88
1209,fs1208,ls1208,12
1210,fs1209,ls1209,76
1211,fs1210,ls1210,78
1212,fs1211,ls1211,10
1213,fs1212,ls1212,11
1214,fs1213,ls1213,78
1215,fs1214,ls1214,58
1216,fs1215,ls1215,42
1217,fs1216,ls1216,32
1218,fs1217,ls1217,16
1219,fs1218,ls1218,12
1220,fs1219,ls1219,54
1221,fs1220,ls1220,53
1222,fs1221,ls1221,82
1223,fs1222,ls1222,18
1224,fs1223,ls1223,27
1225,fs1224,ls1224,50
1226,fs1225,ls1225,93
1227,fs1226,ls1226,60
1228,fs1227,ls1227,30
1229,fs1228,ls1228,91
1230,fs1229,ls1229,21
1231,fs1230,ls1230,19
1232,fs1231,ls1231,67
1233,fs1232,ls1232,9
1234,fs1233,ls1233,97
1235,fs1234,ls1234,95
1236,fs1235,ls1235,46
1237,fs1236,ls1236,83
1238,fs1237,ls1237,84
1239,fs1238,ls1238,69
1240,fs1239,ls1239,19
1241,fs1240,ls1240,7
1242,fs1241,ls1241,25
1243,fs1242,ls1242,8
1244,fs1243,ls1243,68
1245,fs1244,ls1244,94
1246,fs1245,ls1245,80
1247,fs1246,ls1246,77
1248,fs1247,ls1247,11
1249,fs1248,ls1248,45
1250,fs1249,ls1249,23
1251,fs1250,ls1250,52
1252,fs1251,ls1251,44
1253,fs1252,ls1252,46
1254,fs1253,ls1253,18
1255,fs1254,ls1254,89
1256,fs1255,ls1255,30
1257,fs1256,ls1256,33
1258,fs1257,ls1257,52
1259,fs1258,ls1258,64
1260,fs1259,ls1259,77
1261,fs1260,ls1260,32
1262,fs1261,ls1261,60
1263,fs1262,ls1262,99
1264,fs1263,ls1263,9
1265,fs1264,ls1264,25
1266,fs1265,ls1265,26
1267,fs1266,ls1266,25
1268,fs1267,ls1267,25
1269,fs1268,ls1268,80
1270,fs1269,ls1269,31
1271,fs1270,ls1270,34
1272,fs1271,ls1271,54
1273,fs1272,ls1272,46
1274,fs1273,ls1273,19
1275,fs1274,ls1274,31
1276,fs1275,ls1275,8
1277,fs1276,ls1276,72
1278,fs1277,ls1277,11
1279,fs1278,ls1278,39
1280,fs1279,ls1279,31
1281,fs1280,ls1280,44
1282,fs1281,ls1281,55
1283,fs1282,ls1282,18
1284,fs1283,ls1283,81
1285,fs1284,ls1284,57
1286,fs1285,ls1285,34
1287,fs1286,ls1286,84
1288,fs1287,ls1287,13
1289,fs1288,ls1288,27
1290,fs1289,ls1289,16
1291,fs1290,ls1290,74
1292,fs1291,ls1291,7
1293,fs1292,ls1292,7
1294,fs1293,ls1293,6
1295,fs1294,ls1294,83
1296,fs1295,ls1295,71
1297,fs1296,ls1296,9
1298,fs1297,ls1297,57
1299,fs1298,ls1298,26
1300,fs1299,ls1299,24
1301,fs1300,ls1300,86
1302,fs1301,ls1301,70
1303,fs1302,ls1302,7
1304,fs1303,ls1303,54
1305,fs1304,ls1304,35
1306,fs1305,ls1305,29
1307,fs1306,ls1306,59
1308,fs1307,ls1307,76
1309,fs1308,ls1308,10
1310,fs1309,ls1309,41
1311,fs1310,ls1310,50
1312,fs1311,ls1311,64
1313,fs1312,ls1312,53
1314,fs1313,ls1313,65
1315,fs1314,ls1314,62
1316,fs1315,ls1315,24
1317,fs1316,ls1316,96
1318,fs1317,ls1317,96
1319,fs1318,ls1318,41
1320,fs1319,ls1319,57
1321,fs1320,ls1320,69
1322,fs1321,ls1321,7
1323,fs1322,ls1322,53
1324,fs1323,ls1323,79
1325,fs1324,ls1324,21
1326,fs1325,ls1325,40
1327,fs1326,ls1326,71
1328,fs1327,ls1327,22
1329,fs1328,ls1328,85
1330,fs1329,ls1329,10
1331,fs1330,ls1330,20
1332,fs1331,ls1331,33
1333,fs1332,ls1332,88
1334,fs1333,ls1333,20
1335,fs1334,ls1334,91
1336,fs1335,ls1335,13
1337,fs1336,ls1336,20
1338,fs1337,ls1337,43
1339,fs1338,ls1338,5
1340,fs1339,ls1339,87
1341,fs1340,ls1340,24
1342,fs1341,ls1341,31
1343,fs1342,ls1342,64
1344,fs1343,ls1343,85
1345,fs1344,ls1344,87
1346,fs1345,ls1345,35
1347,fs1346,ls1346,63
1348,fs1347,ls1347,76
1349,fs1348,ls1348,20
1350,fs1349,ls1349,74
1351,fs1350,ls1350,42
1352,fs1351,ls1351,56
1353,fs1352,ls1352,31
1354,fs1353,ls1353,98
1355,fs1354,ls1354,27
1356,fs1355,ls1355,59
1357,fs1356,ls1356,57
1358,fs1357,ls1357,53
1359,fs1358,ls1358,11
1360,fs1359,ls1359,91
1361,fs1360,ls1360,25
1362,fs1361,ls1361,83
1363,fs1362,ls1362,88
1364,fs1363,ls1363,67
1365,fs1364,ls1364,15
1366,fs1365,ls1365,33
1367,fs1366,ls1366,91
1368,fs1367,ls1367,42
1369,fs1368,ls1368,33
1370,fs1369,ls1369,82
1371,fs1370,ls1370,5
1372,fs1371,ls1371,92
1373,fs1372,ls1372,71
1374,fs1373,ls1373,94
1375,fs1374,ls1374,49
1376,fs1375,ls1375,63
1377,fs1376,ls1376,11
1378,fs1377,ls1377,63
1379,fs1378,ls1378,96
1380,fs1379,ls1379,6
1381,fs1380,ls1380,62
1382,fs1381,ls1381,14
1383,fs1382,ls1382,48
1384,fs1383,ls1383,84
1385,fs1384,ls1384,66
1386,fs1385,ls1385,9
1387,fs1386,ls1386,58
1388,fs1387,ls1387,13
1389,fs1388,ls1388,40
1390,fs1389,ls1389,58
1391,fs1390,ls1390,63
1392,fs1391,ls1391,84
1393,fs1392,ls1392,39
1394,fs1393,ls1393,89
1395,fs1394,ls1394,63
1396,fs1395,ls1395,98
1397,fs1396,ls1396,78
1398,fs1397,ls1397,27
1399,fs1398,ls1398,16
1400,fs1399,ls1399,9
1401,fs1400,ls1400,62
1402,fs1401,ls1401,66
1403,fs1402,ls1402,73
1404,fs1403,ls1403,84
1405,fs1404,ls1404,92
1406,fs1405,ls1405,64
1407,fs1406,ls1406,42
1408,fs1407,ls1407,76
1409,fs1408,ls1408,46
1410,fs1409,ls1409,85
1411,fs1410,ls1410,86
1412,fs1411,ls1411,18
1413,fs1412,ls1412,99
1414,fs1413,ls1413,20
1415,fs1414,ls1414,72
1416,fs1415,ls1415,17
1417,fs1416,ls1416,60
1418,fs1417,ls1417,40
1419,fs1418,ls1418,43
1420,fs1419,ls1419,80
1421,fs1420,ls1420,44
1422,fs1421,ls1421,19
1423,fs1422,ls1422,35
1424,fs1423,ls1423,86
1425,fs1424,ls1424,52
1426,fs1425,ls1425,7
1427,fs1426,ls1426,36
1428,fs1427,ls1427,82
1429,fs1428,ls1428,38
1430,fs1429,ls1429,31
1431,fs1430,ls1430,97
1432,fs1431,ls1431,7
1433,fs1432,ls1432,63
1434,fs1433,ls1433,27
1435,fs1434,ls1434,23
1436,fs1435,ls1435,55
1437,fs1436,ls1436,52
1438,fs1437,ls1437,43
1439,fs1438,ls1438,51
1440,fs1439,ls1439,98
1441,fs1440,ls1440,27
1442,fs1441,ls1441,35
1443,fs1442,ls1442,24
1444,fs1443,ls1443,82
1445,fs1444,ls1444,58
1446,fs1445,ls1445,66
1447,fs1446,ls1446,54
1448,fs1447,ls1447,87
1449,fs1448,ls1448,41
1450,fs1449,ls1449,40
1451,fs1450,ls1450,81
1452,fs1451,ls1451,27
1453,fs1452,ls1452,79
1454,fs1453,ls1453,83
1455,fs1454,ls1454,79
1456,fs1455,ls1455,65
1457,fs1456,ls1456,69
1458,fs1457,ls1457,95
1459,fs1458,ls1458,24
1460,fs1459,ls1459,47
1461,fs1460,ls1460,17
1462,fs1461,ls1461,46
1463,fs1462,ls1462,27
1464,fs1463,ls1463,57
1465,fs1464,ls1464,14
1466,fs1465,ls1465,64
1467,fs1466,ls1466,98
1468,fs1467,ls1467,52
1469,fs1468,ls1468,25
1470,fs1469,ls1469,82
1471,fs1470,ls1470,5
1472,fs1471,ls1471,98
1473,fs1472,ls1472,68
1474,fs1473,ls1473,68
1475,fs1474,ls1474,73
1476,fs1475,ls1475,95
1477,fs1476,ls1476,25
1478,fs1477,ls1477,10
1479,fs1478,ls1478,17
1480,fs1479,ls1479,92
1481,fs1480,ls1480,45
1482,fs1481,ls1481,90
1483,fs1482,ls1482,74
1484,fs1483,ls1483,45
1485,fs1484,ls1484,11
1486,fs1485,ls1485,53
1487,fs1486,ls1486,29
1488,fs1487,ls1487,42
1489,fs1488,ls1488,25
1490,fs1489,ls1489,90
1491,fs1490,ls1490,84
1492,fs1491,ls1491,46
1493,fs1492,ls1492,20
1494,fs1493,ls1493,33
1495,fs1494,ls1494,8
1496,fs1495,ls1495,18
1497,fs1496,ls1496,21
1498,fs1497,ls1497,29
1499,fs1498,ls1498,93
1500,fs1499,ls1499,66
1501,fs1500,ls1500,38
1502,fs1501,ls1501,57
1503,fs1502,ls1502,37
1504,fs1503,ls1503,15
1505,fs1504,ls1504,67
1506,fs1505,ls1505,94
1507,fs1506,ls1506,74
1508,fs1507,ls1507,96
1509,fs1508,ls1508,90
1510,fs1509,ls1509,75
1511,fs1510,ls1510,57
1512,fs1511,ls1511,41
1513,fs1512,ls1512,66
1514,fs1513,ls1513,73
1515,fs1514,ls1514,10
1516,fs1515,ls1515,91
1517,fs1516,ls1516,66
1518,fs1517,ls1517,50
1519,fs1518,ls1518,88
1520,fs1519,ls1519,42
1521,fs1520,ls1520,56
1522,fs1521,ls1521,33
1523,fs1522,ls1522,6
1524,fs1523,ls1523,32
1525,fs1524,ls1524,5
1526,fs1525,ls1525,66
1527,fs1526,ls1526,31
1528,fs1527,ls1527,84
1529,fs1528,ls1528,54
1530,fs1529,ls1529,81
1531,fs1530,ls1530,85
1532,fs1531,ls1531,38
1533,fs1532,ls1532,30
1534,fs1533,ls1533,64
1535,fs1534,ls1534,35
1536,fs1535,ls1535,17
1537,fs1536,ls1536,63
1538,fs1537,ls1537,5
1539,fs1538,ls1538,61
1540,fs1539,ls1539,97
1541,fs1540,ls1540,9
1542,fs1541,ls1541,97
1543,fs1542,ls1542,6
1544,fs1543,ls1543,41
1545,fs1544,ls1544,32
1546,fs1545,ls1545,81
1547,fs1546,ls1546,86
1548,fs1547,ls1547,22
1549,fs1548,ls1548,38
1550,fs1549,ls1549,77
1551,fs1550,ls1550,15
1552,fs1551,ls1551,70
1553,fs1552,ls1552,94
1554,fs1553,ls1553,25
1555,fs1554,ls1554,11
1556,fs1555,ls1555,97
1557,fs1556,ls1556,27
1558,fs1557,ls1557,14
1559,fs1558,ls1558,14
1560,fs1559,ls1559,90
1561,fs1560,ls1560,98
1562,fs1561,ls1561,11
1563,fs1562,ls1562,62
1564,fs1563,ls1563,12
1565,fs1564,ls1564,61
1566,fs1565,ls1565,15
1567,fs1566,ls1566,21
1568,fs1567,ls1567,16
1569,fs1568,ls1568,85
1570,fs1569,ls1569,66
1571,fs1570,ls1570,86
1572,fs1571,ls1571,83
1573,fs1572,ls1572,42
1574,fs1573,ls1573,86
1575,fs1574,ls1574,58
1576,fs1575,ls1575,81
1577,fs1576,ls1576,8
1578,fs1577,ls1577,59
1579,fs1578,ls1578,40
1580,fs1579,ls1579,29
1581,fs1580,ls1580,26
1582,fs1581,ls1581,53
1583,fs1582,ls1582,80
1584,fs1583,ls1583,29
1585,fs1584,ls1584,18
1586,fs1585,ls1585,12
1587,fs1586,ls1586,5
1588,fs1587,ls1587,56
1589,fs1588,ls1588,63
1590,fs1589,ls1589,32
1591,fs1590,ls1590,47
1592,fs1591,ls1591,12
1593,fs1592,ls1592,12
1594,fs1593,ls1593,91
1595,fs1594,ls1594,87
1596,fs1595,ls1595,82
1597,fs1596,ls1596,38
1598,fs1597,ls1597,95
1599,fs1598,ls1598,68
1600,fs1599,ls1599,88
1601,fs1600,ls1600,33
1602,fs1601,ls1601,11
1603,fs1602,ls1602,29
1604,fs1603,ls1603,92
1605,fs1604,ls1604,71
1606,fs1605,ls1605,90
1607,fs1606,ls1606,18
1608,fs1607,ls1607,90
1609,fs1608,ls1608,98
1610,fs1609,ls1609,30
1611,fs1610,ls1610,86
1612,fs1611,ls1611,85
1613,fs1612,ls1612,46
1614,fs1613,ls1613,61
1615,fs1614,ls1614,10
1616,fs1615,ls1615,76
1617,fs1616,ls1616,6
1618,fs1617,ls1617,93
1619,fs1618,ls1618,40
1620,fs1619,ls1619,68
1621,fs1620,ls1620,82
1622,fs1621,ls1621,21
1623,fs1622,ls1622,89
1624,fs1623,ls1623,79
1625,fs1624,ls1624,25
1626,fs1625,ls1625,48
1627,fs1626,ls1626,37
1628,fs1627,ls1627,66
1629,fs1628,ls1628,97
1630,fs1629,ls1629,8
1631,fs1630,ls1630,38
1632,fs1631,ls1631,29
1633,fs1632,ls1632,83
1634,fs1633,ls1633,23
1635,fs1634,ls1634,39
1636,fs1635,ls1635,67
1637,fs1636,ls1636,68
1638,fs1637,ls1637,5
1639,fs1638,ls1638,17
1640,fs1639,ls1639,24
1641,fs1640,ls1640,77
1642,fs1641,ls1641,32
1643,fs1642,ls1642,18
1644,fs1643,ls1643,64
1645,fs1644,ls1644,91
1646,fs1645,ls1645,55
1647,fs1646,ls1646,6
1648,fs1647,ls1647,47
1649,fs1648,ls1648,97
1650,fs1649,ls1649,53
1651,fs1650,ls1650,12
1652,fs1651,ls1651,67
1653,fs1652,ls1652,66
1654,fs1653,ls1653,5
1655,fs1654,ls1654,81
1656,fs1655,ls1655,16
1657,fs1656,ls1656,75
1658,fs1657,ls1657,8
1659,fs1658,ls1658,56
1660,fs1659,ls1659,24
1661,fs1660,ls1660,18
1662,fs1661,ls1661,34
1663,fs1662,ls1662,57
1664,fs1663,ls1663,10
1665,fs1664,ls1664,61
1666,fs1665,ls1665,25
1667,fs1666,ls1666,85
1668,fs1667,ls1667,96
1669,fs1668,ls1668,31
1670,fs1669,ls1669,34
1671,fs1670,ls1670,45
1672,fs1671,ls1671,80
1673,fs1672,ls1672,36
1674,fs1673,ls1673,97
1675,fs1674,ls1674,16
1676,fs1675,ls1675,97
1677,fs1676,ls1676,28
1678,fs1677,ls1677,40
1679,fs1678,ls1678,32
1680,fs1679,ls1679,55
1681,fs1680,ls1680,84
1682,fs1681,ls1681,6
1683,fs1682,ls1682,78
1684,fs1683,ls1683,32
1685,fs1684,ls1684,74
1686,fs1685,ls1685,55
1687,fs1686,ls1686,44
1688,fs1687,ls1687,83
1689,fs1688,ls1688,83
1690,fs1689,ls1689,52
1691,fs1690,ls1690,34
1692,fs1691,ls1691,56
1693,fs1692,ls1692,19
1694,fs1693,ls1693,71
1695,fs1694,ls1694,67
1696,fs1695,ls1695,37
1697,fs1696,ls1696,43
1698,fs1697,ls1697,11
1699,fs1698,ls1698,74
1700,fs1699,ls1699,27
1701,fs1700,ls1700,70
1702,fs1701,ls1701,20
1703,fs1702,ls1702,57
1704,fs1703,ls1703,33
1705,fs1704,ls1704,66
1706,fs1705,ls1705,37
1707,fs1706,ls1706,13
1708,fs1707,ls1707,55
1709,fs1708,ls1708,37
1710,fs1709,ls1709,21
1711,fs1710,ls1710,39
1712,fs1711,ls1711,72
1713,fs1712,ls1712,67
1714,fs1713,ls1713,42
1715,fs1714,ls1714,61
1716,fs1715,ls1715,89
1717,fs1716,ls1716,47
1718,fs1717,ls1717,49
1719,fs1718,ls1718,37
1720,fs1719,ls1719,29
1721,fs1720,ls1720,93
1722,fs1721,ls1721,24
1723,fs1722,ls1722,47
1724,fs1723,ls1723,32
1725,fs1724,ls1724,96
1726,fs1725,ls1725,46
1727,fs1726,ls1726,60
1728,fs1727,ls1727,71
1729,fs1728,ls1728,72
1730,fs1729,ls1729,18
1731,fs1730,ls1730,55
1732,fs1731,ls1731,40
1733,fs1732,ls1732,50
1734,fs1733,ls1733,55
1735,fs1734,ls1734,76
1736,fs1735,ls1735,77
1737,fs1736,ls1736,85
1738,fs1737,ls1737,68
1739,fs1738,ls1738,93
1740,fs1739,ls1739,78
1741,fs1740,ls1740,95
1742,fs1741,ls1741,29
1743,fs1742,ls1742,59
1744,fs1743,ls1743,18
1745,fs1744,ls1744,69
1746,fs1745,ls1745,25
1747,fs1746,ls1746,40
1748,fs1747,ls1747,77
1749,fs1748,ls1748,38
1750,fs1749,ls1749,59
1751,fs1750,ls1750,11
1752,fs1751,ls1751,98
1753,fs1752,ls1752,87
1754,fs1753,ls1753,5
1755,fs1754,ls1754,57
1756,fs1755,ls1755,88
1757,fs1756,ls1756,50
1758,fs1757,ls1757,50
1759,fs1758,ls1758,85
1760,fs1759,ls1759,90
1761,fs1760,ls1760,46
1762,fs1761,ls1761,50
1763,fs1762,ls1762,5
1764,fs1763,ls1763,75
1765,fs1764,ls1764,54
1766,fs1765,ls1765,34
1767,fs1766,ls1766,31
1768,fs1767,ls1767,46
1769,fs1768,ls1768,51
1770,fs1769,ls1769,51
1771,fs1770,ls1770,76
1772,fs1771,ls1771,87
1773,fs1772,ls1772,50
1774,fs1773,ls1773,38
1775,fs1774,ls1774,50
1776,fs1775,ls1775,69
1777,fs1776,ls1776,54
1778,fs1777,ls1777,67
1779,fs1778,ls1778,6
1780,fs1779,ls1779,44
1781,fs1780,ls1780,71
1782,fs1781,ls1781,5
1783,fs1782,ls1782,83
1784,fs1783,ls1783,9
1785,fs1784,ls1784,21
1786,fs1785,ls1785,76
1787,fs1786,ls1786,19
1788,fs1787,ls1787,87
1789,fs1788,ls1788,84
1790,fs1789,ls1789,44
1791,fs1790,ls1790,45
1792,fs1791,ls1791,97
1793,fs1792,ls1792,81
1794,fs1793,ls1793,59
1795,fs1794,ls1794,65
1796,fs1795,ls1795,21
1797,fs1796,ls1796,89
1798,fs1797,ls1797,50
1799,fs1798,ls1798,92
1800,fs1799,ls1799,99
1801,fs1800,ls1800,21
1802,fs1801,ls1801,47
1803,fs1802,ls1802,98
1804,fs1803,ls1803,54
1805,fs1804,ls1804,37
1806,fs1805,ls1805,20
1807,fs1806,ls1806,70
1808,fs1807,ls1807,99
1809,fs1808,ls1808,24
1810,fs1809,ls1809,84
1811,fs1810,ls1810,98
1812,fs1811,ls1811,11
1813,fs1812,ls1812,30
1814,fs1813,ls1813,67
1815,fs1814,ls1814,55
1816,fs1815,ls1815,58
1817,fs1816,ls1816,21
1818,fs1817,ls1817,14
1819,fs1818,ls1818,89
1820,fs1819,ls1819,12
1821,fs1820,ls1820,16
1822,fs1821,ls1821,57
1823,fs1822,ls1822,12
1824,fs1823,ls1823,35
1825,fs1824,ls1824,20
1826,fs1825,ls1825,59
1827,fs1826,ls1826,60
1828,fs1827,ls1827,76
1829,fs1828,ls1828,72
1830,fs1829,ls1829,81
1831,fs1830,ls1830,25
1832,fs1831,ls1831,5
1833,fs1832,ls1832,20
1834,fs1833,ls1833,7
1835,fs1834,ls1834,99
1836,fs1835,ls1835,32
1837,fs1836,ls1836,64
1838,fs1837,ls1837,49
1839,fs1838,ls1838,62
1840,fs1839,ls1839,48
1841,fs1840,ls1840,21
1842,fs1841,ls1841,87
1843,fs1842,ls1842,50
1844,fs1843,ls1843,94
1845,fs1844,ls1844,26
1846,fs1845,ls1845,29
1847,fs1846,ls1846,94
1848,fs1847,ls1847,66
1849,fs1848,ls1848,8
1850,fs1849,ls1849,33
1851,fs1850,ls1850,39
1852,fs1851,ls1851,48
1853,fs1852,ls1852,41
1854,fs1853,ls1853,11
1855,fs1854,ls1854,20
1856,fs1855,ls1855,31
1857,fs1856,ls1856,55
1858,fs1857,ls1857,40
1859,fs1858,ls1858,48
1860,fs1859,ls1859,72
1861,fs1860,ls1860,34
1862,fs1861,ls1861,41
1863,fs1862,ls1862,70
1864,fs1863,ls1863,41
1865,fs1864,ls1864,5
1866,fs1865,ls1865,69
1867,fs1866,ls1866,12
1868,fs1867,ls1867,12
1869,fs1868,ls1868,10
1870,fs1869,ls1869,33
1871,fs1870,ls1870,7
1872,fs1871,ls1871,26
1873,fs1872,ls1872,68
1874,fs1873,ls1873,19
1875,fs1874,ls1874,22
1876,fs1875,ls1875,69
1877,fs1876,ls1876,21
1878,fs1877,ls1877,97
1879,fs1878,ls1878,60
1880,fs1879,ls1879,89
1881,fs1880,ls1880,28
1882,fs1881,ls1881,20
1883,fs1882,ls1882,11
1884,fs1883,ls1883,7
1885,fs1884,ls1884,49
1886,fs1885,ls1885,44
1887,fs1886,ls1886,75
1888,fs1887,ls1887,50
1889,fs1888,ls1888,63
1890,fs1889,ls1889,42
1891,fs1890,ls1890,39
1892,fs1891,ls1891,8
1893,fs1892,ls1892,74
1894,fs1893,ls1893,53
1895,fs1894,ls1894,20
1896,fs1895,ls1895,42
1897,fs1896,ls1896,92
1898,fs1897,ls1897,11
1899,fs1898,ls1898,56
1900,fs1899,ls1899,50
1901,fs1900,ls1900,35
1902,fs1901,ls1901,63
1903,fs1902,ls1902,68
1904,fs1903,ls1903,14
1905,fs1904,ls1904,58
1906,fs1905,ls1905,48
1907,fs1906,ls1906,36
1908,fs1907,ls1907,45
1909,fs1908,ls1908,56
1910,fs1909,ls1909,8
1911,fs1910,ls1910,87
1912,fs1911,ls1911,99
1913,fs1912,ls1912,50
1914,fs1913,ls1913,53
1915,fs1914,ls1914,5
1916,fs1915,ls1915,93
1917,fs1916,ls1916,10
1918,fs1917,ls1917,91
1919,fs1918,ls1918,17
1920,fs1919,ls1919,56
1921,fs1920,ls1920,81
1922,fs1921,ls1921,46
1923,fs1922,ls1922,82
1924,fs1923,ls1923,62
1925,fs1924,ls1924,49
1926,fs1925,ls1925,9
1927,fs1926,ls1926,29
1928,fs1927,ls1927,7
1929,fs1928,ls1928,70
1930,fs1929,ls1929,98
1931,fs1930,ls1930,61
1932,fs1931,ls1931,5
1933,fs1932,ls1932,98
1934,fs1933,ls1933,22
1935,fs1934,ls1934,45
1936,fs1935,ls1935,60
1937,fs1936,ls1936,24
1938,fs1937,ls1937,45
1939,fs1938,ls1938,94
1940,fs1939,ls1939,67
1941,fs1940,ls1940,31
1942,fs1941,ls1941,45
1943,fs1942,ls1942,15
1944,fs1943,ls1943,62
1945,fs1944,ls1944,9
1946,fs1945,ls1945,23
1947,fs1946,ls1946,11
1948,fs1947,ls1947,63
1949,fs1948,ls1948,48
1950,fs1949,ls1949,41
1951,fs1950,ls1950,71
1952,fs1951,ls1951,38
1953,fs1952,ls1952,64
1954,fs1953,ls1953,40
1955,fs1954,ls1954,86
1956,fs1955,ls1955,87
1957,fs1956,ls1956,52
1958,fs1957,ls1957,75
1959,fs1958,ls1958,7
1960,fs1959,ls1959,30
1961,fs1960,ls1960,35
1962,fs1961,ls1961,23
1963,fs1962,ls1962,6
1964,fs1963,ls1963,24
1965,fs1964,ls1964,61
1966,fs1965,ls1965,79
1967,fs1966,ls1966,96
1968,fs1967,ls1967,71
1969,fs1968,ls1968,55
1970,fs1969,ls1969,38
1971,fs1970,ls1970,8
1972,fs1971,ls1971,41
1973,fs1972,ls1972,55
1974,fs1973,ls1973,82
1975,fs1974,ls1974,69
1976,fs1975,ls1975,96
1977,fs1976,ls1976,18
1978,fs1977,ls1977,55
1979,fs1978,ls1978,82
1980,fs1979,ls1979,90
1981,fs1980,ls1980,81
1982,fs1981,ls1981,49
1983,fs1982,ls1982,32
1984,fs1983,ls1983,57
1985,fs1984,ls1984,92
1986,fs1985,ls1985,20
1987,fs1986,ls1986,67
1988,fs1987,ls1987,59
1989,fs1988,ls1988,64
1990,fs1989,ls1989,17
1991,fs1990,ls1990,31
1992,fs1991,ls1991,61
1993,fs1992,ls1992,7
1994,fs1993,ls1993,93
1995,fs1994,ls1994,50
1996,fs1995,ls1995,93
1997,fs1996,ls1996,94
1998,fs1997,ls1997,84
1999,fs1998,ls1998,64
2000,fs1999,ls1999,37
2001,fs2000,ls2000,92
2002,fs2001,ls2001,56
2003,fs2002,ls2002,61
2004,fs2003,ls2003,9
2005,fs2004,ls2004,35
2006,fs2005,ls2005,89
2007,fs2006,ls2006,81
2008,fs2007,ls2007,87
2009,fs2008,ls2008,32
2010,fs2009,ls2009,21
2011,fs2010,ls2010,61
2012,fs2011,ls2011,35
2013,fs2012,ls2012,44
2014,fs2013,ls2013,96
2015,fs2014,ls2014,87
2016,fs2015,ls2015,84
2017,fs2016,ls2016,11
2018,fs2017,ls2017,56
2019,fs2018,ls2018,63
2020,fs2019,ls2019,20
2021,fs2020,ls2020,79
2022,fs2021,ls2021,6
2023,fs2022,ls2022,26
2024,fs2023,ls2023,42
2025,fs2024,ls2024,99
2026,fs2025,ls2025,75
2027,fs2026,ls2026,53
2028,fs2027,ls2027,92
2029,fs2028,ls2028,16
2030,fs2029,ls2029,6
2031,fs2030,ls2030,36
2032,fs2031,ls2031,98
2033,fs2032,ls2032,32
2034,fs2033,ls2033,44
2035,fs2034,ls2034,62
2036,fs2035,ls2035,18
2037,fs2036,ls2036,65
2038,fs2037,ls2037,32
2039,fs2038,ls2038,28
2040,fs2039,ls2039,32
2041,fs2040,ls2040,51
2042,fs2041,ls2041,51
2043,fs2042,ls2042,59
2044,fs2043,ls2043,21
2045,fs2044,ls2044,99
2046,fs2045,ls2045,49
2047,fs2046,ls2046,97
2048,fs2047,ls2047,34
2049,fs2048,ls2048,34
2050,fs2049,ls2049,40
2051,fs2050,ls2050,45
2052,fs2051,ls2051,48
2053,fs2052,ls2052,92
2054,fs2053,ls2053,70
2055,fs2054,ls2054,12
2056,fs2055,ls2055,27
2057,fs2056,ls2056,58
2058,fs2057,ls2057,11
2059,fs2058,ls2058,63
2060,fs2059,ls2059,51
2061,fs2060,ls2060,73
2062,fs2061,ls2061,87
2063,fs2062,ls2062,52
2064,fs2063,ls2063,90
2065,fs2064,ls2064,50
2066,fs2065,ls2065,80
2067,fs2066,ls2066,83
2068,fs2067,ls2067,42
2069,fs2068,ls2068,42
2070,fs2069,ls2069,9
2071,fs2070,ls2070,47
2072,fs2071,ls2071,96
2073,fs2072,ls2072,5
2074,fs2073,ls2073,12
2075,fs2074,ls2074,68
2076,fs2075,ls2075,59
2077,fs2076,ls2076,10
2078,fs2077,ls2077,5
2079,fs2078,ls2078,49
2080,fs2079,ls2079,80
2081,fs2080,ls2080,40
2082,fs2081,ls2081,84
2083,fs2082,ls2082,12
2084,fs2083,ls2083,67
2085,fs2084,ls2084,72
2086,fs2085,ls2085,46
2087,fs2086,ls2086,53
2088,fs2087,ls2087,27
2089,fs2088,ls2088,30
2090,fs2089,ls2089,90
2091,fs2090,ls2090,83
2092,fs2091,ls2091,55
2093,fs2092,ls2092,46
2094,fs2093,ls2093,61
2095,fs2094,ls2094,36
2096,fs2095,ls2095,31
2097,fs2096,ls2096,55
2098,fs2097,ls2097,46
2099,fs2098,ls2098,98
2100,fs2099,ls2099,26
2101,fs2100,ls2100,11
2102,fs2101,ls2101,50
2103,fs2102,ls2102,76
2104,fs2103,ls2103,31
2105,fs2104,ls2104,30
2106,fs2105,ls2105,20
2107,fs2106,ls2106,64
2108,fs2107,ls2107,47
2109,fs2108,ls2108,49
2110,fs2109,ls2109,72
2111,fs2110,ls2110,71
2112,fs2111,ls2111,74
2113,fs2112,ls2112,75
2114,fs2113,ls2113,93
2115,fs2114,ls2114,16
2116,fs2115,ls2115,5
2117,fs2116,ls2116,90
2118,fs2117,ls2117,44
2119,fs2118,ls2118,11
2120,fs2119,ls2119,84
2121,fs2120,ls2120,48
2122,fs2121,ls2121,97
2123,fs2122,ls2122,97
2124,fs2123,ls2123,97
2125,fs2124,ls2124,78
2126,fs2125,ls2125,48
2127,fs2126,ls2126,79
2128,fs2127,ls2127,43
2129,fs2128,ls2128,89
2130,fs2129,ls2129,98
2131,fs2130,ls2130,88
2132,fs2131,ls2131,15
2133,fs2132,ls2132,35
2134,fs2133,ls2133,26
2135,fs2134,ls2134,63
2136,fs2135,ls2135,80
2137,fs2136,ls2136,45
2138,fs2137,ls2137,27
2139,fs2138,ls2138,80
2140,fs2139,ls2139,31
2141,fs2140,ls2140,45
2142,fs2141,ls2141,43
2143,fs2142,ls2142,16
2144,fs2143,ls2143,53
2145,fs2144,ls2144,10
2146,fs2145,ls2145,93
2147,fs2146,ls2146,71
2148,fs2147,ls2147,61
2149,fs2148,ls2148,25
2150,fs2149,ls2149,46
2151,fs2150,ls2150,27
2152,fs2151,ls2151,11
2153,fs2152,ls2152,37
2154,fs2153,ls2153,97
2155,fs2154,ls2154,69
2156,fs2155,ls2155,76
2157,fs2156,ls2156,19
2158,fs2157,ls2157,26
2159,fs2158,ls2158,43
2160,fs2159,ls2159,17
2161,fs2160,ls2160,96
2162,fs2161,ls2161,67
2163,fs2162,ls2162,47
2164,fs2163,ls2163,10
2165,fs2164,ls2164,43
2166,fs2165,ls2165,47
2167,fs2166,ls2166,90
2168,fs2167,ls2167,76
2169,fs2168,ls2168,99
2170,fs2169,ls2169,95
2171,fs2170,ls2170,37
2172,fs2171,ls2171,11
2173,fs2172,ls2172,37
2174,fs2173,ls2173,61
2175,fs2174,ls2174,5
2176,fs2175,ls2175,49
2177,fs2176,ls2176,91
2178,fs2177,ls2177,41
2179,fs2178,ls2178,85
2180,fs2179,ls2179,70
2181,fs2180,ls2180,49
2182,fs2181,ls2181,32
2183,fs2182,ls2182,72
2184,fs2183,ls2183,60
2185,fs2184,ls2184,45
2186,fs2185,ls2185,25
2187,fs2186,ls2186,5
2188,fs2187,ls2187,74
2189,fs2188,ls2188,93
2190,fs2189,ls2189,22
2191,fs2190,ls2190,24
2192,fs2191,ls2191,51
2193,fs2192,ls2192,57
2194,fs2193,ls2193,63
2195,fs2194,ls2194,53
2196,fs2195,ls2195,9
2197,fs2196,ls2196,45
2198,fs2197,ls2197,23
2199,fs2198,ls2198,53
2200,fs2199,ls2199,87
2201,fs2200,ls2200,37
2202,fs2201,ls2201,30
2203,fs2202,ls2202,89
2204,fs2203,ls2203,54
2205,fs2204,ls2204,54
2206,fs2205,ls2205,27
2207,fs2206,ls2206,17
2208,fs2207,ls2207,90
2209,fs2208,ls2208,36
2210,fs2209,ls2209,30
2211,fs2210,ls2210,19
2212,fs2211,ls2211,43
2213,fs2212,ls2212,43
2214,fs2213,ls2213,88
2215,fs2214,ls2214,8
2216,fs2215,ls2215,73
2217,fs2216,ls2216,37
2218,fs2217,ls2217,65
2219,fs2218,ls2218,54
2220,fs2219,ls2219,65
2221,fs2220,ls2220,9
2222,fs2221,ls2221,69
2223,fs2222,ls2222,33
2224,fs2223,ls2223,93
2225,fs2224,ls2224,91
2226,fs2225,ls2225,69
2227,fs2226,ls2226,23
2228,fs2227,ls2227,22
2229,fs2228,ls2228,55
2230,fs2229,ls2229,75
2231,fs2230,ls2230,48
2232,fs2231,ls2231,72
2233,fs2232,ls2232,15
2234,fs2233,ls2233,73
2235,fs2234,ls2234,20
2236,fs2235,ls2235,43
2237,fs2236,ls2236,76
2238,fs2237,ls2237,31
2239,fs2238,ls2238,63
2240,fs2239,ls2239,71
2241,fs2240,ls2240,46
2242,fs2241,ls2241,20
2243,fs2242,ls2242,14
2244,fs2243,ls2243,65
2245,fs2244,ls2244,76
2246,fs2245,ls2245,61
2247,fs2246,ls2246,37
2248,fs2247,ls2247,5
2249,fs2248,ls2248,95
2250,fs2249,ls2249,54
2251,fs2250,ls2250,99
2252,fs2251,ls2251,17
2253,fs2252,ls2252,83
2254,fs2253,ls2253,70
2255,fs2254,ls2254,45
2256,fs2255,ls2255,90
2257,fs2256,ls2256,72
2258,fs2257,ls2257,25
2259,fs2258,ls2258,79
2260,fs2259,ls2259,67
2261,fs2260,ls2260,29
2262,fs2261,ls2261,72
2263,fs2262,ls2262,72
2264,fs2263,ls2263,95
2265,fs2264,ls2264,36
2266,fs2265,ls2265,30
2267,fs2266,ls2266,53
2268,fs2267,ls2267,27
2269,fs2268,ls2268,49
2270,fs2269,ls2269,85
2271,fs2270,ls2270,23
2272,fs2271,ls2271,13
2273,fs2272,ls2272,38
2274,fs2273,ls2273,59
2275,fs2274,ls2274,89
2276,fs2275,ls2275,70
2277,fs2276,ls2276,63
2278,fs2277,ls2277,32
2279,fs2278,ls2278,31
2280,fs2279,ls2279,77
2281,fs2280,ls2280,63
2282,fs2281,ls2281,85
2283,fs2282,ls2282,73
2284,fs2283,ls2283,17
2285,fs2284,ls2284,22
2286,fs2285,ls2285,17
2287,fs2286,ls2286,15
2288,fs2287,ls2287,27
2289,fs2288,ls2288,23
2290,fs2289,ls2289,78
2291,fs2290,ls2290,84
2292,fs2291,ls2291,64
2293,fs2292,ls2292,25
2294,fs2293,ls2293,87
2295,fs2294,ls2294,82
2296,fs2295,ls2295,45
2297,fs2296,ls2296,30
2298,fs2297,ls2297,25
2299,fs2298,ls2298,57
2300,fs2299,ls2299,5
2301,fs2300,ls2300,78
2302,fs2301,ls2301,72
2303,fs2302,ls2302,85
2304,fs2303,ls2303,93
2305,fs2304,ls2304,97
2306,fs2305,ls2305,71
2307,fs2306,ls2306,14
2308,fs2307,ls2307,21
2309,fs2308,ls2308,74
2310,fs2309,ls2309,49
2311,fs2310,ls2310,40
2312,fs2311,ls2311,20
2313,fs2312,ls2312,39
2314,fs2313,ls2313,45
2315,fs2314,ls2314,30
2316,fs2315,ls2315,72
2317,fs2316,ls2316,62
2318,fs2317,ls2317,22
2319,fs2318,ls2318,39
2320,fs2319,ls2319,79
2321,fs2320,ls2320,56
2322,fs2321,ls2321,50
2323,fs2322,ls2322,45
2324,fs2323,ls2323,19
2325,fs2324,ls2324,28
2326,fs2325,ls2325,73
2327,fs2326,ls2326,68
2328,fs2327,ls2327,38
2329,fs2328,ls2328,5
2330,fs2329,ls2329,91
2331,fs2330,ls2330,74
2332,fs2331,ls2331,43
2333,fs2332,ls2332,77
2334,fs2333,ls2333,10
2335,fs2334,ls2334,84
2336,fs2335,ls2335,23
2337,fs2336,ls2336,14
2338,fs2337,ls2337,65
2339,fs2338,ls2338,49
2340,fs2339,ls2339,73
2341,fs2340,ls2340,88
2342,fs2341,ls2341,47
2343,fs2342,ls2342,66
2344,fs2343,ls2343,74
2345,fs2344,ls2344,75
2346,fs2345,ls2345,48
2347,fs2346,ls2346,66
2348,fs2347,ls2347,89
2349,fs2348,ls2348,21
2350,fs2349,ls2349,55
2351,fs2350,ls2350,67
2352,fs2351,ls2351,84
2353,fs2352,ls2352,62
2354,fs2353,ls2353,24
2355,fs2354,ls2354,36
2356,fs2355,ls2355,20
2357,fs2356,ls2356,53
2358,fs2357,ls2357,46
2359,fs2358,ls2358,5
2360,fs2359,ls2359,12
2361,fs2360,ls2360,98
2362,fs2361,ls2361,53
2363,fs2362,ls2362,21
2364,fs2363,ls2363,76
2365,fs2364,ls2364,6
2366,fs2365,ls2365,75
2367,fs2366,ls2366,52
2368,fs2367,ls2367,22
2369,fs2368,ls2368,87
2370,fs2369,ls2369,52
2371,fs2370,ls2370,39
2372,fs2371,ls2371,16
2373,fs2372,ls2372,54
2374,fs2373,ls2373,97
2375,fs2374,ls2374,49
2376,fs2375,ls2375,38
2377,fs2376,ls2376,25
2378,fs2377,ls2377,90
2379,fs2378,ls2378,80
2380,fs2379,ls2379,26
2381,fs2380,ls2380,16
2382,fs2381,ls2381,17
2383,fs2382,ls2382,59
2384,fs2383,ls2383,29
2385,fs2384,ls2384,82
2386,fs2385,ls2385,84
2387,fs2386,ls2386,55
2388,fs2387,ls2387,44
2389,fs2388,ls2388,6
2390,fs2389,ls2389,96
2391,fs2390,ls2390,62
2392,fs2391,ls2391,31
2393,fs2392,ls2392,94
2394,fs2393,ls2393,10
2395,fs2394,ls2394,62
2396,fs2395,ls2395,34
2397,fs2396,ls2396,33
2398,fs2397,ls2397,97
2399,fs2398,ls2398,5
2400,fs2399,ls2399,82
2401,fs2400,ls2400,85
2402,fs2401,ls2401,54
2403,fs2402,ls2402,23
2404,fs2403,ls2403,78
2405,fs2404,ls2404,48
2406,fs2405,ls2405,25
2407,fs2406,ls2406,19
2408,fs2407,ls2407,84
2409,fs2408,ls2408,48
2410,fs2409,ls2409,84
2411,fs2410,ls2410,77
2412,fs2411,ls2411,16
2413,fs2412,ls2412,83
2414,fs2413,ls2413,78
2415,fs2414,ls2414,25
2416,fs2415,ls2415,90
2417,fs2416,ls2416,99
2418,fs2417,ls2417,17
2419,fs2418,ls2418,92
2420,fs2419,ls2419,51
2421,fs2420,ls2420,44
2422,fs2421,ls2421,59
2423,fs2422,ls2422,39
2424,fs2423,ls2423,5
2425,fs2424,ls2424,62
2426,fs2425,ls2425,96
2427,fs2426,ls2426,56
2428,fs2427,ls2427,15
2429,fs2428,ls2428,39
2430,fs2429,ls2429,19
2431,fs2430,ls2430,98
2432,fs2431,ls2431,27
2433,fs2432,ls2432,89
2434,fs2433,ls2433,27
2435,fs2434,ls2434,55
2436,fs2435,ls2435,99
2437,fs2436,ls2436,39
2438,fs2437,ls2437,52
2439,fs2438,ls2438,59
2440,fs2439,ls2439,40
2441,fs2440,ls2440,87
2442,fs2441,ls2441,42
2443,fs2442,ls2442,93
2444,fs2443,ls2443,85
2445,fs2444,ls2444,36
2446,fs2445,ls2445,47
2447,fs2446,ls2446,40
2448,fs2447,ls2447,17
2449,fs2448,ls2448,69
2450,fs2449,ls2449,26
2451,fs2450,ls2450,97
2452,fs2451,ls2451,90
2453,fs2452,ls2452,91
2454,fs2453,ls2453,62
2455,fs2454,ls2454,18
2456,fs2455,ls2455,52
2457,fs2456,ls2456,60
2458,fs2457,ls2457,79
2459,fs2458,ls2458,43
2460,fs2459,ls2459,17
2461,fs2460,ls2460,30
2462,fs2461,ls2461,68
2463,fs2462,ls2462,85
2464,fs2463,ls2463,79
2465,fs2464,ls2464,5
2466,fs2465,ls2465,59
2467,fs2466,ls2466,51
2468,fs2467,ls2467,31
2469,fs2468,ls2468,76
2470,fs2469,ls2469,90
2471,fs2470,ls2470,15
2472,fs2471,ls2471,47
2473,fs2472,ls2472,53
2474,fs2473,ls2473,62
2475,fs2474,ls2474,5
2476,fs2475,ls2475,58
2477,fs2476,ls2476,16
2478,fs2477,ls2477,39
2479,fs2478,ls2478,58
2480,fs2479,ls2479,69
2481,fs2480,ls2480,55
2482,fs2481,ls2481,73
2483,fs2482,ls2482,87
2484,fs2483,ls2483,21
2485,fs2484,ls2484,66
2486,fs2485,ls2485,39
2487,fs2486,ls2486,30
2488,fs2487,ls2487,45
2489,fs2488,ls2488,86
2490,fs2489,ls2489,60
2491,fs2490,ls2490,22
2492,fs2491,ls2491,16
2493,fs2492,ls2492,57
2494,fs2493,ls2493,31
2495,fs2494,ls2494,7
2496,fs2495,ls2495,58
2497,fs2496,ls2496,7
2498,fs2497,ls2497,80
2499,fs2498,ls2498,55
2500,fs2499,ls2499,50
2501,fs2500,ls2500,41
2502,fs2501,ls2501,42
2503,fs2502,ls2502,97
2504,fs2503,ls2503,20
2505,fs2504,ls2504,41
2506,fs2505,ls2505,44
2507,fs2506,ls2506,59
2508,fs2507,ls2507,96
2509,fs2508,ls2508,35
2510,fs2509,ls2509,30
2511,fs2510,ls2510,18
2512,fs2511,ls2511,79
2513,fs2512,ls2512,90
2514,fs2513,ls2513,60
2515,fs2514,ls2514,55
2516,fs2515,ls2515,88
2517,fs2516,ls2516,9
2518,fs2517,ls2517,19
2519,fs2518,ls2518,25
2520,fs2519,ls2519,53
2521,fs2520,ls2520,52
2522,fs2521,ls2521,61
2523,fs2522,ls2522,60
2524,fs2523,ls2523,72
2525,fs2524,ls2524,77
2526,fs2525,ls2525,56
2527,fs2526,ls2526,93
2528,fs2527,ls2527,30
2529,fs2528,ls2528,89
2530,fs2529,ls2529,66
2531,fs2530,ls2530,12
2532,fs2531,ls2531,75
2533,fs2532,ls2532,62
2534,fs2533,ls2533,20
2535,fs2534,ls2534,27
2536,fs2535,ls2535,59
2537,fs2536,ls2536,71
2538,fs2537,ls2537,88
2539,fs2538,ls2538,67
2540,fs2539,ls2539,92
2541,fs2540,ls2540,13
2542,fs2541,ls2541,94
2543,fs2542,ls2542,24
2544,fs2543,ls2543,61
2545,fs2544,ls2544,17
2546,fs2545,ls2545,71
2547,fs2546,ls2546,74
2548,fs2547,ls2547,28
2549,fs2548,ls2548,72
2550,fs2549,ls2549,64
2551,fs2550,ls2550,37
2552,fs2551,ls2551,85
2553,fs2552,ls2552,56
2554,fs2553,ls2553,60
2555,fs2554,ls2554,71
2556,fs2555,ls2555,65
2557,fs2556,ls2556,69
2558,fs2557,ls2557,34
2559,fs2558,ls2558,19
2560,fs2559,ls2559,35
2561,fs2560,ls2560,95
2562,fs2561,ls2561,84
2563,fs2562,ls2562,37
2564,fs2563,ls2563,5
2565,fs2564,ls2564,92
2566,fs2565,ls2565,56
2567,fs2566,ls2566,65
2568,fs2567,ls2567,71
2569,fs2568,ls2568,9
2570,fs2569,ls2569,99
2571,fs2570,ls2570,96
2572,fs2571,ls2571,75
2573,fs2572,ls2572,96
2574,fs2573,ls2573,77
2575,fs2574,ls2574,97
2576,fs2575,ls2575,60
2577,fs2576,ls2576,93
2578,fs2577,ls2577,91
2579,fs2578,ls2578,83
2580,fs2579,ls2579,53
2581,fs2580,ls2580,91
2582,fs2581,ls2581,87
2583,fs2582,ls2582,53
2584,fs2583,ls2583,94
2585,fs2584,ls2584,39
2586,fs2585,ls2585,72
2587,fs2586,ls2586,86
2588,fs2587,ls2587,14
2589,fs2588,ls2588,85
2590,fs2589,ls2589,31
2591,fs2590,ls2590,77
2592,fs2591,ls2591,42
2593,fs2592,ls2592,48
2594,fs2593,ls2593,96
2595,fs2594,ls2594,66
2596,fs2595,ls2595,24
2597,fs2596,ls2596,81
2598,fs2597,ls2597,16
2599,fs2598,ls2598,32
2600,fs2599,ls2599,9
2601,fs2600,ls2600,38
2602,fs2601,ls2601,47
2603,fs2602,ls2602,7
2604,fs2603,ls2603,11
2605,fs2604,ls2604,44
2606,fs2605,ls2605,28
2607,fs2606,ls2606,63
2608,fs2607,ls2607,72
2609,fs2608,ls2608,68
2610,fs2609,ls2609,15
2611,fs2610,ls2610,72
2612,fs2611,ls2611,50
2613,fs2612,ls2612,41
2614,fs2613,ls2613,63
2615,fs2614,ls2614,83
2616,fs2615,ls2615,13
2617,fs2616,ls2616,71
2618,fs2617,ls2617,85
2619,fs2618,ls2618,97
2620,fs2619,ls2619,43
2621,fs2620,ls2620,95
2622,fs2621,ls2621,15
2623,fs2622,ls2622,68
2624,fs2623,ls2623,64
2625,fs2624,ls2624,22
2626,fs2625,ls2625,29
2627,fs2626,ls2626,49
2628,fs2627,ls2627,59
2629,fs2628,ls2628,75
2630,fs2629,ls2629,24
2631,fs2630,ls2630,36
2632,fs2631,ls2631,9
2633,fs2632,ls2632,60
2634,fs2633,ls2633,33
2635,fs2634,ls2634,48
2636,fs2635,ls2635,23
2637,fs2636,ls2636,61
2638,fs2637,ls2637,68
2639,fs2638,ls2638,76
2640,fs2639,ls2639,64
2641,fs2640,ls2640,80
2642,fs2641,ls2641,9
2643,fs2642,ls2642,72
2644,fs2643,ls2643,99
2645,fs2644,ls2644,81
2646,fs2645,ls2645,82
2647,fs2646,ls2646,31
2648,fs2647,ls2647,82
2649,fs2648,ls2648,74
2650,fs2649,ls2649,57
2651,fs2650,ls2650,84
2652,fs2651,ls2651,59
2653,fs2652,ls2652,15
2654,fs2653,ls2653,52
2655,fs2654,ls2654,87
2656,fs2655,ls2655,50
2657,fs2656,ls2656,78
2658,fs2657,ls2657,12
2659,fs2658,ls2658,24
2660,fs2659,ls2659,96
2661,fs2660,ls2660,90
2662,fs2661,ls2661,48
2663,fs2662,ls2662,64
2664,fs2663,ls2663,69
2665,fs2664,ls2664,50
2666,fs2665,ls2665,26
2667,fs2666,ls2666,98
2668,fs2667,ls2667,23
2669,fs2668,ls2668,17
2670,fs2669,ls2669,80
2671,fs2670,ls2670,62
2672,fs2671,ls2671,80
2673,fs2672,ls2672,31
2674,fs2673,ls2673,63
2675,fs2674,ls2674,58
2676,fs2675,ls2675,18
2677,fs2676,ls2676,22
2678,fs2677,ls2677,37
2679,fs2678,ls2678,16
2680,fs2679,ls2679,9
2681,fs2680,ls2680,90
2682,fs2681,ls2681,75
2683,fs2682,ls2682,8
2684,fs2683,ls2683,90
2685,fs2684,ls2684,93
2686,fs2685,ls2685,62
2687,fs2686,ls2686,6
2688,fs2687,ls2687,17
2689,fs2688,ls2688,8
2690,fs2689,ls2689,6
2691,fs2690,ls2690,90
2692,fs2691,ls2691,35
2693,fs2692,ls2692,47
2694,fs2693,ls2693,47
2695,fs2694,ls2694,24
2696,fs2695,ls2695,10
2697,fs2696,ls2696,32
2698,fs2697,ls2697,85
2699,fs2698,ls2698,37
2700,fs2699,ls2699,88
2701,fs2700,ls2700,17
2702,fs2701,ls2701,47
2703,fs2702,ls2702,49
2704,fs2703,ls2703,45
2705,fs2704,ls2704,51
2706,fs2705,ls2705,35
2707,fs2706,ls2706,59
2708,fs2707,ls2707,73
2709,fs2708,ls2708,71
2710,fs2709,ls2709,91
2711,fs2710,ls2710,31
2712,fs2711,ls2711,66
2713,fs2712,ls2712,39
2714,fs2713,ls2713,39
2715,fs2714,ls2714,44
2716,fs2715,ls2715,93
2717,fs2716,ls2716,93
2718,fs2717,ls2717,34
2719,fs2718,ls2718,43
2720,fs2719,ls2719,91
2721,fs2720,ls2720,11
2722,fs2721,ls2721,46
2723,fs2722,ls2722,13
2724,fs2723,ls2723,57
2725,fs2724,ls2724,20
2726,fs2725,ls2725,6
2727,fs2726,ls2726,18
2728,fs2727,ls2727,60
2729,fs2728,ls2728,88
2730,fs2729,ls2729,74
2731,fs2730,ls2730,45
2732,fs2731,ls2731,27
2733,fs2732,ls2732,79
2734,fs2733,ls2733,84
2735,fs2734,ls2734,16
2736,fs2735,ls2735,26
2737,fs2736,ls2736,95
2738,fs2737,ls2737,29
2739,fs2738,ls2738,12
2740,fs2739,ls2739,7
2741,fs2740,ls2740,11
2742,fs2741,ls2741,34
2743,fs2742,ls2742,46
2744,fs2743,ls2743,41
2745,fs2744,ls2744,39
2746,fs2745,ls2745,78
2747,fs2746,ls2746,20
2748,fs2747,ls2747,25
2749,fs2748,ls2748,17
2750,fs2749,ls2749,37
2751,fs2750,ls2750,47
2752,fs2751,ls2751,41
2753,fs2752,ls2752,49
2754,fs2753,ls2753,6
2755,fs2754,ls2754,98
2756,fs2755,ls2755,14
2757,fs2756,ls2756,67
2758,fs2757,ls2757,81
2759,fs2758,ls2758,5
2760,fs2759,ls2759,45
2761,fs2760,ls2760,79
2762,fs2761,ls2761,79
2763,fs2762,ls2762,76
2764,fs2763,ls2763,82
2765,fs2764,ls2764,77
2766,fs2765,ls2765,88
2767,fs2766,ls2766,62
2768,fs2767,ls2767,13
2769,fs2768,ls2768,70
2770,fs2769,ls2769,91
2771,fs2770,ls2770,60
2772,fs2771,ls2771,59
2773,fs2772,ls2772,75
2774,fs2773,ls2773,43
2775,fs2774,ls2774,43
2776,fs2775,ls2775,86
2777,fs2776,ls2776,14
2778,fs2777,ls2777,88
2779,fs2778,ls2778,79
2780,fs2779,ls2779,60
2781,fs2780,ls2780,89
2782,fs2781,ls2781,64
2783,fs2782,ls2782,58
2784,fs2783,ls2783,20
2785,fs2784,ls2784,71
2786,fs2785,ls2785,69
2787,fs2786,ls2786,57
2788,fs2787,ls2787,85
2789,fs2788,ls2788,54
2790,fs2789,ls2789,64
2791,fs2790,ls2790,56
2792,fs2791,ls2791,33
2793,fs2792,ls2792,80
2794,fs2793,ls2793,62
2795,fs2794,ls2794,33
2796,fs2795,ls2795,34
2797,fs2796,ls2796,46
2798,fs2797,ls2797,37
2799,fs2798,ls2798,67
2800,fs2799,ls2799,85
